:020000040800F2
:10000000C82300209D010008A5010008A7010008E1
:10001000A9010008AB010008AD01000800000000C4
:10002000000000000000000000000000AF01000818
:10003000B101000800000000B3010008B50100088C
:10004000B7010008B7010008B7010008B7010008B0
:10005000B7010008B7010008B7010008B7010008A0
:10006000B7010008B7010008992A0008B701000885
:10007000B7010008B7010008B7010008B701000880
:10008000B7010008B7010008B7010008B701000870
:10009000B7010008B7010008B7010008B701000860
:1000A0000143000825430008B7010008B701000814
:1000B000514300081D440008B7010008B7010008BB
:1000C000B7010008B7010008B7010008B701000830
:1000D000B701000899490008F5490008B701000870
:1000E000B7010008B7010008B7010008B701000810
:1000F000B7010008B7010008B7010008B701000800
:10010000B7010008B7010008B7010008B7010008EF
:1001100089490008B701000879440008A54400088F
:10012000B7010008B7010008B7010008B7010008CF
:10013000B7010008B7010008B7010008B7010008BF
:10014000B7010008B7010008B7010008B7010008AF
:10015000B7010008B7010008B7010008214B0008EB
:10016000B7010008B7010008B7010008B70100088F
:10017000B7010008B7010008B7010008B70100087F
:10018000B7010008B7010008DFF80CD000F076FCDA
:1001900000480047355E0008C82300200648804715
:1001A00006480047FEE7FEE7FEE7FEE7FEE7FEE75C
:1001B000FEE7FEE7FEE7FEE7994200088901000836
:1001C00000487047A492000810B50446FFF7F8FFF6
:1001D0000068005D00F0010010BD40EA01039B07CC
:1001E00003D009E008C9121F08C0042AFAD203E0AC
:1001F00011F8013B00F8013B521EF9D27047D2B210
:1002000001E000F8012B491EFBD270470022F6E7FF
:1002100010B513460A4604461946FFF7F0FF20467C
:1002200010BD421C10F8011B0029FBD1801A704739
:1002300010B5002200E0521C835C8C5CA34201D10B
:10024000002BF8D1D8B2E1B2401A10BD0FB400B5FE
:100250008DB010A909900B9000914FF0FF300A90DB
:1002600000200C9005480690054807906A4609A8AA
:100270000F9900F0D9FA0DB05DF814FB450800089D
:10028000630800082DE9FF5FD2E901A74FF00008DD
:10029000916999461446DDF838B04646019888477A
:1002A000054659EA0B0005D009E0A169761C0198C2
:1002B00088470546216A284688470028F5D1681CEA
:1002C00003D05FEACA7005D015E04FF0FF3004B0EC
:1002D000BDE8F09F2068011D2160D0F800800AE091
:1002E0005FEACA7001D108F8015BA169761C7F1E24
:1002F000019888470546002F1ADD681C18D0B9F10F
:10030000000F0DD0E81705EBD060421120F01F0060
:1003100059F822102A1A012090400142E0D107E04A
:10032000BBF1000FDCD1216A284688470028D7D0CE
:10033000E16901988847BBF1000F07D1002E05DD68
:100340005FEACA7002D1002188F80010A068B842A4
:1003500003DDBBF1000F03D017B16FF00100B6E76A
:100360003046B4E770B5064605F04CF8046805461B
:100370000A220021304600F085FA2C6070BD2DE97C
:10038000FE4F804681EA0300C00F0C46009021F02A
:10039000004123F00045B8EB0200A94105D24046D8
:1003A000214690461C460B46024623F0004010436F
:1003B00047D0270DC7F30A00C3F30A510290401A31
:1003C000019040286BDAC3F3130040F4801B0098BF
:1003D000924620B10023D2EB030A63EB0B0B01988A
:1003E0005946C0F14002504600F0D8F906460D4685
:1003F00050465946019A00F0F0F910EB08006141AF
:10040000002487EA115284EAE7731A4340D0009A25
:1004100062B3019A012A4FEA075215DC001B61EB17
:1004200002014FF0004202EA0752CDE90042001CEF
:1004300041F5801132462B4600F0A2FA03B0BDE828
:10044000F08F40462146F9E7001B61EB0201001CDA
:1004500041F5801300185B412018A2F5001747EB07
:10046000030140EAD570B6196D4111E06D084FEAFD
:10047000360645EAC0754FEA0752001B61EB0201E0
:10048000001C41F5801149084FEA30000019514124
:1004900032462B4603B0BDE8F04F00F062BA009838
:1004A000012240000023D0EB020263EBE0730098CE
:1004B00021464FEAE074B8EB000061EB0401E9E784
:1004C00083F000435BE781F0004158E72DE9FE4FE0
:1004D00081EA030404F0004421F0004100944FF04D
:1004E000000B23F0004350EA01045ED052EA0304FB
:1004F0005BD0C3F30A54C1F30A552C44A4F2F3347D
:100500000194A0FB0254C1F3130141F48011C3F321
:10051000130343F4801301FB024400FB034E840ADF
:10052000970A44EA815447EA8357A4FB0768029577
:100530008D0A05FB07854FEA932C04FB0C54270515
:10054000029D4FEA065847EA1637B5EB08056EEBF1
:10055000070C870E920E47EA811742EA8312A7FB27
:100560000201B6EB0B0164EB00042B0D43EA0C33E4
:100570005E1844EB1C50DA465146E7FB0201C5F316
:1005800013044FEA0B3343EA14534FEA0432019C3D
:1005900043EA0603A4F10C040294009CCDE900B4E4
:1005A00000F0EEF903B0BDE8F08F00200146F9E756
:1005B0002DE9F04D81EA030404F0004B21F00045E1
:1005C00014464FF0000A23F0004150EA050220D003
:1005D00054EA01021DD0C5F30A570246C5F31303BE
:1005E000C1F31300C1F30A5640F4801543F480139D
:1005F000A7EB0608101BD64608F2FD3873EB050082
:1006000002D308F1010801E092185B41B8F1000F34
:1006100003DA00200146BDE8F08D00204FF4801180
:10062000064684460EE0171B73EB050705D3121B25
:1006300063EB050306434CEA010C49084FEA30001E
:1006400092185B4150EA0107EDD152EA030012D043
:1006500082EA040083EA0501084305D0101BAB4180
:1006600006D20122002306E000224FF0004302E000
:100670006FF0010253101AEB06004CEB085110EB1F
:100680000A0041EB0B01BDE8F04D00F06AB90EB570
:10069000C10F80EAE0700844CA07002140F23343EA
:1006A0008DE80E000A460B4600F06AF903B000BD63
:1006B00000F0004230F000400AD0C10D01F5607139
:1006C000C0F3160042EA0151C208400711437047C7
:1006D00000200146704701F0004330B421F0004192
:1006E00050EA010206D00A0DA2F56072C1F31301AF
:1006F000002A02DC30BC00207047440F44EAC104E9
:10070000C100E01830BC00EBC25000F0F3B830B5C7
:100710000B46014600202022012409E021FA02F5BF
:100720009D4205D303FA02F5491B04FA02F5284459
:10073000151EA2F10102F1DC30BD2DE9F05F054686
:10074000002092469B4688460646814640241BE090
:10075000284641464746224600F02FF853465A465F
:10076000C01A914110D311461846224600F016F8DF
:100770002D1A67EB01084F4622460120002100F0A8
:100780000DF817EB00094E41201EA4F10104DFDC37
:10079000484631462A464346BDE8F09F202A04DBFE
:1007A000203A00FA02F1002070479140C2F1200384
:1007B00020FA03F3194390407047202A04DB203AC3
:1007C00021FA02F00021704721FA02F3D040C2F171
:1007D00020029140084319467047202A06DBCB17B8
:1007E000203A41FA02F043EAE07306E041FA02F3EC
:1007F000D040C2F1200291400843194670473A2880
:1008000000D2303820F02002412A01D3A2F1370073
:10081000884201D34FF0FF30704700000268114456
:100820001378016018467047D1600449516104494A
:10083000116200211161114600F032B91D08000853
:10084000C9010008426842B1016811F8013B23B1B7
:10085000521EC0E90012184670470121C160881E6F
:10086000704742685AB1C368016843B983688B42D4
:1008700005D0491E521CC0E90012002070474FF0FD
:10088000FF3070472DE9F04791460F4680460446F9
:10089000002614F8015B2DB1FFF792FC0068405D63
:1008A000C007F6D12B2D02D02D2D18D0641E4A463C
:1008B0003946204600F08AFA27B13968A14201D1B1
:1008C000C7F8008071054FF002040BD540420028A4
:1008D00003DD04F097FD0460A007BDE8F08746F44F
:1008E0008066E4E70028F8DA04F08CFD04606FF01D
:1008F0000040F2E70029A8BF7047401C490008BF2C
:1009000020F00100704710B4B0FA80FC00FA0CF03F
:1009100050EA010404BF10BC704749B1CCF1200477
:1009200021FA04F411FA0CF118BF01212143084304
:10093000A3EB0C01CB1D4FEA00614FEA102042BF30
:10094000002010BC704700EBC35010440029A4BF26
:1009500010BC7047401C490008BF20F0010010BCCB
:10096000704710B5141E73F1000408DA401C41F101
:10097000000192185B411A4301D120F0010010BD23
:100980002DE9F04D92469B4611B1B1FA81F202E099
:10099000B0FA80F220329046FFF700FF04460F467F
:1009A00040EA0A0041EA0B0153465A46084313D075
:1009B000114653EA010019D0C8F140025046FFF732
:1009C000FCFE05460E46504659464246FFF7E6FEF7
:1009D000084305D0012004E020463946BDE8F08DEB
:1009E0000020054346EAE0762C4337430A98630526
:1009F000E40AA0EB08000022FD0A44EA47540A304A
:100A000002D500200146E9E7010510196941DDE939
:100A1000084500196941BDE8F04DA2E7C1F30A524B
:100A2000C1F3130140F2FF3341F480119A4202DA1C
:100A300000200146704740F233439A42A2F233420B
:100A400002DC5242FFF7B9BEFFF7A8BE30B5041E64
:100A500071F1000404DB4FF00044404264EB0101FB
:100A6000141E73F1000405DB1C464FF00043524294
:100A700063EB0403994208BF904230BD064C074D1A
:100A800006E0E06840F0010394E80700984710345E
:100A9000AC42F6D3FFF77CFBBC920008DC92000866
:100AA0002DE9F34F8BB04FF0000801F10C000C461C
:100AB0004FF0010B46460DF1080A019062690121D1
:100AC00001989047051E2DD0252D2CD0216A8847EE
:100AD000C0B16269012101989047216A88470028C6
:100AE000F7D1411E62690198904700E0761CA16928
:100AF0000B988847216A88470028F7D1E1690B984D
:100B00008847DBE7A1690B9888470746A84201D1CF
:100B1000761CD3E7E1690B9888477F1C02D1B8F1B6
:100B2000000F6FD046E1002762693D4639460198C3
:100B300090472A2804D16269012101989047012534
:100B4000DFF884926269012101989047A0F1300199
:100B50000A290AD24F45E5DC07EB870100EB410784
:100B6000303FDFD445F01005ECE7E90601D46FF023
:100B700000476C280AD04C2814D0682815D06A2861
:100B80000DD074281CD07A281AD01DE0626901218A
:100B9000019890476C2802D045F0040514E045F018
:100BA00002050DE045F020050AE062690121019887
:100BB0009047682802D045F0080505E045F4006537
:100BC0006269012101989047C4E9015765283DD029
:100BD00019DC58287AD00CDC452837D004DC2528CD
:100BE00026D0412831D131E046282FD047282CD1BA
:100BF0002CE05B2877D0612828D063287CD064283B
:100C000023D15AE0D0E06F2848D008DC66281DD0F8
:100C100067281BD0692821D06E2816D127E07028BC
:100C200045D0732868D0752847D078280DD14DE07D
:100C3000A1690B988847054625283FF469AFE1690B
:100C40000B9888476D1C3FF46AAFB3E023466A46B1
:100C50006FF001000B99AFF300809EE045F040007B
:100C60006060A80723464FF0000236D43EE0E80754
:100C70007FF447AF2068011D21600068290501D578
:100C800006701BE7290701D5068017E7A90703D5DA
:100C9000F117C0E9006111E706600FE745F0400079
:100CA0006060A80723464FF0080216D41EE040F605
:100CB0000E0125EA0100606016E045F0400060602A
:100CC000A80723464FF00A0207D40FE045F0400082
:100CD0006060A80708D5234610226FF001000B9929
:100CE000AFF3008059E007E0234610226FF00100C7
:100CF0000B99AFF3008050E04FF000094F464B4690
:100D0000632802D05B2806D040E0E80601D4012029
:100D1000A06001273AE062690121019890475E28AE
:100D200005D14FF001096269494601989047216950
:100D300039B900210A46534643F82120491C0829A5
:100D4000FADBB0B3216969B9C11700EBD162531165
:100D50000AEB830122F01F02821A01200B689040E7
:100D600003430B6062690121019890475D28E8D137
:100D7000B9F1000F09D00020514651F82020D2438C
:100D800041F82020401C0828F7DB02AB22460097E0
:100D90006FF001000B99FFF775FA00280CDA401C80
:100DA00008D1BBF1000F05D04FF0FF300DB0BDE80A
:100DB000F08FFFE74046F9E7E90701D108F10108A4
:100DC00006444FF0000B79E6CCCCCC0C2DE9F05F5B
:100DD00082460078002715468B460AF10104B94681
:100DE000302801D09DB113E014F8010B01277828B9
:100DF00003D0582801D045B10AE00DB1102D07D11C
:100E00000027102514F8010B02E0082500E00A2550
:100E10000026B0460EE005FB080005FB06F10127A1
:100E200001EB10461FFA80F8B6F5803F00D3B946B3
:100E300014F8010B2946FFF7E2FC0028EBDABBF1BE
:100E4000000F05D00FB1641E00E05446CBF80040FF
:100E5000B9F1000F06D004F0D5FA02210160C81ED6
:100E6000BDE8F09F48EA0640FAE770B58D1810F823
:100E7000014B14F0030201D110F8012B231106D10C
:100E800010F8013B03E010F8016B01F8016B521EF2
:100E9000F9D1ABB110F8012B04F00C048A1A0C2C18
:100EA00003D0A2EB84129B1C08E010F8014BA2EBCC
:100EB0000422F8E712F8014B01F8014B5B1EF9D54B
:100EC000A942D4D3002070BDCA430260704721B14B
:100ED000826842F00102826003E0826822F001022F
:100EE000826070470021084A1168084A1140D0E921
:100EF00000231A4383681A43C3681A431143044A00
:100F0000C2F804137047000004230140E030FCFFE6
:100F10000020014000B58DB00121084602F072FEAC
:100F20000121080202F09EFE4020019003208DF86E
:100F3000080000208DF80B0001A9174801F0E9FE18
:100F40000020039004900690059003A8FFF7CAFFC5
:100F50000121080202F096FE00214FF4807002F099
:100F600091FE00208DF8200007908DF82100099057
:100F70000B9001208DF8300007A9084800F01EF8FA
:100F8000062301221946054800F042F801210348D2
:100F9000FFF79DFF0DB000BD0000024000200140A2
:100FA0000146C86C80B270470246002013680B40AF
:100FB0000BB1012000E000207047000030B5024670
:100FC000002000235068104C20400D790C6844EA42
:100FD00005242043506090680C4C2040D1E9035414
:100FE0002C438D682C434D7944EA4504204390609E
:100FF000D06A20F470000C7D641EE4B2234340EA02
:101000000350D06230BD0000FFFEFFFCFDF7FFC0C3
:10101000F0B504460D4600200021092D11DDE068E1
:10102000A5F10A0606EB4607072606FA07F18843EC
:10103000A5F10A0606EB460603FA06F10843E0604E
:101040000CE0206905EB4507072606FA07F18843FF
:1010500005EB450603FA06F108432061072A0FDA7B
:10106000606B561E06EB86071F2606FA07F18843BB
:10107000561E06EB860605FA06F10843606322E079
:101080000D2A0FDA206BD61F06EB86071F2606FAFD
:1010900007F18843D61F06EB860605FA06F10843DA
:1010A000206310E0E06AA2F10D0606EB86071F261A
:1010B00006FA07F18843A2F10D0606EB860605FA4B
:1010C00006F10843E062F0BD816841F08041816033
:1010D0007047000070B50023284A12780B2A03DA03
:1010E0000022274C227047E0002040E0254A125C95
:1010F000552A3AD1234C00F10A02A25CBB2A34D112
:101100002546841C2D5D1F4EC41C345D2544041DE2
:10111000345D2544441D345D2544841D345D2544DF
:10112000C41D345D254400F10804345D2A19D41728
:1011300002EB14642412A2EB0424E3B2344600F15F
:101140000902A25C9A420DD1002105E00A180D4C5B
:10115000A25C62544A1CD1B20B29F7DB0122084C75
:10116000227002E00022064C2270421CD0B2034AD8
:1011700012780A3A8242B9DA70BD0000441A00209F
:1011800003080020341E002010B500F009F80120EB
:1011900003F044F800200149086010BDBC0243423E
:1011A0001CB50121422002F02DFD402000900120BD
:1011B0008DF8040000208DF8060003208DF805004E
:1011C00069460A4801F0A5FD4FF400400090012057
:1011D0008DF8040000208DF8060003208DF805002E
:1011E0006946024801F095FD1CBD00000004024064
:1011F00010B502F0C9FE012008490860022004F081
:10120000BBFD0748D0F81C02C4B2002003490860A7
:10121000022004F0B1FD204610BD0000988240423B
:101220000080404270B5002402F0AEFE012010495B
:101230000860002517E06006040E01200C49091F14
:101240000860022004F098FD0A48D0F81C0208B19A
:10125000601CC4B200200649091F0860022004F087
:101260008BFD681CC5B2082DE5DB204670BD000073
:101270009C8240420080404210B5044602F094FE39
:101280001CB101200A49086002E0002008490860FA
:1012900001200749091F0860022004F06DFD0020AD
:1012A0000449C1F89802022004F066FD10BD000058
:1012B0009C8240420080404270B5044602F074FEB9
:1012C00000251BE004F080061EB101200E490860D5
:1012D00002E000200C4908606006040E01200A4963
:1012E000091F0860022004F047FD00200749C1F8EB
:1012F0009802022004F040FD681CC5B2082DE1DB15
:10130000FFF776FF70BD00009C82404200804042A3
:1013100010B502F049FE0120094908600949C1F8E9
:101320009802042004F028FD0020054908600420EC
:1013300004F022FD00200349C1F8980210BD00000E
:101340009C8240420080404210B502F02DFE0020F9
:101350000749086001200749C1F89802042004F0F9
:101360000BFD012002490860042004F005FD10BDBA
:101370009C8240420080404210B503F079FB10BDD2
:1013800010B504460B48844209D10121480602F0F9
:1013900059FC00214FF0007002F054FC08E00121DC
:1013A000880602F04FFC00214FF0806002F04AFCFA
:1013B00010BD00000064004010B50021837A0122B6
:1013C00002FA03F13D4A126842F001023B4B1A60F7
:1013D0003A4A1C3212688A43384B1C331A60027B2B
:1013E000CAB9364A0C3212688A43344B0C331A603D
:1013F0004288C38842EA0343304A4032847A42F842
:1014000034300288838842EA03432C4A4032847A8B
:1014100002EBC4025360027B012A19D1274A0C3225
:1014200012680A43254B0C331A604288038842EA4B
:101430000343224A4032847A42F83430C288838897
:1014400042EA03431D4A4032847A02EBC4025360ED
:10145000C27A3AB9194A121D12688A43174B1B1DEA
:101460001A6006E0154A121D12680A43134B1B1D31
:101470001A60028932B9114A143212688A430F4B3A
:1014800014331A600289012A06D10C4A14321268F8
:101490000A430A4B14331A60427B012A06D1074AD9
:1014A0001C3212680A43054B1C331A60034A126847
:1014B00022F00102014B1A6010BD000000660040DE
:1014C0001AB143690B43436102E043698B434361B3
:1014D000704730B5024600200023146824F002044F
:1014E0001460146844F00104146000E05B1C54684C
:1014F00004F001041CB94FF6FF74A342F6D15468FE
:1015000004F001040CB900206CE08C79012C04D1AA
:10151000146844F08004146003E0146824F080042C
:101520001460CC79012C04D1146844F04004146098
:1015300003E0146824F0400414600C7A012C04D1F8
:10154000146844F02004146003E0146824F02004BC
:1015500014604C7A012C04D1146844F01004146017
:1015600003E0146824F0100414608C7A012C04D178
:10157000146844F00804146003E0146824F00804BC
:101580001460CC7A012C04D1146844F00404146073
:1015900003E0146824F0040414608C78A407CD7868
:1015A00044EA05640D7944EA05444D7944EA05545A
:1015B0000D886D1E2C43D461146824F0010414605E
:1015C000002300E05B1C546804F001041CB14FF6DA
:1015D000FF74A342F6D1546804F001040CB100205A
:1015E00000E0012030BD0246002019B9D36803F0A5
:1015F000030006E0012903D1136903F0030000E0B2
:101600000020704710B500F5D87303EB01131B6879
:1016100003F004031372137A53B900F5D87303EB84
:1016200001131B6840F2FF7404EA5353136009E08E
:1016300000F5D87303EB01131B686FF0604404EAF4
:10164000D303536000F5D87303EB01131B6803F059
:101650000203537200F5D87303EB01135B6803F0C8
:101660000F03937200F5D87303EB01135B681B0A39
:10167000D37400F5D87303EB01139B68D37200F5A4
:10168000D87303EB01139B681C0A147300F5D8731D
:1016900003EB01139B681C0C547300F5D87303EB28
:1016A00001139B681B0E937300F5D87303EB0113B2
:1016B000DB68D37300F5D87303EB0113DB681C0AF6
:1016C000147400F5D87303EB0113DB681C0C54741D
:1016D00000F5D87303EB0113DB681B0E937421B97B
:1016E000C36843F02003C36003E0036943F02003B1
:1016F000036110BD10B502460020936803F08063BB
:10170000B3F1806F00D110E0936803F00063B3F190
:10171000006F01D1012008E0936803F08053B3F11A
:10172000805F01D1022000E00420042874D002F57B
:10173000C07303EB00131B6803F0010402F5C073D0
:1017400003EB00131C600B7A7BB94B7A0C8843EADD
:10175000445302F5C07404EB00142468234302F5DB
:10176000C07404EB0014236010E00B7A4C6843EA69
:10177000C4034C7A234302F5C07404EB00142468BC
:10178000234302F5C07404EB001423608B7A03F04A
:101790000F038B7202F5C07303EB00135B6823F039
:1017A0000F0402F5C07303EB00135C6002F5C07315
:1017B00003EB00135B688C7A234302F5C07404EBDF
:1017C000001463608B7B1C064B7B44EA03440B7B59
:1017D00044EA0323CC7A234302F5C07404EB0014DB
:1017E000A3608B7C1C064B7C44EA03440B7C44EADC
:1017F0000323CC7B234302F5C07404EB0014E360A5
:1018000002F5C07303EB00131B6843F0010402F5FB
:10181000C07303EB00131C6010BD000010B502463E
:10182000002321B1012907D002290FD109E09068D6
:101830001D4C00EA04030BE090681C4C00EA040312
:1018400006E090681A4C00EA040301E0002300BFA0
:1018500000BF184C181BA34216D007DC83B16FF0F1
:101860008060184470B1022818D111E0B0F5007FF3
:1018700010D0114C204448B1B0F5003F0ED10BE020
:1018800002230DE000230BE0002309E0002307E022
:10189000012305E0012303E0012301E0002300BF51
:1018A00000BFD8B210BD0000030000040003000810
:1018B00000000310000100080001FFF72DE9F041CE
:1018C0000746884615460421052001F0A7F80021A7
:1018D000012003F0CBFB80210A2002F019FC002438
:1018E00005E0395D092003F0C1FB601CC4B244452A
:1018F000F7DB0321012003F0B9FBFF2400BF052023
:1019000002F0AAFA0646601EC4B21CB106F004003A
:101910000028F4D0222002F09FFA2870212002F043
:101920009BFA68700020BDE8F08100002DE9FF47B8
:1019300005460E464FF0000A06B10DB94FF0010AF8
:101940009448007800F00F00032801DD4FF0010AF1
:1019500090480078C0F30019BAF1000F19D00020A8
:101960008DF80A008DF80B0001208DF80C00002086
:10197000ADF80000ADF80200ADF80400ADF80600C7
:10198000ADF8080001208DF80D006846FFF714FD42
:10199000FEE00020ADF8080001208DF80D004FF0AA
:1019A00000080024F2E07B48007800F00F0030B11E
:1019B00001283BD002287BD0032874D19CE0002072
:1019C0008DF80B008DF80C0035F824004B460022F2
:1019D000114600F0E1F8ADF8020005EB84014888FB
:1019E0004B460022114600F0D7F8ADF80600601C07
:1019F000C0B20446B04213DA35F824004B46002248
:101A0000114600F0C9F8ADF8000005EB84014888E4
:101A10004B460022114600F0BFF8ADF8040004E088
:101A20000020ADF80600ADF804009CE001208DF820
:101A30000B0000208DF80C0035F824004B460022E6
:101A4000114600F0A9F8ADF80200601CC0B20446CF
:101A5000B04207DA35F824004B460022114600F068
:101A60009BF800E00020ADF80600601CC0B2044600
:101A7000B04207DA35F824004B460022114600F048
:101A80008BF800E00020ADF80000601CC0B20446F6
:101A9000B04209DA35F824004B460022114600F026
:101AA0007BF802E004E051E00020ADF804005AE0C9
:101AB00000208DF80B0001208DF80C0035F8240073
:101AC0004B460022114600F081F80746B8B2ADF847
:101AD0000200380CADF8000005EB840148884B4645
:101AE0000022114600F072F80746B8B2ADF80600C1
:101AF000380CADF8040036E001208DF80B008DF8AD
:101B00000C0035F824004B460022114600F05EF828
:101B10000746B8B2ADF80200380CADF80000601C02
:101B2000C0B20446B04208DA05EB840148884B464F
:101B30000022114600F04AF800E000200746B8B243
:101B4000ADF80600380CADF804000CE00020ADF84C
:101B50000200ADF80000ADF80600ADF80400344610
:101B60004FF0010A00BF00BF8DF80A806846FFF7FA
:101B700023FCB44202DA601CC4B200E007E008F1C2
:101B80000100C0B280460D2800DB00E00BE700BF7B
:101B9000BDE8FF87EB18002010B50446C4F3090424
:101BA0000AB1102000E0002002460BB1082000E03E
:101BB0000020034613B1C1F3C13000E0002001460C
:101BC00042EA44101843084380B210BD10B50446E1
:101BD000C4F309040AB1022000E0002002460BB160
:101BE000042000E00020034613B18803C00A00E08F
:101BF0000020014642EA44301843084310BD00006B
:101C000010B500210148FFF7EEFC10BD0064004054
:101C100070B50446002554B100210648FFF7E3FCE7
:101C2000054625B1224600210248FFF7EBFC284675
:101C300070BD0000006400402DE9F04706460C46E8
:101C400017469846DDF820904FF0000A15480760C7
:101C5000C0F8048000201349087248720846847254
:101C6000224631460B30FEF7B8FA0E490E48FFF710
:101C700041FD0546042D09D04FF0010A29460A48C6
:101C8000FFF7CCFD012801D14FF0020ABAF1010F94
:101C900004DBB9F1000F01D089F800505046BDE8CF
:101CA000F0870000D81B0020006400400448006852
:101CB00000F0E05008B1012070470020FCE7000070
:101CC0000864004010B501E000F006F8FFF798FF47
:101CD0000028F9D110BD000010B52448FFF798FF87
:101CE0002248C07C20B101280AD0022818D10FE078
:101CF0001E48827A00F10B011D4800F07EFF24E0AF
:101D00001A48827A00F10B011A4800F076FF1CE0B5
:101D10001648827A00F10B01174800F06EFF14E0BC
:101D20001248C07C03280FDB1048C07C06280BDC5F
:101D30000E48C07CC01E114901EBC0000B490B319D
:101D40000A6802604968416000BF00BF0748C07C64
:101D5000062809DC0548C07C094951F820000949DA
:101D6000096808430749086010BD00004C1D0020A9
:101D7000001C0020101C0020301C0020601D0020D2
:101D800010910008F018002000B5034A517810782F
:101D900001F0D2F900BD0000601D0020F8B5FFF78A
:101DA00085FF00285FD00026002559E02E4890F9D5
:101DB000000030B101280ED002281ED0032840D1E7
:101DC0002DE000F05DF80746002F03DB0126F8B296
:101DD00000F07AF839E008222449254800F0F8FE9E
:101DE000C4B24CB10126234800234FF4207221468F
:101DF00000901E48FFF720FF27E008221B491E48DD
:101E000000F0E6FEC4B24CB101261A4800234FF49C
:101E10002872214600901548FFF70EFF15E00822B2
:101E20001249164800F0D4FEC4B24CB10126114844
:101E300000234FF47072214600900C48FFF7FCFE1F
:101E400003E0FF200849087000BF00BF0648007883
:101E5000401C40B20449087006B103E0681CC5B2DA
:101E6000042DA3DD00BFF8BD24190020F4180020C4
:101E7000201C002025190020401C0020001C0020F0
:101E80004FF0FF30002109E001EB8102054B13F810
:101E900022200AB148B203E04A1CD1B20729F3DB81
:101EA00000BF7047801D0020002007E0002100EBEC
:101EB0008002044B03F82210411CC8B20728F5DB4E
:101EC00070470000801D0020F8B50446002004EB98
:101ED00084050E4E06EB850500902B6904EB840506
:101EE00006EB8505EA6804EB840516F8251004EB7B
:101EF000840506EB8505681CFFF79EFE002004EBB9
:101F00008401324602F82100F8BD0000801D002047
:101F10002DE9F04104460F4615461E46DDF81880AF
:101F2000072C1ADA04EB84000D4901F8205004EB69
:101F300084010B4A02EB8101481C2A463946FEF710
:101F40004CF904EB8400064901EB8000C66004EB09
:101F5000840001EB8000C0F81080BDE8F081000033
:101F6000801D002010B50D4A32210D4800F02AF8DE
:101F70000C4A32210C4800F025F80C4A32210C485A
:101F800000F020F80B4A32210B4800F01BF80B4AF6
:101F900032210B4800F016F810BD0000501C002044
:101FA000001C0020821C0020101C0020B41C0020FB
:101FB000201C0020E61C0020301C0020181D0020E2
:101FC000401C002070B504460E4615462660E560AC
:101FD0000021204600F04BFE70BD000038B5FFF731
:101FE00071FE68E0FFF76EFE002462E0344850F8AE
:101FF0002400344909680840002858D0072C4DD2E5
:10200000DFE804F0040C18242739460000BF6946B5
:102010002D4800F03EFE0028F9D13FE003E09DF896
:10202000000000F079FA6946284800F032FE0028E6
:10203000F5D133E003E09DF8000000F05DFC694657
:10204000234800F026FE0028F5D127E0FFF79CFE8C
:1020500024E0204802F090FC1F49088005E01E485B
:102060000088A0F561601C4908801B480088B0F515
:10207000616FF4DA12E017480838007C022806D1B4
:102080001448093002F070FC00B21449088005E0E1
:1020900010480838007E012800D100BF00BF10485A
:1020A00050F8240007490968084006490860601C88
:1020B000C4B2062C9ADD03480068002892D138BDCE
:1020C00010910008F0180020001C0020101C0020B7
:1020D000301C0020681D002000190020FE18002080
:1020E0009091000810B50020064908600649087064
:1020F00007210648FFF71AFCFFF734FFFFF7D4FE6D
:1021000010BD0000F0180020EB180020021900207C
:1021100030B589B0E848007870B1E84800785528B3
:1021200002D101F03DF904E00120E5490870FEF715
:10213000D1FF0020E0490870E248007800287DD0F7
:10214000DE484078EE287AD1DC488078072877D0BE
:1021500007DC072814D2DFE800F013142B457B9529
:10216000B60010286DD004DC08286BD0092807D1F0
:102170000BE1112867D0A028F9D10120D2490870BD
:102180008BE1CE48C078012802D1CF4948700EE0DB
:10219000CA48C078022803D10120CB49887006E0E4
:1021A000C648C078032802D10120C749C87074E12D
:1021B0000120C5490871C148C078C4490870BF48AA
:1021C00000794870BD4840798870BC488079C870F3
:1021D000BA48C0790871B948007A4871B748407A5E
:1021E00088715AE1B548C07888B10120B649C873F2
:1021F000B248C278B6A101A803F0F0F801A8FEF732
:1022000010F8C4B2214601A801F018FF02E0002036
:10221000AD49C8730120AC494871A848C078AE499F
:102220000870A64800794870A44840798870A3488F
:102230008079C870A148C079087105E035E12DE1C9
:102240005BE0D0E073E0E8E09C48007A487124E16C
:1022500001209D4988719948C078A0490870974825
:102260000079487095484079887094488079C870A2
:102270009248C07908719148007A48718F48407A35
:1022800088710AE101209049C8718C48C078012802
:1022900005D1934908788A680221904712E087485F
:1022A000C078022805D18E4948788A680221904773
:1022B00008E08248C078032804D1894988788A6870
:1022C00002219047E9E001207F4908727B48C078ED
:1022D0008449087079480079487078484079887056
:1022E00076488079C8707548C07908717348007A5B
:1022F00048717248407A8871CFE001207249487273
:102300006E48C078784908706C48007948706B480E
:102310004079887069488079C8706848C0790871C8
:102320006648007A48716548407A8871B5E00120B6
:10233000654988726148C07801280AD15F480079F0
:102340006A4908705D48407948705C4880798870B7
:102350000DE05A48C078022809D15848C07963492D
:10236000C8705648007A08715448407A48715F4AEC
:102370005FA101A803F032F801A8FDF752FFC4B233
:10238000214601A801F05AFE87E001204E49C8729B
:102390004A48C0785849087048480079487047480A
:1023A0004079887045488079C8704448C079087180
:1023B0004248007A48714148407A887100240FE011
:1023C0004D48025D4DA101A803F008F801A8FDF7F2
:1023D00028FFC5B2294601A801F030FE601CC4B236
:1023E000072CEDDB59E00120374908733348C078EA
:1023F0004449087031480079487030484079887005
:102400002E488079C8702D48C07908712B48007A11
:1024100048712A48407A88713FE02848C0780128EE
:102420000BD02648C078022807D02448C07803285B
:1024300003D02248C07804282CD101202249887377
:102440001E48C078012802D12F49087013E01B48AC
:10245000C078022802D12C4908700CE01748C078D7
:10246000032802D12849087005E01448C0780428E0
:1024700001D1254908701148C27824A101A802F0B1
:10248000ADFF01A8FDF7CDFEC4B2214601A801F0C1
:10249000D5FD02E000200C49887303E008210748BD
:1024A00001F010FE002007490870C8210348FDF71D
:1024B000ADFE09B030BD0000451A0020341E0020DA
:1024C00004080020030800204C06002060060020BD
:1024D00025780D0A00000000670600206D06002028
:1024E0009C100020740600207B060020820600203D
:1024F00025730D0A0000000089060020253032787F
:102500002000000090060020050800204368655860
:10251000696E3A25780D0A0010B504460F48007818
:1025200070B903F04FFC0A300D49086000200D49D6
:1025300008700D48097844540120084908700BE0E0
:1025400008480078C82807DA06480078401CC0B25E
:102550000449087004490C5410BD0000451A0020BD
:102560004C1A0020441A0020341E002010B5DA480E
:102570000078002874D0D948407803280AD1D74879
:102580008078012806D1D5480079052802D101209C
:10259000D3494872D1484078D2490978884205D059
:1025A000CE484078CF494978884211D1CB488078CD
:1025B000032819D1C948C078012815D1C7484078E7
:1025C000C8490978884204D1C4480079C4490872CE
:1025D0007AE0C2484078C3494978884274D1BF48FC
:1025E0000079BF49C8716FE0BC48807803286BD17F
:1025F000BA48C078022867D1B8484078B949097804
:1026000088422ED1B5480079012806D1B3484079D7
:10261000012802D1B249887156E0B04800790228F9
:1026200006D1AE484079022802D1AD4988714BE00D
:10263000AA480079012807D1A8484079022803D187
:102640000320A74988713FE0A448007902283BD1C4
:10265000A2484079012837D10420A149887133E08C
:1026600039E19E4840789F49497888422CD19B485F
:102670000079012806D199484079012802D198496A
:10268000487121E095480079022806D193484079A5
:10269000022802D19249487116E090480079012839
:1026A00007D18E484079022803D103208C49487114
:1026B0000AE08A480079022806D188484079012832
:1026C00002D104208649487184484078102825D1D9
:1026D00082488078102801D1012000E000207F4945
:1026E000C978012900D100E00021884216D17B4839
:1026F0000079312803D10120794908710EE077482B
:102700000079322803D102207549087106E0734828
:102710000079332802D10320714908716F4840784D
:102720000C2814D16D488078012810D16B48C078EE
:1027300001280CD169480079062808D167484079FA
:1027400028B969480079012801D165498870634832
:1027500040780E2803D0614840780F283CD15F486C
:1027600040780E281AD15D488078012834D15B4822
:10277000C078012830D15948407928BB57480079A2
:10278000072803D101205649087025E053480079F5
:10279000082821D10020524908701DE04F48407898
:1027A0000F2819D14D488078012815D14B48C078A1
:1027B000012811D14948407930B9484800790728A3
:1027C00003D101204649487006E0444800790828B2
:1027D00002D100204249487040484078062835D14F
:1027E0003E48807802280FD13C48C0783F49487164
:1027F0003A4801793D488171384841793B48C17177
:1028000001203749C87021E03448807803280FD16F
:102810003248C07835498870304801793348C170F2
:102820002E4841793148017102202D49C8700DE0D0
:102830002A488078042809D12848C0782B49087094
:1028400026480079487003202549C87023484078FD
:10285000012839D121488078A02803D101202449BA
:10286000887031E01D488078AA2803D101202049D2
:10287000C87029E019488078A22803D101201C499A
:10288000087021E015488078A32816D10120184946
:1028900008711248C078174908701048C07848700D
:1028A0000E48C07888700D48C078C8700B48C07852
:1028B00008710A48C078487106E008488078A42862
:1028C00002D101200A494871C8210448FDF79EFC45
:1028D00000200149087010BD471A0020FC1E00208E
:1028E000601A002014130020B40B002050140020A4
:1028F000D0040020F80400200C49097849B90021CF
:102900000B4A11700B49127888540121074A117043
:102910000BE007490978C82907DA05490978491CF5
:10292000C9B2034A1170034A50547047471A002035
:10293000461A0020FC1E00207FB505460C460121EA
:10294000202001F06FF90295ADF804400020ADF8A9
:102950000600ADF80C008DF80E0001A90D4801F03D
:10296000E1FD37208DF8000000208DF801000420E3
:102970008DF8020001208DF80300684600F0CAFCC3
:1029800001221146034801F0BDFD0121014801F07B
:102990009CFD7FBD0014004010B5FFF71FFBFFF743
:1029A000FDF910BD1CB501214FF4C07001F02AF9EA
:1029B000F020009000208DF8040001208DF8070021
:1029C0006946144800F0A5F94FF4704000900120CA
:1029D0008DF8040000208DF8060001208DF8070016
:1029E00003208DF8050069460B4800F092F920207D
:1029F000009001208DF8040000208DF806000120D1
:102A00008DF8070003208DF805006946024800F0A4
:102A100080F91CBD00200240001C024070B5054634
:102A20000C460026284601F017FA064626EA04015D
:102A3000284602F01BFB002070BD70B505460C4611
:102A4000002D06DB642D00DD6425052D0BDA052540
:102A500009E015F1640F01DA6FF0630515F1050F58
:102A600001DD6FF00405002C06DB642C00DD64241E
:102A7000052C0BDA052409E014F1640F01DA6FF07C
:102A8000630414F1050F01DD6FF0040421462846AC
:102A900001F0E2FA70BD000010B5102000F03CF823
:102AA000012825D11021134800F09EF9E8B9002132
:102AB000114801F00AFD114890ED000AB8EE400AF5
:102AC0000F4880ED000AD0ED000A9FED0E1AB3EE1C
:102AD000040A10EE810A80ED000A90ED000ABCEEB7
:102AE000C00A10EE100A08490880102000F00EF805
:102AF00010BD00000004024000100040C815002076
:102B0000C4150020F628DC3FCC15002001490860E0
:102B100070470000143C014001460020034A12683F
:102B20000A400AB1012000E000207047143C014037
:102B3000002123498279002A3AD00A4612680368A4
:102B40009A430B461A600A1D126803689A430B1DCC
:102B50001A60027911440A6803681A430A60184A25
:102B60000832126803689A43154B08331A601A1D1D
:102B7000126803689A43124B0C331A604279102A88
:102B80000ED11A1F126803681A430D4B08331A60DE
:102B90001A1D126803681A43094B0C331A600DE0C2
:102BA0000749427911440A6803681A430A6005E03C
:102BB000027911440A6803689A430A60704700006A
:102BC000003C014010B500F01FFCFEF7A3F910BD5A
:102BD000F0B507460C461646002564B106E06119BB
:102BE000384600F056F800B904E06D1C301EA6F11E
:102BF0000106F4D100BF2846F0BDF0B507460D46EA
:102C00001646002406E0295D384600F06CF800B94D
:102C100004E0641C301EA6F10106F4D100BF20467A
:102C2000F0BD30B504460025204600F04AF870B1EA
:102C3000D4E90001401E814203D1A06838B10125CA
:102C400005E0D4E90101401C814200D0012528465D
:102C500030BD30B504460025204600F032F820B1E2
:102C6000D4E90110884200D00125284630BD70B556
:102C700004460D4664B12068012809D90020A060EF
:102C80002068401E60602A462168E068FDF7B7FAB8
:102C900070BD70B504460D46002685B12046FFF78D
:102CA000C0FF60B16068401C60602168884201D349
:102CB000002060606168E068405C28700126304652
:102CC00070BD0146002069B10A68012A0AD9CA68A4
:102CD00042B10B688A689A4204D2D1E900329A4222
:102CE00000D20120704770B504460D4600262046EC
:102CF000FFF7AFFF58B1A168481CA060E0684554D9
:102D00002168A068884201D30020A06001263046D7
:102D100070BDF0B50A4600210023002400BF3DE04D
:102D2000012505FA01F3156805EA03049C4234D134
:102D300005684F000326BE40B543056015794E0077
:102D4000B5400668354305601579012D02D0157927
:102D5000022D16D185684F000326BE40B54385601D
:102D600055794E00B5408668354385604568012633
:102D70008E40B5434560456896798E40B6B235437E
:102D80004560C5684F000326BE40B543C560D57990
:102D90004E00B540C6683543C560491C1029BFD3F5
:102DA000F0BDF0B5002300244D07ED0E02FA05F347
:102DB000CE1000F1200555F826504E07F70E0F26CD
:102DC000BE40B543CF1000F1200646F82750CE1084
:102DD00000F1200555F8265045EA0304CE1000F115
:102DE000200545F82640F0BD0246002013690B403F
:102DF0000BB1012000E00020704741837047018340
:102E0000704742694A4042617047000010B5022194
:102E10000848FEF759F80748FEF756F900BF0221A7
:102E20000448FEF7C1F80028F9D00248FEF7B8F8C8
:102E300010BD00000020014070B52DED068B012073
:102E400001F0ECF9102001F0E9F900F045FA0F4823
:102E50000478407800EB04242046FDF718FC41EC90
:102E60001A0B9FED0B0B53EC102BFDF7A1FB41EC64
:102E7000190BFDF730FC08EE100ABDEEC80A10EE83
:102E8000105AA8B2BDEC068B70BD0000D215002010
:102E9000333333333333F33F70B504460025002614
:102EA00007E0FFF7B3FF0544052002F03BFF701C6D
:102EB000C6B2A642F5DBB5FBF4F080B270BD0000EF
:102EC0000146002021B107290AD008290ED10AE0C5
:102ED000074A5278064B1B7802EB032290B205E0BA
:102EE000034A507802E0024A107800BF00BF7047E2
:102EF000FC18002010B515480078012810D101F009
:102F00001FF81349098888421EDB00200F4908700A
:102F10000320104908700021084601F09DF813E0D5
:102F20000D48007801280FD101F00AF808490988F6
:102F3000884209DB00200849087003200549087011
:102F40000021084601F088F810BD0000BF180020DD
:102F5000D4180020C2180020C018002000B589B085
:102F60000121212000F04EFE09220B214248FFF7EB
:102F700018FF09220C214048FFF713FF4FF4C050FF
:102F8000079002208DF820008DF8210000208DF898
:102F9000220001208DF8230007A93748FFF7B9FE6A
:102FA0004FF48060079001208DF8200002208DF8FA
:102FB000210000208DF8220001208DF8230007A9B0
:102FC0002E48FFF7A6FE002000F05EF8012148061B
:102FD00000F028FE2A48FEF7D3F900208DF81600ED
:102FE00001208DF8170000208DF8180001208DF8C1
:102FF000190000208DF81A0001208DF81B00002018
:103000008DF812008DF8130001208DF814000220B5
:103010008DF815000720ADF8100004A91848FEF738
:1030200058FA00208DF80A008DF80B0001208DF869
:103030000C000020ADF80000ADF80200ADF804006F
:10304000ADF80600ADF8080001208DF80D006846C7
:10305000FEF7B2F912200B49086048600020487260
:10306000087201208872002202210548FEF728FA22
:10307000FFF738F809B000BD00000240001402401C
:10308000006400400C1E002010B504462CB94FF41B
:1030900080610548FFF7B1FE04E04FF4806102480B
:1030A000FFF7ADFE10BD00000014024010B5FFF7A1
:1030B00073FC10BD1CB50020009001904FF4E0603F
:1030C00000F064F9A82002F00FFE01F087FA00F08A
:1030D00039F8FFF767FC01F032FFFFF73FFFFEF71B
:1030E00053F8FEF749F9FFF76DFD53210720FFF76D
:1030F00023FCA72140F2E73002F048FFA72140F26D
:10310000E73001F0A3FA00F0BCFE0A49C868804726
:1031100008498868804701F051FF0821684600F09F
:1031200031F80821684600F0CDFF0821684600F01C
:10313000BDFF1CBD74030020014A10705170704720
:10314000FC1800201CB50121202000F05BFD4FF48D
:103150000060009001208DF8040000208DF806002A
:1031600001208DF8070003208DF80500694603480B
:10317000FFF7CFFD0120024908601CBD001402408A
:10318000AC8242422DE9F04107468846002028499A
:103190000860092002F0C6FD01202649C1F8AC02F2
:1031A000042002F0BFFD4FF40C7002F0E5FD002496
:1031B0002EE0002528E0385D284100F0010676B9B0
:1031C00000201B4908604FF4FA7002F0D5FD012081
:1031D0001849C1F8AC024FF4FA7002F0CDFD012E8F
:1031E00010D10020124908604FF4FA7002F0C4FDBB
:1031F00001201049C1F8AC0202F094FD4FF4487070
:1032000002F0BAFD681CC5B2082DD4DB601CC4B244
:103210004445CEDB0020064908604FF40C7002F0F4
:10322000ABFD01200349C1F8AC02BDE8F08100000C
:10323000AC8242420080424210B500F092FA08B1DE
:10324000FE2010BD00F01EF9022002F06BFD00F020
:103250001FF9412000F00AF808B1FE20F1E7012033
:10326000014908700020ECE72417002010B504463F
:10327000412C25D108210846FFF7D0FB3D21112024
:1032800001F0F4FE8621172001F0F0FE7F212620B8
:1032900001F0ECFE1E212D2001F0E8FE00212C2083
:1032A00001F0E4FE8D212A2001F0E0FE3E212B20DA
:1032B00001F0DCFE0A2002F035FD00F0E9F801E043
:1032C000FF2010BD0020FCE702468A4201D9501AB7
:1032D0007047881AFCE7000010B5FEF719F8472080
:1032E000FDF7EAFF00240EE0FDF79CFF08490855B2
:1032F000032C03D10120FDF7BFFF02E00020FDF702
:10330000BBFF601CC4B2032CEEDBFEF71DF810BD42
:10331000D215002070B5002100230F22C4781CB301
:10332000174C246804F4E064C4F5E064C4F3072196
:10333000C1F10404E3B20A4144789C40E1B28478CC
:10334000144021430C07210E0E4C0578615504787A
:1033500004F01F050124AC4005786D11AD0005F1A6
:10336000E025C5F8004109E0047804F01F050124B8
:10337000AC40054D0678761145F8264070BD00003A
:103380000CED00E000E400E080E100E002490143D0
:10339000024A1160704700000000FA050CED00E0E1
:1033A00000211748807ABB2826D1154A9278144B01
:1033B000DB781A44124B1B791A44114B5B791A447F
:1033C0000F4B9B791A440E4BDB791A440C4B1B7A3A
:1033D000D018C21700EB12621212A0EB0222D1B277
:1033E0000748407A884203D10120064A107006E05F
:1033F0000020044A107002E00020024A107070475A
:10340000341E00200308002010B52DED048BB0EE13
:10341000080A164880ED000A90ED000ADFED140A54
:1034200020EE200A80ED000A9FED120A124880ED7E
:10343000000A90ED000ADFED0E0A20EE200A10EEE1
:10344000101A0846FDF734F941EC190B9FED0B0BF0
:1034500053EC102BFDF7ACF841EC180BFDF73BF9E2
:1034600005490860BDEC048B10BD0000E01500208C
:103470000000C84200CC0D41DC1500200000000017
:103480000070A74010B503211420FFF7C7FA10BD44
:1034900010B5142000F0E0FC044604F0030018B955
:1034A0000321142000F034FE10BDF0B587B00546AE
:1034B000002708210846FFF7B1FA00210D2001F08E
:1034C000D5FD80210E20FFF7A9FA93208DF8040086
:1034D00020208DF8050006A801AB022201A900906A
:1034E0000C2000F051F8064686B9002407E001A838
:1034F000005D285501A8005D4740601CC4B2042C43
:10350000F5DB01A8005DB84200D0FE2680210E2028
:1035100000F0FEFD304607B0F0BD2DE9F04387B066
:1035200006460F46904699468DF804608DF8057062
:10353000002406E018F8041001AAA01C1154601C15
:10354000C4B2062CF6DB002407E019F8041001AA27
:1035500004F108001154601CC4B2062CF5DB06A867
:1035600001AB0C2201A900900E2000F00DF80546D9
:103570002DB9082000F070FC00F0080000B9FE250D
:10358000284607B0BDE8F0832DE9FE4F0646884681
:1035900091469A46DDF830B0FE200290002001905E
:1035A00000900C2E06D00E2E09D112200190102072
:1035B000009005E0772001903020009000E000BFEF
:1035C00000BF019840F08001022001F04FFD8021F2
:1035D0000420FFF723FA0021012001F047FD80219C
:1035E0000A2000F095FD002505E018F805100920D7
:1035F00001F03CFD6D1C4D45F7D33146012001F033
:1036000035FD0C2E03D180210D2000F081FD4FF4FB
:10361000167500BF042000F01FFC04466D1E35B176
:1036200004F0010018B9009820400028F2D0802151
:103630000D20FFF7F3F995B3062000F00DFC00F024
:103640001B0068BB002002900198204000F00100A0
:1036500008B1FF2002900C2E24D10A2000F0FCFBC0
:1036600004460C2000F0F8FB00F007072FB1601EA5
:1036700007EBC000CBF8000002E0E000CBF8000050
:1036800004B90124122C00DD1224002505E00920D4
:1036900000F0E2FB0AF805006D1CA542F7D301E03B
:1036A000FE20029080210C2000F032FD002101203C
:1036B00001F0DCFC0298BDE8FE8FF0B587B005464E
:1036C0000E4630208DF804008DF805500DF10602ED
:1036D000022101A8FEF7F2F806A801AB042201A915
:1036E00000900C20FFF750FF074667B90698902816
:1036F00009D1002404E001A8005D3055601CC4B26B
:10370000102CF8DB00E0FE27384607B0F0BD70B59E
:1037100088B005460C4608210846FFF77FF90721C7
:103720000D2001F0A3FC0321142000F0F1FC8DF822
:10373000085007A802AB012202A900900C20FFF755
:1037400023FF06464EB90798102806D19DF80800B9
:1037500020709DF80900607000E0FE26304608B039
:1037600070BD10B500F059FB08B1FE2010BD0F214F
:10377000012001F07BFC3D21112001F077FC1E218E
:103780002D2001F073FC00212C2001F06FFC8D2115
:103790002A2001F06BFC3E212B2001F067FC402128
:1037A000152001F063FC0020E0E770B588B0054605
:1037B00093208DF8080070208DF8090000208DF806
:1037C0000E0000240BE0295D02AAA01C11549DF8F4
:1037D0000E00295D48408DF80E00601CC4B2042C18
:1037E000F1DB0DF10F02072102A8FEF767F80821AF
:1037F0000846FFF713F907A802AB092202A90090B7
:103800000C20FFF7C1FE064626B90798182801D1FB
:10381000002600E0FE26304608B070BDF0B587B047
:1038200006460F46A0208DF804008DF805600DF1C6
:103830000602022101A8FEF741F806A801AB042206
:1038400001A900900C20FFF79FFE054645B9069898
:10385000042805D19DF8040000F00F000A2800D0CC
:10386000FE250DBB002404E0385D01A90855601C4D
:10387000C4B2102CF8DB05AA102101A8FEF71EF82F
:1038800006A801AB122201A900900C20FFF77CFED4
:10389000054645B90698042805D19DF8040000F0B6
:1038A0000F000A2800D0FE25284607B0F0BD000012
:1038B00010B50320FFF7F0FA514908800846008848
:1038C00000F0BAFC4E4908804E4801884C480088F8
:1038D000FFF7FAFC4C4908704A480088F0BB4B4897
:1038E000D0ED000A4648008800EE100AB8EE400A03
:1038F00020EE800ABCEEC00A10EE100A4049088093
:103900000846008800EE100AB8EE400A4048D0EDA4
:10391000000AB4EEE00AF1EE10FA03D200203D49AD
:10392000087016E03648008800EE100AB8EE400A2B
:103930003748D0ED000A30EE600ABCEEC00A10EE47
:10394000100A3449087008460078642801DD6420B4
:103950000870304800783049087000E004E00846FC
:103960000178012000F054FB254800882549088093
:10397000254800780A2842DD2448D0ED000A204876
:10398000008800EE100AB8EE400A20EE800ABCEE75
:10399000C00A10EE100A1A4908800846008800EE96
:1039A000100AB8EE400A1A48D0ED000AB4EEE00A58
:1039B000F1EE10FA03D200201649087016E0104804
:1039C000008800EE100AB8EE400A1148D0ED000A57
:1039D00030EE600ABCEEC00A10EE100A0D49087005
:1039E00008460078642801DD6420087009480078E2
:1039F0000949087008460178012000F009FB10BD54
:103A0000E6150020E8150020EA150020DC1500204E
:103A1000E0150020E4150020D81500202DE9F04124
:103A200004460D462046E11704EB917189100322EC
:103A300002EB8101CEB200203C4908603C49C1F84C
:103A4000B4023A4908310860091D0860012037496D
:103A500008603848FFF729FD002865D10120334967
:103A6000091D08603348FFF7A0FE00285CD1012043
:103A70002E49083108602F4B2F4A31466020FFF74E
:103A80004CFD002850D1012028490C310860B44277
:103A900004D100250D2129A000F0D0FA022D01D07B
:103AA000032D1CD129492046FFF7B8FE18B9112172
:103AB00027A000F0C3FA00270FE001201B491C39A2
:103AC0000860642002F02EF900201949C1F8940220
:103AD000642002F027F9781CC7B2092FEDDB012D15
:103AE00001D0032D1CD11F492046FFF7E6FDB8B9D0
:103AF0001D490A20FFF7E1FD00270FE001200B49D7
:103B00001C390860642002F00DF900200849C1F852
:103B10009402642002F006F9781CC7B2092FEDDB8D
:103B2000022112A000F08AFABDE8F081B08243427F
:103B30000080434227170020491700204144445287
:103B4000204552524F52210A000000003917002030
:103B500057524954455F52464944202D204F4B0A45
:103B600000000000481B0020581B00200A00000035
:103B700010B586B004460121084600F043F8012143
:103B8000102000F06FF8072209211B48FFF709F900
:103B900007220A211848FFF704F94FF4C060049087
:103BA00002208DF8140000208DF8160001208DF8F9
:103BB000170003208DF8150004A90F48FFF7A9F896
:103BC00000940020ADF80C000C20ADF80A00002095
:103BD000ADF80800ADF80600ADF8040069460748E6
:103BE00001F092F80121054801F025F80020044970
:103BF000087006B010BD0000000002400010014037
:103C00002417002029B1064A12680243044B1A60A7
:103C100004E0034A12688243014B1A6070470000B7
:103C20003038024029B1064A12680243044B1A6038
:103C300004E0034A12688243014B1A607047000097
:103C40004038024029B1064A12680243044B1A6008
:103C500004E0034A12688243014B1A607047000077
:103C60002038024029B1064A12680243044B1A6008
:103C700004E0034A12688243014B1A607047000057
:103C80004438024029B1064A12680243044B1A60C4
:103C900004E0034A12688243014B1A607047000037
:103CA00024380240F0B5002100220024022500261D
:103CB0000223324F3F6807F00C0121B1042905D0DF
:103CC000082937D105E02E4F076036E02D4F0760F9
:103CD00033E02A4F3F1F3F68C7F38056274F3F1FEF
:103CE0003F6807F03F036EB1264FB7FBF3F7DFF8ED
:103CF0008CC0ACF1040CDCF800C0CCF3881C07FBD2
:103D00000CF40CE01E4FB7FBF3F7DFF870C0ACF11A
:103D1000040CDCF800C0CCF3881C07FB0CF4174F34
:103D20003F1F3F68C7F301477F1C7D00B4FBF5F7D9
:103D3000076002E0124F076000BF00BF0F4F3F68EF
:103D400007F0F0010909104F7A5C0768D740476017
:103D50000A4F3F6807F4E051890A0B4F7A5C4768C5
:103D6000D7408760054F3F6807F46041490B064F15
:103D70007A5C4768D740C760F0BD00000838024051
:103D80000024F40040787D019017002010B504460F
:103D900000200B4908700B4908700B4908700B494B
:103DA00008700B4908700B49087001200A49087017
:103DB0000A48046001680068FEF73FFE10BD00007D
:103DC000C2180020BF180020BC180020BD18002019
:103DD000BE180020C0180020C1180020D0180020F4
:103DE00006480078012805D105480088401C044990
:103DF000088002E00020024908807047EA1800208D
:103E0000E8180020014800787047000024170020BF
:103E100010B5142000F020F810BD38B5FE250020A4
:103E20000090002400BF12E0552000F057F942F244
:103E30001071684600F032F838B9552000F04EF99C
:103E4000642001F06FFF002503E0601C84B2642C45
:103E5000EADB00BF68B238BD38B5044604F03F0065
:103E600040F08004204600F039F942F210716846B3
:103E700000F014F805460DB1FF2038BD9DF8000094
:103E8000FBE710B54FF41650FFF772FE4FF4FA70CF
:103E900001F048FFFFF7D0F910BD000070B50446EF
:103EA0000D4601F08FFF4FF4FA61B5FBF1F14618B2
:103EB0000AE00A48008800F0200028B1074800F016
:103EC0008DFF2070002070BD304601F081FF00287A
:103ED000EFD1034908700120F5E700000010014010
:103EE0002417002010B5FFF705F802F09DF802F046
:103EF0007DF800F0DBFB10BD10B50020094908700B
:103F00000949087009490870094908700949087089
:103F100009490870094908700021084600F09CF81A
:103F200010BD0000BC180020BD180020BF180020E4
:103F3000C0180020C1180020C2180020270E002041
:103F40000F48B0F900000F4AB2F90020904207DD97
:103F50000B48B0F900000B4AB2F90020811A06E0C4
:103F60000848B0F90000064AB2F90020811AB1F5FC
:103F7000004F02D94FF6FF70411A88B27047000017
:103F8000FE180020DE1800201CB5802000900020C4
:103F90008DF8040001208DF8070069460148FEF7FE
:103FA000B8FE1CBD000402401CB58020009001201A
:103FB0008DF8040000208DF8060003208DF8050020
:103FC00069460248FEF7A5FE1CBD00000004024041
:103FD00030B500228B071C0F0F2303FA04F20B4BA2
:103FE0008C1053F824309343084C8D1044F825303E
:103FF00023468C1053F824308C07240F00FA04F465
:104000002343024C8D1044F8253030BD0838014060
:104010007CB505460C4603208DF8040001208DF880
:1040200005008DF8064000204FF4F073032201A92B
:1040300000901046FDF76CFF7CBD000070B5044693
:104040000D462A4621460348FEF7D7FD642001F0BD
:1040500069FE70BD001C00207CB504460D46E0B230
:104060008DF80400E0B28DF80500E8B28DF8060086
:10407000E8B28DF80700FDF719FE78B1002003467D
:1040800020220421009001A8FDF7D6FD0020202366
:10409000024601A90090FDF73BFF06E00020202327
:1040A000042201A90090FDF733FF7CBD70B50446E2
:1040B0000D462A4621460248FEF79FFD70BD0000CE
:1040C000201C002070B504460D462A4621460248B1
:1040D000FEF793FD70BD0000401C002010B50446A3
:1040E0000A48008800BF0948008800F080000128C5
:1040F000F9D02146054800F076FE00BF4021034874
:1041000000F0A5FD0128F9D110BD0000001001400C
:1041100070B505460C4600262846FFF79DFE06466C
:1041200046EA0401284600F0A1FF002070BD00000F
:104130000CB50020019000903448006840F48030B5
:104140003249086000BF3148006800F40030009038
:104150000198401C0190009818B90198B0F5A04F43
:10416000F1D12A48006800F4003010B1012000901D
:1041700001E0002000900098012846D123484030FB
:10418000006840F0805021494031086020480068B4
:1041900040F440401E4908601C48083000681B4934
:1041A000083108600846006840F40040086008468E
:1041B000006840F4A05008601648091F0860081FF6
:1041C000006840F08070091F086000BF0F48006859
:1041D00000F000700028F9D040F205700E49086028
:1041E0000A480830006820F00300084908310860D8
:1041F0000846006840F00200086000BF034808302D
:10420000006800F00C000828F8D10CBD003802400E
:104210000070004019544007003C024010B50446AD
:10422000FDF776F84620FDF747F82046FDF744F8FD
:10423000FDF78AF810BD000010B5024600230B48B8
:10424000828200210BE0094C481C34F8100024F84D
:104250001100204630F81100184483B2491C0A2985
:10426000F1DB0A2093FBF0F080B210BD981B002018
:10427000042808D14FF0E021096941F004014FF012
:10428000E022116107E04FF0E021096921F004010B
:104290004FF0E0221161704710B51548006840F4F6
:1042A0007000134908601348006840F0010011498C
:1042B000086000200F49083108600E4800680E4968
:1042C00008400C4908600D48091D0860081F006877
:1042D00020F48020091F0860002006490C31086086
:1042E000FFF726FF4FF0006001498039086010BDDC
:1042F00088ED00E000380240FFFFF6FE1030002499
:1043000010B50121064800F0ECF8012803D1FFF7B1
:10431000E9FDFFF765FD0121014800F0D3F810BD6C
:104320000040014010B50121074800F0DAF80128EB
:1043300004D106480068401C044908600121024875
:1043400000F0C0F810BD00000044014088170020B4
:1043500010B50121880700F0C4F8012848D127488A
:104360000078401C2549087025480078401C2449E5
:10437000087024480078401C2249087008460078DC
:10438000322804DB002008701F49886880471B48DA
:1043900000780A2805DB0020184908701B49486886
:1043A000804717480078FA2822DB0020144908705B
:1043B0001748006808B9012000E00020144908608F
:1043C0001448007850B14FF480611348FEF719FD8E
:1043D0004FF400611048FEF714FD09E04FF48061CE
:1043E0000D48FEF70CFD4FF400610B48FEF707FD8A
:1043F0000121880700F066F810BD0000AF0300201F
:10440000B0030020B1030020AC150020740300208D
:10441000BC824342A2030020001C024010B50121CF
:10442000124800F05EF801281BD111480078401CAA
:104430000F4908700F480078401C0E4908700C485E
:104440000078032804DB002009490870FEF78EF885
:1044500008480078052804DB002006490870FDF7AD
:1044600057FE0121014800F02DF810BD0004004066
:10447000AD030020AE03002010B50121074800F075
:1044800030F8012804D106480068401C044908603F
:104490000121024800F016F810BD00000010004095
:1044A000C815002010B50121054800F01AF80128B0
:1044B00001D1FEF7FBFD0121014800F003F810BD1A
:1044C00000140040CA430282704721B1028842F0C2
:1044D0000102028004E002884FF6FE731A40028057
:1044E000704730B50246002000230024158A05EAF3
:1044F0000103958905EA010413B10CB1012000E024
:10450000002030BD1AB183890B43838102E0838987
:104510008B438381704701894FF6F8721140018106
:104520007047000000220288184B98420ED0184BAA
:1045300098420BD0B0F1804F08D0164B984205D06E
:10454000154B984202D0154B984204D14FF68F7309
:104550001A404B881A43124B984207D0114B98428D
:1045600004D04FF6FF431A400B891A4302804B6870
:10457000C3620B880385054B984202D0044B9842D6
:1045800001D18B7A038601238382704700000140AA
:10459000000401400004004000080040000C0040FE
:1045A00000100040001400401CB501210420FFF75A
:1045B00029FB4FF40050009001208DF804008DF885
:1045C000070069460448FEF7A4FB4FF40051024877
:1045D000FEF715FC1CBD00000008024010B500F0FD
:1045E00005F8FFF7E1FF00F017F810BD1CB5012139
:1045F0004020FFF707FB4FF48070009000208DF8FB
:10460000040001208DF8070069460248FEF781FB8F
:104610001CBD0000000002401CB501218020FFF7F6
:10462000F1FA4FF44060009001208DF804008DF8FD
:10463000070069460448FEF76CFB4FF440610248EE
:10464000FEF7DDFB1CBD0000001C02407FB50546E7
:104650000C4601214804FFF705FB0295ADF8044024
:104660000020ADF80600ADF80C008DF80E0001A991
:104670000D48FFF757FF19208DF8000000208DF836
:10468000010006208DF8020001208DF80300684625
:10469000FEF740FE012211460348FFF733FF0121D8
:1046A0000148FFF712FF7FBD0044014010B50B48E1
:1046B0000078012806D10820FEF702FCC4B220468B
:1046C00000F010F80648807B38B10820FEF7F8FBB0
:1046D000C4B20348416B2046884710BDC118002072
:1046E0002409002030B58BB004466946204601F00D
:1046F0008DFB684601F078FB20B300208E490870DE
:1047000001208E49087000210846FFF7A5FC012012
:104710008B4908708B4800888B49088000208949A4
:1047200008808A4908708848028889A103A800F097
:1047300055FE03A8FBF775FDC5B2294603A8FFF790
:104740007DFCC7E0E72C08D18348006883490860F6
:104750008148006882490860BCE0F72C01D0F32C46
:104760000AD17D48006814307C4908607A480068A6
:1047700028387B490860ADE0FB2C01D0F92C0AD128
:1047800075480068283075490860734800683C38EF
:10479000734908609EE0FD2C01D0FC2C0AD16E48C4
:1047A00000683C306D4908606B4800685A386C49B5
:1047B00008608FE0FE2C0AD16748006850306749D6
:1047C00008606548006878386549086082E0EF2C29
:1047D00001D0CF2C0AD160480068143060490860CD
:1047E0005D48006828385D49086073E0DF2C01D01F
:1047F0009F2C0AD15848006828305949086056480B
:1048000000683C385549086064E0BF2C01D03F2C5B
:104810000AD1514800683C30514908604E48006850
:104820005A384E49086055E07F2C0AD14A48006842
:1048300050304B490860484800687838474908605C
:1048400048E004F01800182805D104F08000A0B159
:1048500004F0010088B1F82C0FD01F2C0DD0F02CE3
:104860000BD00F2C09D0072C07D0C02C05D0032C5F
:1048700003D0802C01D0012C24D100202E490870B7
:1048800001202E49087000210846FFF7E5FB0120B2
:104890002B4908702B4800882B49088000202949A3
:1048A00008802A4908702848028829A103A800F036
:1048B00095FD03A8FBF7B5FCC5B2294603A8FFF791
:1048C000BDFB07E0244800682449086022480068CE
:1048D00023490860FF2C20D11F4800681F49086049
:1048E0001D4800681E4908601E480088B0F5966F94
:1048F0000DDD00201B49088000210846FFF7ACFBB6
:1049000000200D49087004200C49087008E0154883
:104910000088401C1349088002E0002011490880EB
:104920000548007828B10E4801680C480068FEF779
:1049300084F80BB030BD0000C1180020C218002060
:10494000270E0020E8180020DC180020EA180020BC
:1049500025640D0A00000000D0180020C8180020AF
:10496000CC180020C418002002460021517810788D
:1049700040EA01210846704702460021117850782C
:1049800040EA01210846704710B5024800F030FAAD
:1049900010BD00001C1B002010B51248007800BBA1
:1049A00040F22551104800F05FF9012819D10E4856
:1049B00000F014FA0D490E4A127888540C48007819
:1049C000401C0B49087008460078022804DB0020D0
:1049D000087001200349087040F22551024800F098
:1049E0001BF910BDCE15002000100140D01500208D
:1049F000CF15002010B540F22551184800F034F9C9
:104A000001282AD11648007890B901F0DBF90A3064
:104A100014490860002014490870104800F0DEF9BD
:104A20001249114A1278885401200D4908700FE08C
:104A30000D480078C8280BDA084800F0CFF9C1B259
:104A400009480078401CC0B2074A1070074A115448
:104A500040F22551014800F0DFF810BD004400404D
:104A6000451A00204C1A0020441A0020341E002051
:104A700000B587B001210420FFF7C4F801212020F0
:104A8000FFF7F0F8082206212348FEF78AF90822EA
:104A900007212148FEF785F9C020059002208DF8F6
:104AA000180000208DF81A0003208DF8190001204D
:104AB0008DF81B0005A91848FEF72BF94FF4E130DB
:104AC00001900020ADF810000C20ADF80E00002081
:104AD000ADF80C00ADF80A00ADF8080001A90F48C8
:104AE00000F012F9012240F225510C4800F0E6F8DE
:104AF00047208DF8000000208DF801008DF802009D
:104B000001208DF803006846FEF704FC01210348EC
:104B100000F091F807B000BD000802400014014009
:104B200010B540F22551284800F09EF8002845D0E5
:104B3000254800F053F9254908702548007878B9D0
:104B400008460078552839D10120214908701F48AE
:104B5000007820490870002048708870C8702DE0E7
:104B60001B480078012807D102201949087017480E
:104B700000781849487021E015480078022807D1CC
:104B8000032013490870114800781249887015E015
:104B90000F48007803280AD100200D4908700B48FF
:104BA00000780C49C87001200B49087006E000200D
:104BB00007490870084908700649087040F22551F5
:104BC000014800F029F810BD0014014063170020CF
:104BD00064170020651700206D17002010B50446EB
:104BE0002146054800F0FFF800BF8021024800F090
:104BF0002EF80028F9D010BD0014014070B505460C
:104C00000E46002400BF04E0285DFFF7E7FF601CAC
:104C1000C4B2B442F8DB70BD10B50022002340F6E8
:104C20006A14A14200D100BF0A1201249440A3B229
:104C3000DC43048010BD21B1828942F4005282819C
:104C400004E082894DF6FF731A4082817047024664
:104C50000020B1F5007F00D100BF13880B400BB1DD
:104C6000012000E00020704770B5024600240023B8
:104C70000025002040F66A16B14200D100BFC1F302
:104C8000421501F01F03012606FA03F3012D02D19C
:104C90009689334006E0022D02D1168A334001E0A6
:104CA000968A33400C12012606FA04F41688344022
:104CB00013B10CB1012000E0002070BDF0B5034637
:104CC000002400260025002040F66A17B94200D1D2
:104CD00000BF1846C1F3421401F01F06012707FA6E
:104CE00006F5012C01D10C3004E0022C01D110306A
:104CF00000E014301AB107682F43076002E007682C
:104D0000AF430760F0BD00002DE9FF4705460E46A2
:104D10000024A14600BFA046B08900B100BF2C8A84
:104D200024F44054F08804432C82AC8941F20C6096
:104D30008443B08831890843718908430443AC81B6
:104D4000AC8A24F44074B0890443AC826846FEF710
:104D5000A9FF2048854202D01F48854202D1DDF8D4
:104D60000C9001E0DDF80890A88900F4004040B103
:104D700009EBC90000EB091031684900B0FBF1F7FD
:104D800007E009EBC90000EB091031688900B0FBAE
:104D9000F1F76420B7FBF0F004012009642101FB66
:104DA0001078A88900F4004040B1322000EBC80020
:104DB000B0FBF1F000F00700044308E0322000EB04
:104DC00008106421B0FBF1F000F00F0004432C81C7
:104DD000BDE8FF87001001400014014001468888AB
:104DE000C0F308007047C1F30802828070470000DA
:104DF00010B5044694F82810374A52F8210040F2C2
:104E00002771FFF731FF18B3E068401CE060D4E978
:104E10000210884209D2E1682068405C94F82810AA
:104E20002D4A52F82110888009E094F828102A4A67
:104E300052F82100002240F22771FFF73FFF94F85B
:104E40002810254A52F8210040F22771FFF7E4FEAE
:104E500094F82810204A52F8210040F22551FFF71B
:104E600003FF30B300F0AEFF606294F828001A49E7
:104E700051F8200080881949087094F82810164AC3
:104E800052F8210040F22551FFF7C6FED4E9061082
:104E9000884207D211480178E269501CE0616069DC
:104EA000815406E00E49206A884202D2206A401CE2
:104EB000206294F82810084A52F821000821FFF7D0
:104EC000C6FE38B194F82800034951F820008088C4
:104ED0000449087010BD0000F0150020EC150020FA
:104EE000F0FFFF7FED1500200EB54FF4C060FEF718
:104EF0004DFA01218803FEF7B5FE04210120FFF7DA
:104F000067F81020019000208DF808000C208DF823
:104F1000090001208DF80A0001A8FDF709FE0A200A
:104F20008DF8000000208DF8010007208DF80200A8
:104F300001208DF803006846FEF7ECF90EBD10B5B0
:104F400000F008F85321092000F064F8FFF7CCFFC7
:104F500010BD00001CB501210320FEF753FE002206
:104F60000E211448FDF71DFF00220D211148FDF709
:104F700018FF4FF40040009001208DF8040000203D
:104F80008DF8060001208DF8070003208DF805003C
:104F900069460848FDF7BDFE1020009000208DF8FE
:104FA000040001208DF8070069460348FDF7B1FEB3
:104FB0001CBD0000000002400004024010B50120AA
:104FC00010490860032000F0D7FE00200E49C1F808
:104FD000BC0201210D48FFF778FA01210B48FFF7C9
:104FE00071FA00200A4908601E2000F09BFE012093
:104FF00004490860052000F095FE00210348FFF7F2
:1050000064FA10BDBC024042000040420010004063
:10501000C81500207FB505460C4601211020FEF77B
:1050200001FE0295ADF804400020ADF8060001A98C
:105030000D48FFF777FA36208DF8000000208DF834
:10504000010008208DF8020001208DF80300684659
:10505000FEF760F9012211460348FFF753FA0021D9
:105060000148FFF732FA7FBD0010004070B50446DA
:105070000D462946204600F001F870BDF8B50446FB
:105080000D46032704F03F04002714E02046FFF7F5
:1050900025F842F210716846FEF700FF064646B951
:1050A0009DF80000844203D12846FFF717F804E07A
:1050B0000226781CC7B2032FE8DB00BF3046F8BDDC
:1050C0002DE9FC41074600200090019000241E4875
:1050D0000168009140680190A1208DF802001B48F2
:1050E00000788DF80300194840788DF804001748BF
:1050F00080788DF805009DF805309DF804209DF816
:1051000003109DF80200DFF848C0DCF80060B047EB
:1051100005468DF806500CE00E48C1686846884781
:10512000601CC4B24FF4967000F0FCFD052C00DB4F
:1051300003E00848C0790028EED000BF00200549F0
:10514000C871BDE8FC81000016050020670600203C
:1051500074030020D00400202DE9FC410746002004
:105160000090019000241E48016800914068019061
:10517000A2208DF802001B48C0788DF80300194862
:1051800000798DF80400174840798DF805009DF8E6
:1051900005309DF804209DF803109DF80200DFF80B
:1051A00048C0DCF80060B04705468DF806500CE0BA
:1051B0000E48C16868468847601CC4B24FF49670B8
:1051C00000F0B0FD052C00DB03E00848C0790028A2
:1051D000EED000BF00200549C871BDE8FC81000089
:1051E0001E0500206706002074030020D004002064
:1051F0002DE9F04188B0064620216846FBF706F805
:10520000002755208DF8000002208DF8010030465F
:10521000FBF707F80446142C00D914242246314623
:105220000DF10200FAF7D9FF9DF805309DF8042032
:105230009DF803109DF80200DFF84880D8F800C000
:10524000E0470546A01C0DF80050BB21E01C0DF8FE
:1052500000100CE00C48C16868468847781CC7B24B
:105260004FF4967000F05EFD052F00DB03E006486A
:10527000007A0028EED000BF00200349087208B071
:10528000BDE8F08174030020D00400202DE9FC412A
:1052900000200090019000241548016800914068AA
:1052A00001909DF805309DF804209DF803109DF8AD
:1052B0000200104F3E68B04705468DF806500CE0DE
:1052C0000D48C16868468847601CC4B24FF49670A8
:1052D00000F028FD052C00DB03E00748807900285A
:1052E000EED000BF002004498871BDE8FC810000B9
:1052F0000E05002074030020D00400202DE9FC419D
:105300000020009001900024174801680091406837
:105310000190164840788DF804009DF805309DF8FE
:1053200004209DF803109DF80200114F3E68B0471D
:1053300005468DF806500CE00E48C168684688475F
:10534000601CC4B24FF4967000F0ECFC052C00DB3E
:1053500003E0084840790028EED000BF002005494E
:105360004871BDE8FC8100000605002050140020B3
:1053700074030020D004002030B589B00446114ADF
:105380001149204600F0AAFD0E4A10A101A800F024
:1053900025F801A8FAF745FFC5B2294601A8FEF78E
:1053A0004DFE09480BA1026801A800F017F801A8FA
:1053B000FAF737FFC5B2294601A8FEF73FFE09B04C
:1053C00030BD0000240E0020200E002025730D0AA1
:1053D0000000000025640D0A000000000FB4084B17
:1053E00010B504A902AA039800F0E2F8044602A945
:1053F000002000F074FC204610BC5DF814FB000097
:10540000DF5C0008004870475C1A002002E008C812
:10541000121F08C1002AFAD170477047002001E02E
:1054200001C1121F002AFBD1704700002DE9FF5F68
:1054300082B00021DDE90430020DDDF840B0034305
:1054400018D044F61050A2F2FF32424315141198BE
:1054500001281FD0A5EB0B00401C5FEA000A4FF0AB
:1054600000064E4FDFF83891B046504615D5CAF1C8
:10547000000413E0119801244AA3012801D16FEA26
:105480000B010298119AC0E90031C0E9024206B04E
:10549000BDE8F09FCBF10000DFE704460021404A61
:1054A000491842EB0450CDE9001012E0E00707D0A4
:1054B00032463B4640464946FBF708F88046894657
:1054C00032463B4610461946FBF700F806460F46A3
:1054D0006410002CEAD1DDE90401DDE90023BAF112
:1054E000000F06DAFAF7F2FF42464B46FAF7EEFFF4
:1054F00005E0FBF75DF842464B46FBF759F80446DA
:105500000E460022284BFBF7A1FA03D84FF0FF30DC
:10551000014607E00022254B20463146FAF72FFFCF
:10552000FBF77CFA102409E0002C0ADB0A22002396
:10553000FBF703F9039B30321A55641E50EA01024F
:10554000F2D1641C039AC4F111031444119A012A84
:1055500003D0012208430DD10AE0084304D0002003
:105560004FF0110B119072E7A3EB0B056D1E0DE0D0
:105570005B4504DD4FF0000205F1010504E003DAAC
:105580004FF00002A5F10105002AECD00298119914
:10559000C0E90231C0E9004579E70000000014408D
:1055A0000000F03F300000000000F0430000E03F4A
:1055B0002DE9FF4F95B09B468946064600250FE230
:1055C000252877D100242746F84A0121059400E0D8
:1055D000044316F8013F203B01FA03F01042F7D1D3
:1055E00030782A2811D06FF02F033078A0F13002E4
:1055F000092A16D8059A44F0020402EB820203EB52
:1056000042021044761C0590EFE759F8042B0592EE
:10561000002A03DA504244F40054059044F0020496
:10562000761C30782E2816D116F8010F44F00404A9
:105630002A280DD06FF02F023078A0F13003092B0B
:1056400009D807EB870302EB4303C718761CF3E77F
:1056500059F8047B761C30786C280FD006DC4C2877
:1056600017D068280DD06A2814D104E0742810D00F
:105670007A280FD10DE044F400140AE044F48014B9
:1056800001E044F440147278824202D104F580149F
:10569000761C761C307866280BD013DC582877D01F
:1056A00009DC002875D04528F6D04628F4D04728D4
:1056B0001AD19DE118E0632835D0642879D0652897
:1056C00012D195E1702873D008DC6728F1D06928E1
:1056D0006FD06E280DD06F2806D1B5E073282CD07E
:1056E000752875D0782874D05A46179990476D1C44
:1056F00075E1C4F30250022809D003280DD0D9F86F
:10570000001004280DD00D6009F1040967E1D9F8F3
:105710000010EA17C1E90052F6E7D9F800100D8031
:10572000F2E70D70F0E719F8041B8DF80010002067
:105730008DF80100EA46012003E059F804AB4FF070
:10574000FF3061074FF0000102D40DE008F10101C4
:105750008846B9420FDA8045F8DB1AF808100029AC
:10576000F4D108E008F1010188468142FADB1AF819
:1057700008100029F6D105985B46A0EB08072146E2
:105780003846179A00F094FA284400EB080507E021
:105790004DE029E10DE01AF8010B5A4617999047A0
:1057A000B8F10108F7D25B4621463846179A13E153
:1057B00042E00A220092C4F302524FF0000A022A89
:1057C00008D059F804CB032A4FEAEC710AD00DE057
:1057D00029E02AE009F1070121F00702F2E802C1FD
:1057E000914609E00FFA8CFC4FEAEC71042A03D1D0
:1057F0004FFA8CFC4FEAEC71002907DA0A460021C7
:10580000DCF1000C61EB02012D2202E0220504D53F
:105810002B228DF80420012203E0E20701D0202290
:10582000F7E7904659E00A2102E010220DE010212E
:105830004FF0000A00910BE010224FF0000A44F0F4
:1058400004040827009203E008224FF0000A0092A7
:10585000C4F30252022A05D059F804CB0021032ACE
:1058600008D009E009F1070121F00702F2E802C1BE
:10587000914605E01FFA8CFC042A01D10CF0FF0CC4
:105880004FF00008220728D5702806D0009B83F02F
:10589000100353EA0A0305D00EE040228DF80420DD
:1058A000012208E05CEA010206D030228DF80420D3
:1058B0008DF8050002229046009B83F0080353EA0E
:1058C0000A030AD15CEA010201D1620705D5302240
:1058D0008DF804204FF001087F1E582804D034A012
:1058E00003900EA802900DE036A0F9E753466046FB
:1058F000009AFAF722FF84460398825C0298401EC1
:10590000029002705CEA0100F0D1029806A9081A20
:1059100000F1200A600702D524F4803400E001275A
:10592000574502DDA7EB0A0000E0002000EB0A016A
:10593000009005984144401A0590E00306D45B4668
:105940002146179A059800F0B3F90544002706E0B0
:1059500001A85A46C05D179990476D1C7F1C4745AA
:10596000F6DBE0030CD55B462146179A059800F05C
:105970009FF9054404E030205A46179990476D1C62
:105980000099481E00900029F5DC08E00298029971
:105990005A460078491C0291179990476D1CBAF13C
:1059A0000001AAF1010AF1DC65E10000092801000B
:1059B0003031323334353637383961626364656685
:1059C0000000000030313233343536373839414247
:1059D000434445460000000000F058F90544761C99
:1059E000307800287FF4ECAD19B02846BDE8F08F80
:1059F000620700D4062709F1070222F0070CFCE831
:105A00000223E14603F000485FEA080C02D00FF2DF
:105A1000702C0DE05FEA045C02D50FF2682C07E001
:105A20005FEAC47C02D00FF2602C01E0AFF2700C90
:105A30004FF0FF3823F00043CDF850C065280CD05C
:105A400006DC452809D046281DD047283DD13DE039
:105A5000662818D067287ED138E00021112F01DB9D
:105A6000112000E0781CCDE9000106A90EA8FFF77F
:105A7000DDFCDDE90F010E9A03910021009207F190
:105A8000010A04914DE04FF000400097CDE901106C
:105A900006A90EA8FFF7CAFCDDE90F0203920E9BD0
:105AA00011990022DDF80CA00093049211B9791C21
:105AB00000EB010AB7EB0A0004D4C0F1FF3007F194
:105AC000010A0490AAEB0700019044E0012F00DADC
:105AD00001270021112F01DD112000E03846CDE91A
:105AE000000106A90EA8FFF7A1FCDDE90F010E9A3F
:105AF0000391002104910092BA4621070CD4039926
:105B0000514500DA8A46BAF1010F05DD009AAAF183
:105B10000101515C302908D0B84202DA10F1040FBB
:105B200006DA0121CDE9011015E0AAF10101E9E74A
:105B3000002805DC049901440491AAEB000102E06D
:105B4000411C514500DD8A460499401A401C0190D1
:105B50004FF000400290200704D40198504501DB2B
:105B6000CDF8048000208DF84F0002980DF14F070A
:105B7000B0F1004F25D02B200E9002984FF0020874
:105B800000280CDA404202902D200E9007E00A21F6
:105B90000298FAF7BCFD3031029007F8011DB8F108
:105BA0000001A8F10108F2DC02980028EFD1791E6B
:105BB0000E980870307800F0200040F0450007F89B
:105BC000020D12A8C01B00F107081498007800B15C
:105BD000012000EB0A01019801EBE07105984144B6
:105BE000401A401E0590E00306D45B462146179AF2
:105BF000059800F05DF805441498007818B15A46ED
:105C0000179990476D1CE00324D55B462146179AEF
:105C1000059800F04DF805441CE00498002807DBC7
:105C2000DDE90301884203DD0098405C179901E03B
:105C3000179930205A469047049805F10105401CF9
:105C400004900198401E019004D12E205A461799C5
:105C500090476D1CBAF10001AAF1010ADDDC05E0F4
:105C600017F8010B5A46179990476D1CB8F10001BF
:105C7000A8F10108F4DC5B462146179A0598ABE6CB
:105C80002D0000002B000000200000002DE9F04155
:105C9000044600251E461746880404D405E039460C
:105CA0002020B0476D1C641EF9D52846BDE8F08160
:105CB0002DE9F041044600251E469046C80301D553
:105CC000302700E02027880404D505E04146384607
:105CD000B0476D1C641EF9D52846BDE8F0810A68FE
:105CE000531C0B601070704710B504466FF0040031
:105CF000FEF7BEFAE11704EB5171C1F3C701074A81
:105D000011701046007800EB4001C1EBC0104FF657
:105D1000FF7101EAC0000249088010BD821700200F
:105D200084170020014601B97047124A12884A437D
:105D30004FF0E0235A6100229A611A46126942F03C
:105D400001021A6100BF4FF0E022106900F0010269
:105D50001AB100F48032002AF5D04FF0E022126927
:105D600022F001024FF0E0231A6100229A6100BF85
:105D7000DAE70000841700200146114A12784A43EE
:105D80004FF0E0235A6100229A611A46126942F0EC
:105D900001021A6100BF4FF0E022106900F0010219
:105DA0001AB100F48032002AF5D04FF0E0221269D7
:105DB00022F001024FF0E0231A6100229A6170473D
:105DC00082170020014800687047000088170020F3
:105DD00004490968884203D902490968401A00E069
:105DE000002070478817002002460023002109E0A8
:105DF000505C302804D15B1C042B02DB012070476F
:105E00000023491C0829F3DB0020F8E710B50246FF
:105E100007200AE00123834013400BB1312300E047
:105E20003023C0F107040B55401E0028F2DA002091
:105E3000087210BDFDF73EF9FFF7C4FFC8302249D4
:105E40000860FFF7BFFFC8302049086000210846FE
:105E5000FEF702F937E01E490869804700F036F97D
:105E600019480068FFF7B4FF30B9FFF7ABFFC8303F
:105E700015490860FDF71CFD14480068FFF7A8FFEE
:105E800008BBFFF79FFFC83010490860FDF7BAFF55
:105E900050B9FDF7F6FF0F48006808B9012000E08F
:105EA00000200C4908600EE000200A4908600A48FA
:105EB000D0F8B00208B9012000E0002005491C31EB
:105EC0000860FDF7A5FFC6E71C01002020010020A7
:105ED0007403002094824342008043422DE9F8433A
:105EE00007460C4690463D46002610E005E015F8B2
:105EF000012B3046761C0DF80020FAF761F9006896
:105F00002978405C202801D1022EF0D36D1C28781E
:105F10003C28EBD100200DF806006846FAF722FA7B
:105F200020600A21206890FBF1F201FB12010A2295
:105F300090FBF2F0401E01EB8000401C20604246C6
:105F400008A13846FAF782F9012808D011210AA0E1
:105F5000FEF774F8002088F80000BDE8F88300BF61
:105F6000FBE70000252A5B5E3C5D3C255B5E3E5DF9
:105F70003E252A73000000004661696C656420704C
:105F80006F736974696F6E0D0A0000007FB5054676
:105F90000C4601210804FDF765FE0295ADF80440AA
:105FA0000020ADF80600ADF80C008DF80E0001A938
:105FB0000D48FEF7B7FA18208DF8000000208DF884
:105FC000010005208DF8020001208DF803006846CD
:105FD000FDF7A0F9012211460348FEF793FA0121CB
:105FE0000148FEF772FA7FBD0040014010B5002461
:105FF0000A48007880B1FDF7A3FF044608480088EE
:10600000844209DB00200549087002200549087018
:1060100000210846FEF720F810BD0000BE18002041
:10602000D6180020C218002010B50024234800789C
:1060300001281FD10820FCF743FF044604F010009C
:1060400080B91F480068322837D900201B490870E2
:106050001B49086002201B49087000210846FDF713
:10606000FBFF2AE0FF2C28D115480068401C14498A
:10607000086022E01448007801281ED10820FCF7AF
:106080001FFF044604F0080080B90D48006832285C
:1060900013D900200C4908700949086002200949F9
:1060A000087000210846FDF7D7FF06E0FF2C04D159
:1060B00003480068401C0249086010BDBC1800205D
:1060C000D8180020C2180020BD1800203EB5FB489B
:1060D00000780C287DD2DFE800F07C0651B6FEFD8A
:1060E000FCFBFAF9F8F7F648406802230022114653
:1060F00002901046029CA047F14840780290F04878
:1061000080680190DDE9011088474FF49670FFF731
:1061100009FEEC48006A02908047EB4800884FF681
:10612000FF7101EA40000290E648406A0190E748AA
:106130000078DDE901219047C820FFF7F3FDE4482E
:10614000C0780290E24880680190DDE9011088473C
:10615000002002900BE04FF4FA70FFF7E3FD4FF4DC
:10616000FA70FFF7DFFD0298401CC0B2029002985F
:106170000328F0DB0220D149087085E3D548407838
:10618000012814D10020D3494870D148C07802902A
:10619000CF48C06801210190DDE9012090474FF40C
:1061A000FA70FFF7BFFD0320C449087047E0C948F3
:1061B0008078012816D10020C6498870C448C0786C
:1061C0000290C348C06803210190DDE90120904797
:1061D00000E058E34FF4FA70FFF7A4FD0320B7493D
:1061E00008702CE0BB48C078012814D10020B949C0
:1061F000C870B748C0780290B548C06802210190C5
:10620000DDE9012090474FF4FA70FFF78BFD032082
:10621000AA49087013E00020AE49C870AC48C078A5
:106220000290AB48C06802210190DDE9012090474F
:106230004FF4FA70FFF776FD0320A04908700320A1
:106240009E49087020E39F48006A029080479E485C
:1062500000884FF6FF7101EA400002909948806A79
:1062600001909A480078DDE9012190479548006A3D
:1062700002908047944800884FF6FF7101EA400081
:1062800002909048406A019090480078DDE9012131
:106290009047914800680290804790490870904864
:1062A000007802908E4840680190DDE9011088472F
:1062B0008C4908708A4800780290894840680190AB
:1062C000DDE90110884707E0A5E266E239E28DE1E9
:1062D0004BE1D6E080E02DE082490870C820FFF74E
:1062E00021FD7D48406802907E48007802998847E9
:1062F000754800884FF6FF7101EA4000029071482E
:10630000806A019071480078DDE9012190476E486C
:1063100000884FF6FF7101EA400002906948806AE8
:1063200001906A480078DDE9012190470420634923
:106330000870A9E26C4840680E224FF4E1710290A7
:106340001920029B98476948006900221146029073
:106350000E20029B98475B488069C8210290282044
:10636000029A90476048006800231A460E21029066
:106370001920029CA047534880694FF4FA7102909B
:106380001920029A90474F4880694FF49671029005
:106390001920029A90474FF4FA70FFF7C3FC544853
:1063A0000078029050480068002301900E211920C7
:1063B000DDE90142A047434880698C2102901E20FC
:1063C000029A9047C820FFF7ADFC4A48FEF7D4FF79
:1063D00005203A49087057E23E4800690290464855
:1063E000029988470020029015E04FF4FA70FFF7F9
:1063F00099FC4FF4FA70FFF795FC40480078019043
:106400003E48806802210090DDE900209047029814
:10641000401CC0B2029002980528E6DB00200290E2
:1064200019E03648406936A101900220019A904750
:10643000C820FFF777FC224840680223F122F521AB
:106440000190F320019CA047C820FFF76BFC029845
:10645000401CC0B2029002980328E2DB1A48008870
:106460004FF6FF7101EA400002901648406A019021
:1064700016480078DDE90121904706200F49087091
:1064800002E21048006A029080470F4800884FF6E9
:10649000FF7101EA400002900A48806A01900B48AF
:1064A0000078DDE9012190470A480069029016480A
:1064B000029988470020029034E000005302002037
:1064C000F40C0020240900204A020020450200208C
:1064D000E01100204C060020680F0020560200202A
:1064E0001413002055020020340E0020B40B0020AD
:1064F000200E0020681B0020AF0600209C1000200A
:106500004131443245330000CF0600204FF4FA7089
:10651000FFF708FC4FF4FA70FFF704FC0298401CE8
:10652000C0B2029002980828F0DBD8484069D8A190
:1065300002900120029A9047C820FFF7F3FBD6484B
:1065400000884FF6FF7101EA40000290D348406A8C
:106550000190D3480078DDE901219047C820FFF77A
:10656000E1FB0720CF4908708EE1CF480068029018
:1065700080474FF4FA70FFF7D5FBCC48C068029013
:106580008047002002900BE04FF4FA70FFF7CAFB3F
:106590004FF4FA70FFF7C6FB0298401CC0B202909D
:1065A00002980828F0DBC148406A02908047BF4843
:1065B000406B02908047BE48406902908047B648D1
:1065C00000884FF6FF7101EA40000290B348406A2C
:1065D0000190B3480078DDE901219047AF48006A97
:1065E000029080470820AF4908704DE1B1A1B24840
:1065F000F9F71EFEF0BBA84800884FF6FF7101EACC
:1066000040000290A548806A0190A5480078DDE925
:1066100001219047A94800780290A948406801905C
:1066200040F24C411920DDE9013298479A48008830
:106630004FF6FF7101EA400002909848406A0190CD
:1066400097480078DDE901219047934800884FF68C
:10665000FF7101EA400002909048406A0190904822
:106660000078DDE9012190478C48006A029080475C
:10667000894800E00EE000884FF6FF7101EA400013
:1066800002908648806A019085480078DDE9012102
:10669000904752E08BA18848F9F7CAFDF0BB7E48CD
:1066A00000884FF6FF7101EA400002907B48406A83
:1066B00001907B480078DDE9012190477F48007810
:1066C00002907F48406801904FF4AF611920DDE9E6
:1066D00001329847704800884FF6FF7101EA400088
:1066E00002906E48806A01906D480078DDE90121D2
:1066F0009047694800884FF6FF7101EA4000029018
:106700006648806A019066480078DDE9012190477B
:106710006248006A029080475F4800E00DE0008810
:106720004FF6FF7101EA400002905C48406A019018
:106730005B480078DDE9012190470920594908703C
:10674000A2E05648006A02908047534800884FF6FE
:10675000FF7101EA400002905048406A01905048A1
:106760000078DDE90121904757480069029057A061
:10677000029988474FF49670FFF7D4FA4748006AA9
:106780000290804745488069FA2102901920029AB8
:1067900090470A204349087076E048480078029004
:1067A00047480068002301900E211B20DDE90142CB
:1067B000A047394800884FF6FF7101EA4000029077
:1067C0003648406A019036480078DDE9012190475B
:1067D000C820FFF7A7FA304800884FF6FF7101EA9A
:1067E000400002902D48406A01902D480078DDE974
:1067F00001219047C820FFF795FA28488069962123
:1068000002901420029A9047C820FFF78BFA0B20C1
:106810002449087038E02F48007802902D48C0685D
:1068200001210190DDE9012090471C48406940F2B8
:10683000145102901420029A90474FF49670FFF77B
:1068400071FA1648C06940F2523102901420029A3F
:1068500090471248C0694FF4487102901420029A80
:1068600090471C48007802901A48C06802210190A5
:10687000DDE9012090474FF4FA70FFF753FA0C203E
:106880000849087000E000BF00BF3EBD9C1000201A
:1068900046463032303500004A02002024090020EC
:1068A0004502002053020020AC15002050140020A7
:1068B000D004002044310000240E0020200E0020CF
:1068C000340E0020443300007C0A00204238353466
:1068D00032440000141300207CB500200090019089
:1068E000164903C9CDE9000120208DF802000120DE
:1068F0008DF8030000208DF804008DF805009DF848
:1069000005309DF804209DF803109DF802000C4E00
:106910003568A84704468DF8064008216846FDF70B
:10692000D1FB6420FFF7FEF90648407A20B1002031
:106930000449487201207CBD0020FCE7900A002039
:1069400074030020601A00202DE9FC410446002059
:1069500000900190002500263D4903C9CDE90001C2
:1069600070E010208DF8020020788DF80300607828
:106970008DF80400A0788DF805009DF805309DF88D
:1069800004209DF803109DF80200DFF8C880D8F8B5
:1069900000C0E04707468DF8067008216846FDF7FD
:1069A00091FBC820FFF7BEF911208DF80200E078B6
:1069B0008DF8030020798DF8040060798DF80500CA
:1069C0009DF805309DF804209DF803109DF8020005
:1069D000D8F800C0E04707468DF8067008216846E1
:1069E000FDF770FBC820FFF79DF91B4948688047F9
:1069F00008B1012000E00020064606B124E0642032
:106A0000FFF790F914494868804708B1012000E079
:106A10000020064606B117E06420FFF783F90E490F
:106A20004868804708B1012000E00020064606B112
:106A30000AE0681CC5B2032D04D1074A107891689A
:106A4000884701E0032D8CDB00BFBDE8FC8100001E
:106A5000900A0020740300207C0A00202DE9FC41EC
:106A60000746002000900190022500263F4903C9F7
:106A7000CDE9000101208DF80200012F36D18DF8FB
:106A8000030000208DF804008DF805009DF8053006
:106A90009DF804209DF803109DF80200DFF8D080D7
:106AA000D8F800C0E04704468DF806400821684643
:106AB000FDF708FB6420FFF735F914E02D4948681D
:106AC00080470546012D00D10FE008216846FDF7FB
:106AD000F9FA4FF49670FFF725F9701CC6B20F2E25
:106AE00001DD002601E0012DE8D138E0022F36D18A
:106AF00002208DF8030000208DF804008DF80500B9
:106B00009DF805309DF804209DF803109DF80200C3
:106B1000DFF85C80D8F800C0E04704468DF80640F6
:106B200008216846FDF7CEFA6420FFF7FBF813E072
:106B3000104948688047054605B90FE008216846B6
:106B4000FDF7C0FA4FF4FA70FFF7ECF8701CC6B20C
:106B5000142E01DD002601E0002DE9D100BF4FF425
:106B60009670FFF7DFF8BDE8FC810000900A002076
:106B7000740300207C0A00202DE9FC410646002019
:106B8000009001900225394903C9CDE9000109208F
:106B90008DF8020036480078B0422ED101208DF8E1
:106BA000030000208DF804008DF805009DF80530E5
:106BB0009DF804209DF803109DF80200DFF8B4C092
:106BC000DCF80070B84704468DF806400821684696
:106BD000FDF778FA6420FFF7A5F80BE02449486830
:106BE00080470546012D00D106E008216846FDF7E3
:106BF00069FA01E0012DF1D131E01D484078B04241
:106C00002DD102208DF8030000208DF804008DF8AE
:106C100005009DF805309DF804209DF803109DF8AF
:106C20000200DFF850C0DCF80070B84704468DF869
:106C3000064008216846FDF745FA6420FFF772F820
:106C40000AE00B4948688047054605B906E0082177
:106C50006846FDF737FA01E0002DF2D100BF4FF48E
:106C6000FA70FFF75FF8BDE8FC810000900A002091
:106C70007C0A00207403002070B5024600231AE04D
:106C8000002012E032F81060451C32F81550AE4278
:106C900009DD32F81040451C32F8155022F810502A
:106CA000451C22F81540451CE8B24D1EED1A8542E0
:106CB000E8DC5D1CEBB24D1E9D42E1DC70BD0000C6
:106CC00070B505460C460E480560006841420C4808
:106CD00000684042FBF7B1FE06E04FF42F70FFF76B
:106CE00021F8A4F52F7084B2B4F52F7FF5DA204691
:106CF000FFF718F800210846FDF7AEF970BD000057
:106D0000D018002070B505460C460748056001689C
:106D10000068FBF792FE2046FFF704F800210846C2
:106D2000FDF79AF970BD0000D018002010B510488A
:106D3000807910B100200E4988710D48C07928B1C2
:106D400000200B49C87101200A4908700848007AE0
:106D500030B1094801690948884700200449087290
:106D60000348407A10B100200149487210BD00006C
:106D700098030020530200204C060020C706002084
:106D800070B504460D466420FEF7CCFF0848046049
:106D9000016800684042FBF750FE2846FEF7C2FF3C
:106DA00000210846FDF758F96420FEF7BBFF70BDCF
:106DB000D018002070B504460D466420FEF7B2FFDF
:106DC00008480460016800684042FBF736FE284628
:106DD000FEF7A8FF00210846FDF73EF96420FEF704
:106DE000A1FF70BDD018002070B505460C46642088
:106DF000FEF798FF094805600068414207480068AF
:106E0000FBF71BFE2046FEF78DFF00210846FDF72D
:106E100023F96420FEF786FF70BD0000D018002023
:106E200070B505460C466420FEF77CFF09480560F6
:106E30000068414207480068FBF7FFFD2046FEF767
:106E400071FF00210846FDF707F96420FEF76AFF8D
:106E500070BD0000D018002010B5044600200D4978
:106E600008700D4908700D4908700D4908700D49EA
:106E700008700D49087001200C4908700C48046026
:106E800001680068FBF7D9FD00BF024800780128BF
:106E9000FBD110BDC2180020BF180020BC18002074
:106EA000BD180020BE180020C0180020C118002006
:106EB000D018002010B50446FF2C0AD100206049EC
:106EC000887301205F49087000210846FDF7C4F867
:106ED00086E0E72C08D15C4800685C4908605A48A5
:106EE00000685B4908607BE0F72C01D0F32C0AD1E5
:106EF00055480068143055490860534800682838E0
:106F0000534908606CE0FB2C01D0F92C0AD14E48A3
:106F1000006828304D4908604B4800683C384C49AF
:106F200008605DE0FD2C01D0FC2C0AD146480068C9
:106F30003C3046490860444800685A384449086073
:106F40004EE0FE2C0AD14048006850303F490860AE
:106F50003D48006878383E49086041E0EF2C01D098
:106F6000CF2C0AD1384800681430394908603648B7
:106F7000006828383549086032E0DF2C01D09F2CAA
:106F80000AD1314800682830314908602E4800682D
:106F90003C382E49086023E0BF2C01D03F2C0AD199
:106FA000294800683C302A490860274800685A3858
:106FB0002649086014E07F2C0AD12348006850302D
:106FC000234908602048006878382049086007E0B5
:106FD0001D4800681D4908601B4800681C4908607E
:106FE000FF2C20D11848006818490860164800682E
:106FF0001749086017480088B0F5966F0DDD00202E
:107000001449088000210846FDF726F8002012499F
:10701000087004200B49087008E00E480088401CE6
:107020000C49088002E000200A4908800448807B5F
:1070300028B10748016805480068FBF7FEFC10BD51
:1070400024090020C2180020D0180020C8180020F1
:10705000CC180020C4180020C118002010B56420EE
:10706000FEF760FE084A907A116988476420FEF7AF
:1070700059FE05484FF4C87182691E20904764206C
:10708000FEF750FE10BD00002409002070B5054633
:107090000C460020164908701649087016490870F9
:1070A00016490870164908701649087001201649DB
:1070B00008701648056001680068FBF7BEFC06E032
:1070C0004FF42F70FEF72EFEA4F52F7084B2B4F5A6
:1070D0002F7FF5DA2046FEF725FE00200A490870CA
:1070E00000210846FCF7B8FF6420FEF71BFE70BDC8
:1070F000C2180020BF180020BC180020BD180020B6
:10710000BE180020C0180020C1180020D018002090
:1071100010B504460020084908700120074988730B
:107120000748046001680068FBF787FC00BF02485D
:1071300000780128FBD110BDC218002024090020CE
:10714000D01800202DE9FC47044600200090019053
:107150000025314903C9CDE900010D2C03D10D20D3
:107160008DF8010004E0052C02D105208DF8010006
:1071700002208DF802008DF8030000208DF8040035
:107180008DF805009DF805309DF804209DF803104A
:107190009DF80200DFF88490D9F800C0E047064669
:1071A0008DF806600D2C19D10BE008216846FCF71C
:1071B00089FF9620FEF7B6FD681CC5B2052D00DDDF
:1071C00003E0174880790028EFD000BF1448877982
:1071D0000020134988713846BDE8FC87052C19D179
:1071E0000BE008216846FCF76DFF9620FEF79AFD3C
:1071F000681CC5B2052D00DD03E009484079002870
:10720000EFD000BF064890F805800020044948717F
:107210004046E1E70020DFE72C1300207403002044
:10722000601A00202DE9FC470446002000900190E0
:107230000025324903C9CDE900010D2C03D10D20F1
:107240008DF8010004E0052C02D105208DF8010025
:1072500002208DF8020001208DF8030000208DF837
:1072600004008DF805009DF805309DF804209DF878
:1072700003109DF80200DFF88890D9F800C0E047BD
:1072800006468DF806600D2C19D10BE008216846E2
:10729000FCF718FF6420FEF745FD681CC5B2192DE8
:1072A00000DD03E01748007A0028EFD000BF154842
:1072B000077A0020134908723846BDE8FC87052C80
:1072C00019D10BE008216846FCF7FCFE6420FEF7AC
:1072D00029FD681CC5B2192D00DD03E00948C079FD
:1072E0000028EFD000BF074890F80880002005492B
:1072F000C8714046E1E70020DFE700002C130020C2
:1073000074030020601A002070B50446264840F23D
:10731000EE21426923209047C820FEF703FD224852
:107320004FF41671C26923209047C820FEF7FAFC7B
:107330001D484FF42F71426923209047C820FEF763
:10734000F1FC19484FF41671C26923209047C820F8
:10735000FEF7E8FC14484FF4167142692320904769
:10736000C820FEF7DFFC10484FF4FA71C2692320F1
:1073700090470D484FF41671C269232090470025AD
:1073800009E00948FA21C269282090470748816826
:10739000204688470546032DF3D10348C82182695A
:1073A0001E20904770BD0000240900201413002007
:1073B00070B5044634B1012C05D0022C12D0032C38
:1073C0002ED11EE02DE0002509E04FF4FA70FEF703
:1073D000A9FC4FF4FA70FEF7A5FC681CC5B2062D97
:1073E000F3DB1EE0002509E04FF4FA70FEF79AFC8B
:1073F0004FF4FA70FEF796FC681CC5B20A2DF3DB59
:107400000FE0002509E04FF4FA70FEF78BFC4FF413
:10741000FA70FEF787FC681CC5B20E2DF3DB00E0A6
:1074200000BF00BF70BD00002DE9F0438FB00646DD
:107430000C4600200D900E903A4A1078516888470B
:107440000546384A1078516888470546354A10780D
:107450005168884705462A4633A16846FDF7BEFFB6
:107460006846F8F7DEFE00F0FF0949466846FCF77B
:10747000E5FD324903C9CDE90D010D2E03D10D20E3
:107480008DF8350004E0052E02D105208DF8350079
:1074900001208DF836008DF8374000208DF8380037
:1074A0008DF839009DF839309DF838209DF8371057
:1074B0009DF83600DFF88890D9F800C0E04707460D
:1074C0008DF83A704FF000090AE008210DA8FCF78A
:1074D000F9FD6420FEF726FC09F1010000F0FF0928
:1074E000B9F1030FF1DBA54206D10E480169002076
:1074F00088470FB0BDE8F083A54207DA601B00F0B3
:10750000FF08084801694046884708E0A54206DDB3
:10751000281B00F0FF08034801694046884700BF68
:10752000E7E70000141300206368656B752069733A
:10753000203A202564200D0A000000002C130020B2
:10754000740300202DE9FC410446002000900190C6
:10755000184903C9CDE9000108208DF80200012C6B
:1075600003D101208DF8030010E0022C03D101208B
:107570008DF804000AE0032C03D102208DF80300EB
:1075800004E0042C02D102208DF804009DF805309F
:107590009DF804209DF803109DF80200064F3E68F8
:1075A000B04705468DF8065008216846FCF78AFD6D
:1075B000BDE8FC81C80B00207403002010B5012039
:1075C0002749087134E02748807801280ED1C82067
:1075D000FEF7A8FB00202349887021490871224941
:1075E000086A8047C820FEF79DFB25E01E484FF43F
:1075F000AF71C2690F209047C820FEF793FB19486E
:10760000807801280ED1FA20FEF78CFB0020154966
:107610008870134908711449086A8047C820FEF72A
:1076200081FB09E010484FF4C8718269122090472D
:107630000C4880780028C6D000BF0A48807801280E
:107640000DD1FA20FEF76EFB002006498870044930
:1076500008710549086A8047C820FEF763FB10BD22
:10766000B40B0020601A0020240900202DE9F0410D
:1076700004460D46164601203549087146E0354856
:107680008078012817D1C820FEF74CFB0020314933
:1076900088702F4908713048B421826928209047AA
:1076A0002E4833462A46214607681920B847C82085
:1076B000FEF738FB2EE028484FF4AF71C2690F2067
:1076C0009047C820FEF72EFB22488078012817D16A
:1076D000FA20FEF727FB00201E4988701C4908711C
:1076E0001D48B4218269282090471C4833462A4609
:1076F000214607681920B847C820FEF713FB09E0A8
:1077000015484FF4C871826912209047114880785B
:107710000028B4D000BF0F488078012816D1FA2085
:10772000FEF700FB00200B498870094908710A48E0
:10773000B421826928209047084833462A462146CA
:1077400007681920B847C820FEF7ECFABDE8F081B9
:10775000B40B0020601A002024090020340E002001
:1077600070B5044666181644F018C61700EB166686
:107770003612A0EB0626F5B2284670BD1F490968EF
:107780001F4AD2F8142241EA42011D4AD2F81822B7
:1077900041EA82011A4AD2F81C2241EAC20141F0B0
:1077A000F001C943C8B21749497841400140154A20
:1077B00011701146487009789278114011B1012179
:1077C000104A91710F4909780E4AD278114011B1CF
:1077D00001210C4AD1710B4909780A4A12791140EA
:1077E00011B10121074A117206490978054A5279F7
:1077F000114011B10121034A5172704710024442F5
:1078000000004442980300202DE9FC4706460F463D
:1078100090461C460020009001901E4903C9CDE906
:107820000001012C03D101208DF8020004E0022C9C
:1078300002D102208DF802008DF803608DF80470EB
:107840008DF805809DF805309DF804209DF8031003
:107850009DF80200DFF84090D9F800C0E0470546E7
:107860008DF806504FF000090AE008216846FCF741
:1078700029FC6420FEF756FA09F1010000F0FF0927
:10788000B9F1030FF1DB4FF4FA70FEF74BFABDE8E4
:10789000FC870000EC0C0020740300202DE9FC4163
:1078A0000446002000900190234903C9CDE900015E
:1078B00004208DF8020000208DF80300642094FB62
:1078C000F0F00A2190FBF1F201FB1200C0B28DF83A
:1078D00004000A2094FBF0F100FB114194FBF0F04E
:1078E0000A2290FBF2F302FB130001EB0010C0B27E
:1078F0008DF805009DF805309DF804209DF80310D3
:107900009DF802000D4F3D68A84706468DF80660B9
:10791000002508E008216846FCF7D4FB6420FEF748
:1079200001FA681CC5B2032DF4DB4FF4FA70FEF7C0
:10793000F9F9BDE8FC810000EC0C00207403002084
:107940002DE9FC4105460020009001901F4903C924
:10795000CDE9000103208DF8020000208DF804001D
:107960008DF8050025B1012D06D0022D0CD107E0C0
:1079700000208DF8030007E001208DF8030003E0EC
:1079800002208DF8030000BF00BF9DF805309DF870
:1079900004209DF803109DF802000D4F3E68B0478B
:1079A00004468DF80640002608E008216846FCF7EA
:1079B00089FB6420FEF7B6F9701CC6B2032EF4DB17
:1079C0004FF49670FEF7AEF9BDE8FC81EC0C002098
:1079D000740300202DE9F041044663792279E178AF
:1079E000A078074F3E68B0470546A571082120469C
:1079F000FCF75CFB6420FEF795F9BDE8F081000020
:107A00007403002030B58DB005466846F8F709FCD0
:107A1000C4B221466846FCF711FB0DB030BD000032
:107A200070B58EB004460D462B46224606A101A82D
:107A3000FDF7D4FC01A8F8F7F4FBC6B2314601A863
:107A4000FCF7FCFA0EB070BD434D44322D333A20A2
:107A50002523782D2523780030B585B004461421E0
:107A60006846F8F7D3FB31495220FBF750FE002857
:107A700059D101212046FBF7D1FF2D48007801287C
:107A80001BD12B480078401C294908701022294935
:107A90002948F8F7A2FB284A28A16846FDF79EFC72
:107AA0006846F8F7BEFBC5B229466846FCF7C6FA39
:107AB000072124A0FCF7C2FA35E01D48007802280F
:107AC0001BD11B480078401C194908701022194925
:107AD0001E48F8F782FB1D4A18A16846FDF77EFC98
:107AE0006846F8F79EFBC5B229466846FCF7A6FA39
:107AF000072117A0FCF7A2FA15E010220D4916483D
:107B0000F8F76BFB144A0DA16846FDF767FC684661
:107B1000F8F787FBC5B229466846FCF78FFA0721BC
:107B20000EA0FCF78BFA05B030BD00002517002031
:107B30002C0E0020481B0020681B00202573200D00
:107B40000A00000041444452310A0000781B002022
:107B500041444452320A0000881B002041444452F0
:107B6000330A00002DE9F04180460D4616461F46B7
:107B7000FCF7C2F90024FCF7BFF99348007810B96C
:107B80004046FCF703F965E08F480078012809D1E9
:107B90008E49087000210846FCF75EFA00208C49E7
:107BA00008705BE08B495220FBF7B1FD002851D1F2
:107BB00000210846FCF750FA0020854908704FF470
:107BC000FA70FEF7AFF884480078012817D1012138
:107BD0002846FBF723FF80480078401C7E49087048
:107BE00010227E497E48F8F7F8FA10227D497E4837
:107BF000F8F7F3FA07217DA0FCF720FA28E0764891
:107C00000078022817D101213046FBF707FF7248A0
:107C10000078401C70490870102270497548F8F7C8
:107C2000DCFA10226F497448F8F7D7FA072173A0DD
:107C3000FCF704FA0CE001213846FBF7EFFE1022B6
:107C400066497048F8F7C9FA07216FA0FCF7F6F902
:107C5000012403E05D480078012895D100BF012C84
:107C600058D14046FCF792F84FF4FA70FEF75AF8F4
:107C700046E055480078012809D154490870002190
:107C80000846FCF7E9F90020514908703CE05149E9
:107C90005220FBF73CFD90BB00210846FCF7DCF9C5
:107CA00000204B4908704FF4FA70FEF73BF84A4841
:107CB0000078022812D148480078401C46490870D4
:107CC00001213046FBF7AAFE102244494948F8F743
:107CD00084FA072149A0FCF7B1F90CE001213846EC
:107CE000FBF79CFE10223D494648F8F776FA07213B
:107CF00045A0FCF7A3F9FCF7FFF8022404E0FFE736
:107D0000324800780128B4D100BF022C02D140498A
:107D1000086A80472C480078012853D1022C51D0A2
:107D20002D480078012818D13A480169284688472B
:107D30003748C8218269282090473648016928467B
:107D400088473348C8218269282090473148016913
:107D500028468847FCF7D0F834E01F48007802280E
:107D600018D12C480169304688472948C8218269C2
:107D70002820904727480169304688472448C82171
:107D80008269282090472348016930468847FCF7DC
:107D9000B3F817E01F480169384688471C48C821D6
:107DA0008269282090471B4801693846884718484F
:107DB000C8218269282090471648016938468847BB
:107DC000FCF79AF8BDE8F081270E0020C2180020C9
:107DD000C1180020251700202C0E0020481B002071
:107DE000681B0020581B00202B17002041444452E0
:107DF000310A0000781B0020321700204144445211
:107E0000320A0000881B002041444452330A00001B
:107E100024090020340E002070B506460C46154695
:107E2000002042490870012008703046FBF7AEFF81
:107E300000203F4908706DE03E480088A0420FDBFB
:107E400000210846FCF708F900203A490880374924
:107E500008700120364908700020374908705DE03D
:107E600036495220FBF753FC002853D10021084625
:107E7000FCF7F2F800202F4908802C4908702E49A1
:107E8000087001202A4908704FF4FA70FDF74AFF84
:107E900001212846FBF7C2FD29480078012813D1AB
:107EA00027480078401C264908701022254926489A
:107EB000F8F793F9102225492548F8F78EF907219C
:107EC00024A0FCF7BBF820E01D480078022813D15D
:107ED0001B480078401C1A490870102219491F4895
:107EE000F8F77BF9102219491D48F8F776F90721B0
:107EF0001CA0FCF7A3F808E0102212491B48F8F771
:107F00006CF907211AA0FCF799F84FF49670FDF769
:107F100009FF03E00648007801288DD100BF4FF427
:107F2000FA70FDF7FFFEFBF7E7FF70BDEA180020CF
:107F3000C2180020E8180020C118002025170020D2
:107F40002C0E0020481B0020681B0020581B00201E
:107F50002B17002041444452310A0000781B0020B6
:107F60003217002041444452320A0000881B00208E
:107F700041444452330A000070B506460C46304670
:107F8000FBF704FF27E017495220FBF7C0FB10BBAB
:107F900000210846FCF760F800201349087000250E
:107FA0000EE00120114908606420FDF7BBFE0020AF
:107FB0000F49C1F894026420FDF7B4FE681CC5B2F5
:107FC0000A2DEEDB02212046FBF728FD4FF4FA7064
:107FD000FDF7A8FE03E0074800780128D3D100BFD1
:107FE00070BD000025170020C11800209482434274
:107FF00000804342C218002010B5044604495220B4
:10800000FBF785FB02212046FBF708FD10BD0000B1
:10801000251700202DE9F041044663792279E178A3
:10802000A078074F3E68B0470546A5710821204655
:10803000FCF748F83220FDF775FEBDE8F08100003E
:108040007403002010B504462046FCF7C7FD10BDA0
:1080500010B505210148FCF7D1FD10BDBC1500206D
:1080600038B5044600200090144800680090012CA8
:1080700004D0022C09D0032C15D10DE00C208DF872
:108080000200F3208DF803000EE018208DF80200A6
:10809000E7208DF8030007E05E208DF80200A120A4
:1080A0008DF8030000E000BF00BF04216846FBF725
:1080B00069F8C820FDF736FE38BD0000740F0020B7
:1080C0002DE9F0410646002512E0FAF7B5FE4B49CE
:1080D00021F815004A488168012088474FF4FA705A
:1080E000FDF720FE4FF4FA70FDF71CFE681CC5B2C8
:1080F000042DEADB4148078842480421C2693F4811
:108100009047002009E03D4931F81010B94202D1F2
:10811000411CCCB203E0411CC8B20428F3DB00BF11
:10812000012E06D0022E1CD0032E32D0042E61D197
:1081300047E0012C00D15EE0022C04D13048816878
:10814000032088470CE0032C04D12D4881680220CD
:10815000884705E0042C03D129488168012088471D
:1081600049E0012C04D126488168012088470FE0AE
:10817000022C00D13FE0032C04D121488168032068
:10818000884705E0042C03D11D48816802208847F8
:1081900031E0012C04D11A488168022088470FE0A1
:1081A000022C04D1164881680120884708E0032C7E
:1081B00000D120E0042C03D11148816803208847B6
:1081C00019E0012C04D10E4881680320884710E093
:1081D000022C04D10A4881680220884709E0032C58
:1081E00004D1074881680120884702E0042C00D1AF
:1081F00001E000E000BF00BFBDE8F081780F002083
:10820000680F0020740300207CB5002000900190CE
:10821000002411E0FAF710FE2DF8140010488168D0
:10822000012088474FF4FA70FDF77CFD4FF4FA7097
:10823000FDF778FD601CC4B2042CEBDBBDF80050E8
:10824000002109E03DF81100A84203D1481CC6B244
:1082500030467CBD481CC1B20429F3DB0020F8E79E
:10826000680F00202DE9FC4104460D4600200090D7
:1082700001902B4903C9CDE90001012C03D10B204A
:108280008DF801000AE0022C03D108208DF80100CE
:1082900004E0032C02D112208DF8010050208DF84B
:1082A000020000208DF80300642095FBF0F00A2105
:1082B00090FBF1F201FB1200C0B28DF804000A201D
:1082C00095FBF0F100FB115195FBF0F00A2290FBB9
:1082D000F2F302FB130001EB0010C0B28DF80500B1
:1082E0009DF805309DF804209DF803109DF80200CC
:1082F000DFF830C0DCF80070B84706468DF806603D
:10830000002708E008216846FBF7DCFE6420FDF743
:1083100009FD781CC7B2032FF4DBBDE8FC81000027
:10832000BC100020740300202DE9FC4104460F46D8
:10833000002000900190214903C9CDE9000155209A
:108340008DF80000012C03D10B208DF801000AE00C
:10835000022C03D108208DF8010004E0032C02D187
:1083600012208DF8010040208DF80200A1208DF828
:108370000300D2208DF80400E3208DF805009DF85D
:1083800005309DF804209DF803109DF80200DFF8E9
:1083900030C0DCF80060B04705468DF80650002676
:1083A00008E008216846FBF78DFE6420FDF7BAFC63
:1083B000701CC6B2032EF4DBBDE8FC81BC100020AB
:1083C000740300202DE9FC4104460E461E4903C9F2
:1083D000CDE90001012C03D10B208DF801000AE04A
:1083E000022C03D108208DF8010004E0032C02D1F7
:1083F00012208DF8010010208DF8020000208DF869
:1084000003008DF804608DF803009DF805309DF899
:1084100004209DF803109DF80200DFF830C0DCF85E
:108420000070B84705468DF80650002708E008217F
:108430006846FBF747FE6420FDF774FC781CC7B262
:10844000032FF4DBBDE8FC81BC1000207403002086
:108450002DE9FC4104460D46002000900190214981
:1084600003C9CDE90001012C03D10B208DF80100D7
:108470000AE0022C03D108208DF8010004E0032C4F
:1084800002D112208DF8010010208DF80200012D7C
:1084900004D0022D06D0032D0CD107E001208DF869
:1084A000030000BF02208DF8030000BF03208DF8F9
:1084B000030000BF00BF00BF9DF805309DF80420F9
:1084C0009DF803109DF80200DFF81CC0DCF8007076
:1084D000B84706468DF8066008216846FBF7F2FDAE
:1084E000BDE8FC81BC100020740300202DE9FC4194
:1084F00005460C46002000900190364903C9CDE99D
:108500000001012D03D10B208DF801000AE0022D9E
:1085100003D108208DF8010004E0032D02D11220C0
:108520008DF8010020208DF8020020788DF80300DE
:1085300060788DF80400A0788DF805009DF805306E
:108540009DF804209DF803109DF80200DFF888C014
:10855000DCF80070B84706468DF80660002708E092
:1085600008216846FBF7AEFD6420FDF7DBFB781CB5
:10857000C7B2032FF4DB4FF49670FDF7D3FB212035
:108580008DF80200E0788DF8030020798DF8040062
:1085900060798DF805009DF805309DF804209DF860
:1085A00003109DF80200DFF830C0DCF80070B84717
:1085B00006468DF80660002708E008216846FBF7AC
:1085C00081FD6420FDF7AEFB781CC7B2032FF4DBFE
:1085D000BDE8FC81BC100020740300202DE9FC41A3
:1085E00004460E46002000900190264903C9CDE9BB
:1085F0000001012C03D10B208DF801000AE0022CB0
:1086000003D108208DF8010004E0032C02D11220D0
:108610008DF8010030208DF80200012E04D0022ECA
:1086200006D0032E0CD107E000208DF8030000BF18
:1086300001208DF8030000BF02208DF8030000BF69
:1086400000BF00BF9DF805309DF804209DF8031081
:108650009DF80200DFF830C0DCF80070B84705462E
:108660008DF80650002708E008216846FBF72AFD30
:108670006420FDF757FB781CC7B2032FF4DBBDE87D
:10868000FC810000BC100020740300202DE9FC4197
:1086900004460D46002000900190294903C9CDE908
:1086A0000001012C03D10B208DF801000AE0022CFF
:1086B00003D108208DF8010004E0032C02D1122020
:1086C0008DF8010060208DF80200072D1DD2DFE833
:1086D00005F01C04080C1014180001208DF803008C
:1086E00014E002208DF8030010E003208DF8030051
:1086F0000CE004208DF8030008E005208DF803004D
:1087000004E006208DF8030000E000BF00BF9DF8E4
:1087100005309DF804209DF803109DF80200DFF855
:1087200024C0DCF80070B84706468DF806600821C2
:108730006846FBF7C7FC6420FDF7F4FABDE8FC814E
:10874000BC100020740300202DE9FC4104460020E9
:10875000009001900025314903C9CDE90001012CA9
:1087600003D10E208DF8010004E0022C02D10F206D
:108770008DF8010001208DF802009DF805309DF86C
:1087800004209DF803109DF80200DFF894C0DCF887
:108790000070B84706468DF80660012C14D10EE033
:1087A00008216846FBF78EFCC820FDF7BBFA681C61
:1087B000C5B20F2D03DD00201A49087003E01948E7
:1087C00000780028ECD016E0022C14D10EE008212D
:1087D0006846FBF777FCC820FDF7A4FA681CC5B211
:1087E0000F2D03DD00200F49487003E00D4840784D
:1087F0000028ECD000BF00200A49087048704FF4F0
:10880000FA70FDF78FFA4FF4FA70FDF78BFA06480D
:10881000016906488847BDE8FC810000F01100208E
:1088200074030020601A00204C06002097060020E8
:108830002DE9FC4104460E46224903C9CDE9000159
:10884000012C03D10E208DF8010004E0022C02D18E
:108850000F208DF8010002208DF80200012E04D0B7
:10886000022E06D0032E0CD107E001208DF8030064
:1088700008E002208DF8030004E003208DF80300D7
:1088800000E000BF00BF9DF805309DF804209DF872
:1088900003109DF80200DFF830C0DCF80070B84724
:1088A00005468DF80650002708E008216846FBF7CA
:1088B00009FC3C20FDF736FA781CC7B2032FF4DB25
:1088C000BDE8FC81F0110020740300202DE9FC417B
:1088D000074600200090019000241648016800918E
:1088E000406801909DF805309DF804209DF8031024
:1088F0009DF80200DFF840C0DCF80060B047054694
:108900008DF806500CE00D48C16868468847601C29
:10891000C4B24FF49670FDF705FA052C00DB03E0B6
:10892000064880780028EED000BF002003498870F8
:10893000BDE8FC81FE04002074030020D004002068
:108940001FB501210846FBF76DF94FF08040FBF79A
:10895000E2FD0020ADF80C00ADF8060040F2E73073
:108960000290A720ADF8040000208DF80E0001A9A8
:108970004FF08040FBF7D6FD012211469007FBF730
:10898000C1FD4FF4A060FAF701FD1C208DF8000036
:1089900001208DF8030002208DF8010001208DF8E0
:1089A00002006846FAF7B6FC01218807FBF78DFD47
:1089B0001FBD00001FB501210220FBF733F9184845
:1089C000FBF7A9FD0020ADF80C00ADF8060040F261
:1089D000E7300290A720ADF8040000208DF80E00CB
:1089E00001A90F48FBF79EFD012211460C48FBF739
:1089F00089FD4FF4A060FAF7C9FC1D208DF8000036
:108A000001208DF803008DF801008DF80200684602
:108A1000FAF780FC01210248FBF757FD1FBD00005B
:108A20000004004028B1012807D10121044A117037
:108A300004E00021024A117000E000BF00BF70474F
:108A4000A20300202DE9FC41044600200090019083
:108A5000224903C9CDE9000110208DF80200072C3E
:108A60001DD2DFE804F01C04080C101418000120CB
:108A70008DF8030014E002208DF8030010E00320BD
:108A80008DF803000CE004208DF8030008E00520B9
:108A90008DF8030004E006208DF8030000E000BF1D
:108AA00000BF9DF805309DF804209DF803109DF847
:108AB00002000B4F3E68B04705468DF80650002671
:108AC00008E008216846FBF7FDFA6420FDF72AF963
:108AD000701CC6B2032EF4DBBDE8FC8188140020B4
:108AE0007403002038B5044600200090FD208DF866
:108AF000000000208DF8010001208DF80200012CFB
:108B000004D0022C06D0032C0CD107E002208DF8F3
:108B1000030008E002208DF8030004E002208DF835
:108B2000030000E000BF00BF002508E00421684604
:108B3000FBF7C8FA6420FDF7F5F8681CC5B2032DF1
:108B4000F4DB38BD2DE9FC410020009001900024A9
:108B5000174903C9CDE9000131208DF80200012039
:108B60008DF803009DF805309DF804209DF8031052
:108B70009DF802000F4F3E68B04705468DF806503D
:108B80000DE008216846FBF79DFA6420FDF7CAF85E
:108B9000601CC4B2192C02DD0020BDE8FC8106482F
:108BA000C0780128EDD100200349C8700120F4E706
:108BB0008814002074030020601A00202DE9FC4175
:108BC0000020009001900024174903C9CDE900015D
:108BD00041208DF8020001208DF803009DF805303A
:108BE0009DF804209DF803109DF802000F4F3E6889
:108BF000B04705468DF806500DE008216846FBF7A2
:108C000061FA6420FDF78EF8601CC4B2192C02DDF5
:108C10000020BDE8FC810648C0780228EDD1002084
:108C20000349C8700120F4E7881400207403002071
:108C3000601A00202DE9FC410020009001900024E2
:108C4000164903C9CDE9000143208DF802009DF8C3
:108C500005309DF804209DF803109DF80200104F88
:108C60003E68B04705468DF806500DE0082168467D
:108C7000FBF728FA6420FDF755F8601CC4B2192CE4
:108C800002DD0020BDE8FC810648C0780328EDD154
:108C900000200449C8700120F4E700008814002077
:108CA00074030020601A00207CB500200090019021
:108CB000124903C9CDE9000120208DF802000120EE
:108CC0008DF803009DF805309DF804209DF80310F1
:108CD0009DF802000A4E3468A04705468DF80650FC
:108CE000002408E008216846FBF7ECF96420FDF752
:108CF00019F8601CC4B2032CF4DB7CBD881400207E
:108D0000740300202DE9FC4104460D461646002060
:108D100000900190154903C9CDE9000130208DF87C
:108D200002008DF803408DF804508DF805609DF821
:108D300005309DF804209DF803109DF80200DFF82F
:108D400030C0DCF80070B84780468DF806800027F8
:108D500008E008216846FBF7B5F96420FCF7E2FF5C
:108D6000781CC7B2032FF4DBBDE8FC818814002017
:108D7000740300202DE9FC4104460D4616460020F0
:108D800000900190154903C9CDE9000140208DF8FC
:108D900002008DF803408DF804508DF805609DF8B1
:108DA00005309DF804209DF803109DF80200DFF8BF
:108DB00030C0DCF80070B84780468DF80680002788
:108DC00008E008216846FBF77DF96420FCF7AAFF5C
:108DD000781CC7B2032FF4DBBDE8FC8188140020A7
:108DE000740300207CB505462846F7F71AFA84B2CA
:108DF000002000900190FD208DF80000A01C000ACA
:108E00008DF80100A01CC0B28DF8020001208DF881
:108E100003008DF8040005216846FBF753F9E1B221
:108E20002846FBF74FF96420FCF77CFF7CBD00006F
:108E30002DE9FC4104460E46002000900190254992
:108E400003C9CDE9000142208DF80200072C1DD294
:108E5000DFE804F01C04080C1014180000208DF842
:108E6000030014E001208DF8030010E002208DF8CB
:108E700003000CE003208DF8030008E004208DF8C7
:108E8000030004E005208DF8030000E000BF00BFF0
:108E90008DF804609DF805309DF804209DF80310BE
:108EA0009DF80200DFF830C0DCF80070B8470546D6
:108EB0008DF80650002708E008216846FBF702F904
:108EC0006420FCF72FFF781CC7B2032FF4DBBDE84A
:108ED000FC810000881400207403002010B54FF4BA
:108EE000FA70FCF71FFF0A4A1278121DD0B2094A25
:108EF000516888474FF4FA70FCF714FF4FF4FA708A
:108F0000FCF710FF4FF4FA70FCF70CFF10BD0000E7
:108F100050140020AC15002010B54FF4FA70FCF787
:108F200001FF25484168012088474FF4FA70FCF79B
:108F3000F9FE4FF4FA70FCF7F5FE4FF4FA70FCF707
:108F4000F1FE1E4840780A2190FBF1F03030C4B2A7
:108F500019484168204688474FF49670FCF7E2FEB6
:108F600015484168022088474FF49670FCF7DAFEF6
:108F7000124840780A2190FBF1F201FB12003030D8
:108F8000C4B20D484168204688474FF49670FCF7FC
:108F9000C9FE0948416803208847002409E04FF4CE
:108FA000FA70FCF7BFFE4FF4FA70FCF7BBFE601CD2
:108FB000C4B2032CF3DB10BDAC150020501400200C
:108FC00010B53948007801286AD13848007855280A
:108FD00066D136484078012812D134488078092873
:108FE0000CD2DFE800F00B050607080B0B090A009E
:108FF00005E004E003E002E001E000E000BF4FE034
:109000002A484078022835D12848807808282FD26D
:10901000DFE800F02E040A10161C22280120244943
:10902000087000F047F824E002202149087000F0A1
:1090300041F81EE003201E49087000F03BF818E0DC
:1090400004201B49087000F035F812E0052018498B
:10905000087000F02FF80CE006201549087000F0A9
:1090600029F806E007201249087000F023F800E014
:1090700000BF15E00D484078032811D10B488078D7
:1090800007280BD2DFE800F00A04050607080900EC
:1090900005E004E003E002E001E000E000BF00BF03
:1090A00000200149087010BD6D17002065170020D1
:1090B000C11500207CB50446002000900190AF202F
:1090C0008DF8000006208DF801008DF80240022086
:1090D0008DF8030000208DF804008DF805000120B4
:1090E0008DF80600BB208DF80700002508E0082158
:1090F0006846FAF7E7FF6420FCF714FE681CC5B267
:10910000032DF4DB4FF49670FCF70CFE7CBD0000E1
:109110000100000002000000040000000800000040
:10912000100000002000000040000000800000004F
:109130000001000000020000000400000008000020
:10914000001000000020000000400000008000002F
:109150000000010000000200000004000000080000
:10916000000010000000200000004000000080000F
:1091700000000001000000020000000400000008E0
:1091800000000010000000200000004000000080EF
:10919000FEFFFFFFFDFFFFFFFBFFFFFFF7FFFFFFEE
:1091A000EFFFFFFFDFFFFFFFBFFFFFFF7FFFFFFFBF
:1091B000FFFEFFFFFFFDFFFFFFFBFFFFFFF7FFFFCE
:1091C000FFEFFFFFFFDFFFFFFFBFFFFFFF7FFFFF9F
:1091D000FFFFFEFFFFFFFEFFFFFFFBFFFFFFF7FFAD
:1091E000FFFFEFFFFFFFDFFFFFFFBFFFFFFF7FFF7F
:1091F000FFFFFFFEFFFFFFFDFFFFFFFBFFFFFFF78E
:10920000FFFFFFEFFFFFFFDFFFFFFFBFFFFFFF7F5E
:109210000008040C020A060E0109050D030B070FD6
:109220000040404040404040404041414141414079
:10923000404040404040404040404040404040402E
:1092400040050202020202020202020202020202BD
:1092500002202020202020202020200202020202C2
:10926000020290909090909010101010101010101A
:109270001010101010101010101010100202020226
:10928000020288888888888808080808080808086A
:109290000808080808080808080808080202020266
:1092A0004000000021920008303132333435363727
:1092B000383941424344454600000000DC92000832
:1092C00000000020601A00006A0E000844960008A2
:1092D000601A0020680900001C540008102200FFDA
:1092E0000CF300FF18E700FF5EA103051445DE92B2
:1092F000673478A2FD27FF1401000000FF14020666
:1093000010045503010D1302BB08110F120308428C
:109310002008130403182204085200101118200515
:1093200005BB550E3C1201083302011830040E0231
:10933000022830040E020320520F20520F20520F39
:1093400020520F20520D70520D7030040D01034059
:1093500040040D0104205158520D58520530520559
:1093600030520530520530520530520588130B102B
:10937000B822110811B0500512BB550AE0200702AF
:10938000A0A100004108A007A2000042BB00010507
:10939000FF280518280409FF325A230004014A0156
:1093A000300525301006617700087D0410064189DC
:1093B0000008B504100A2D6D0008217A0008050484
:1093C0001009796C0008258A0008E83404020408B2
:1093D0004A0409FFB8BBC7BFC3F1D6F75C0D2EB472
:1093E00003100E15800008CD880008FD5200088D7E
:1093F00004100AC150000859510008F10445491DE4
:10940000F20316A0505DF203310842A3081D0904BF
:10941000310852A208211707FF00BB7C0D28300538
:10942000152B67D57968012F013F55FF4E04500574
:10943000BB55FF02085203085204085205085206A1
:10944000085207085208085209084611B905FFB723
:109450000D1E330305FF21051A211C0C9001EE029D
:109460007C015A5A28002CE2051F596E50041E70C8
:10947000B0051DB8051EC1B005125D0C2EB5C405A2
:10948000111812811412E91812B50C1F1171C805B8
:1094900005FF580D1838082D860717D968401E6A31
:1094A000F8063C096B00084969000855E8030DFF00
:1094B000B103051C383F0302060510064575000878
:1094C000BD04176D763806FF0C380D1F7809575507
:1094D000042419791F097880091DA0060FFF9D78C3
:1094E000A4030D23500922C8CE510C1C07657B0034
:1094F00008197EAC0A10057F0008F9041E59B80A45
:1095000007FFA892480D1B240D1F09822C061D90F1
:109510000A1261040FFF00FF280D0D252006100C14
:109520000300C583000851840008ED041006DD85A2
:109530000008291016654C1F8D862C060EFF00F4BE
:109540000405224421F10408FF00498700083188FE
:10955000340D23D0101E0D5C0C1C0625720008452E
:10956000C009040BFF29740008B173000809733C9B
:109570000D2B30061E45C4101FA98CD41010058D6C
:10958000000875041F458BAC0811041006318E00CD
:1095900008351812E51812E52412DD101F198FC0C6
:1095A0000806FF065C0D1FC0081E5140061E45D46C
:1095B0001016C1301006B5900008FA010E32A15EF7
:1095C0000F100A10014000440040004804124C04EF
:1095D00012500405FF780D28D81039E13C0D2A2AD5
:1095E000362626325E5E3C44333E20169101AC0E98
:1095F000524649445F414444523A30310A15151EDF
:10960000FDD7137D27150517BF1DB40522040404DB
:1096100005FF0607080998052E980D2F6B12100AF2
:10962000C003E0078002E007A0041007E000E007A5
:109630000001081104AD8F120EFF30A8090536880D
:049640000000000026
:040000050800018965
:00000001FF
