:020000040800F2
:1000000038280020A1010008A9010008AB01000860
:10001000AD010008AF010008B101000800000000B8
:10002000000000000000000000000000B301000814
:10003000B501000800000000B7010008B901000880
:10004000BB010008BB010008BB010008BB010008A0
:10005000BB010008BB010008BB010008BB01000890
:10006000BB010008BB010008912B0008BB01000880
:10007000BB010008BB010008BB010008BB01000870
:10008000BB010008BB010008BB010008BB01000860
:10009000BB010008BB010008BB010008BB01000850
:1000A000CD440008F1440008BB010008BB01000872
:1000B0001D450008E9450008BB010008BB01000818
:1000C000BB010008BB010008BB010008BB01000820
:1000D000BB010008654B0008C14B0008BB010008CC
:1000E000BB010008BB010008BB010008BB01000800
:1000F000BB010008BB010008BB010008BB010008F0
:10010000BB010008BB010008BB010008BB010008DF
:10011000554B0008BB010008454600087146000821
:10012000BB010008BB010008BB010008BB010008BF
:10013000BB010008BB010008BB010008BB010008AF
:10014000BB010008BB010008BB010008BB0100089F
:10015000BB010008BB010008BB010008914C00086E
:10016000BB010008BB010008BB010008BB0100087F
:10017000BB010008BB010008BB010008BB0100086F
:10018000BB010008BB010008DFF810D000F08CFCB8
:10019000004800474D620008AFF300803828002077
:1001A0000648804706480047FEE7FEE7FEE7FEE711
:1001B000FEE7FEE7FEE7FEE7FEE7FEE76544000830
:1001C0008901000800487047909C000810B504465B
:1001D000FFF7F8FF0068005D00F0010010BD40EA85
:1001E00001039B0703D009E008C9121F08C0042AB5
:1001F000FAD203E011F8013B00F8013B521EF9D29C
:100200007047D2B201E000F8012B491EFBD27047C3
:100210000022F6E710B513460A4604461946FFF7D2
:10022000F0FF204610BDCAB2401E10F8011F8A42DE
:1002300002D00029F9D100207047421C10F8011BA0
:100240000029FBD1801A704710B5002200E0521C33
:10025000835C8C5CA34201D1002BF8D1D8B2E1B20F
:10026000401A10BD034611F8012B00F8012B002A9B
:10027000F9D11846704700000FB400B58DB010A931
:1002800009900B9000914FF0FF300A9000200C90E5
:1002900005480690054807906A4609A80F9900F09E
:1002A000D9FA0DB05DF814FB710800088F0800083A
:1002B0002DE9FF5FD2E901A74FF000089169994647
:1002C0001446DDF838B0464601988847054659EA95
:1002D0000B0005D009E0A169761C01988847054606
:1002E000216A284688470028F5D1681C03D05FEAB8
:1002F000CA7005D015E04FF0FF3004B0BDE8F09FA4
:100300002068011D2160D0F800800AE05FEACA7011
:1003100001D108F8015BA169761C7F1E019888470E
:100320000546002F1ADD681C18D0B9F1000F0DD05A
:10033000E81705EBD060421120F01F0059F8221099
:100340002A1A012090400142E0D107E0BBF1000FE2
:10035000DCD1216A284688470028D7D0E169019876
:100360008847BBF1000F07D1002E05DD5FEACA7098
:1003700002D1002188F80010A068B84203DDBBF16B
:10038000000F03D017B16FF00100B6E73046B4E7B5
:1003900070B5064605F042FA046805460A220021B7
:1003A000304600F085FA2C6070BD2DE9FE4F804686
:1003B00081EA0300C00F0C46009021F0004123F0B9
:1003C0000045B8EB0200A94105D2404621469046BF
:1003D0001C460B46024623F00040104347D0270D31
:1003E000C7F30A00C3F30A510290401A0190402853
:1003F0006BDAC3F3130040F4801B0098924620B1DF
:100400000023D2EB030A63EB0B0B01985946C0F1B2
:100410004002504600F0D8F906460D46504659466F
:10042000019A00F0F0F910EB08006141002487EA1E
:10043000115284EAE7731A4340D0009A62B3019ADA
:10044000012A4FEA075215DC001B61EB02014FF055
:10045000004202EA0752CDE90042001C41F580113A
:1004600032462B4600F0A2FA03B0BDE8F08F4046BA
:100470002146F9E7001B61EB0201001C41F58013E6
:1004800000185B412018A2F5001747EB030140EA72
:10049000D570B6196D4111E06D084FEA360645EA90
:1004A000C0754FEA0752001B61EB0201001C41F5C9
:1004B000801149084FEA30000019514132462B465D
:1004C00003B0BDE8F04F00F062BA0098012240008E
:1004D0000023D0EB020263EBE073009821464FEA61
:1004E000E074B8EB000061EB0401E9E783F000433E
:1004F0005BE781F0004158E72DE9FE4F81EA0304F4
:1005000004F0004421F0004100944FF0000B23F070
:10051000004350EA01045ED052EA03045BD0C3F307
:100520000A54C1F30A552C44A4F2F3340194A0FBFD
:100530000254C1F3130141F48011C3F3130343F4D4
:10054000801301FB024400FB034E840A970A44EA2D
:10055000815447EA8357A4FB076802958D0A05FB7F
:1005600007854FEA932C04FB0C542705029D4FEAA4
:10057000065847EA1637B5EB08056EEB070C870EF1
:10058000920E47EA811742EA8312A7FB0201B6EBFB
:100590000B0164EB00042B0D43EA0C335E1844EBB3
:1005A0001C50DA465146E7FB0201C5F313044FEA3B
:1005B0000B3343EA14534FEA0432019C43EA060327
:1005C000A4F10C040294009CCDE900B400F0EEF913
:1005D00003B0BDE8F08F00200146F9E72DE9F04DAA
:1005E00081EA030404F0004B21F0004514464FF06B
:1005F000000A23F0004150EA050220D054EA01022B
:100600001DD0C5F30A570246C5F31303C1F3130007
:10061000C1F30A5640F4801543F48013A7EB060893
:10062000101BD64608F2FD3873EB050002D308F123
:10063000010801E092185B41B8F1000F03DA0020D5
:100640000146BDE8F08D00204FF480110646844637
:100650000EE0171B73EB050705D3121B63EB0503B5
:1006600006434CEA010C49084FEA300092185B41FE
:1006700050EA0107EDD152EA030012D082EA0400E9
:1006800083EA0501084305D0101BAB4106D20122C5
:10069000002306E000224FF0004302E06FF0010269
:1006A00053101AEB06004CEB085110EB0A0041EB1B
:1006B0000B01BDE8F04D00F06AB90EB5C10F80EA3C
:1006C000E0700844CA07002140F233438DE80E0071
:1006D0000A460B4600F06AF903B000BD00F0004284
:1006E00030F000400AD0C10D01F56071C0F3160072
:1006F00042EA0151C20840071143704700200146F9
:10070000704701F0004330B421F0004150EA01028B
:1007100006D00A0DA2F56072C1F31301002A02DCB3
:1007200030BC00207047440F44EAC104C100E01807
:1007300030BC00EBC25000F0F3B830B50B460146B8
:1007400000202022012409E021FA02F59D4205D370
:1007500003FA02F5491B04FA02F52844151EA2F11A
:100760000102F1DC30BD2DE9F05F05460020924624
:100770009B4688460646814640241BE02846414663
:100780004746224600F02FF853465A46C01A914178
:1007900010D311461846224600F016F82D1A67EBC2
:1007A00001084F4622460120002100F00DF817EB0A
:1007B00000094E41201EA4F10104DFDC4846314609
:1007C0002A464346BDE8F09F202A04DB203A00FA7F
:1007D00002F1002070479140C2F1200320FA03F398
:1007E000194390407047202A04DB203A21FA02F096
:1007F0000021704721FA02F3D040C2F1200291405B
:10080000084319467047202A06DBCB17203A41FAE5
:1008100002F043EAE07306E041FA02F3D040C2F18D
:10082000200291400843194670473A2800D23038D8
:1008300020F02002412A01D3A2F13700884201D3DF
:100840004FF0FF30704700000268114413780160D8
:1008500018467047D1600449516104491162002172
:100860001161114600F032B949080008CD010008B5
:10087000426842B1016811F8013B23B1521EC0E940
:100880000012184670470121C160881E70474268F7
:100890005AB1C368016843B983688B4205D0491EC9
:1008A000521CC0E90012002070474FF0FF30704723
:1008B0002DE9F04791460F4680460446002614F87D
:1008C000015B2DB1FFF77EFC0068405DC007F6D1EB
:1008D0002B2D02D02D2D18D0641E4A4639462046B5
:1008E00000F08CFA27B13968A14201D1C7F8008025
:1008F00071054FF002040BD54042002803DD04F0DF
:100900008DFF0460A007BDE8F08746F48066E4E749
:100910000028F8DA04F082FF04606FF00040F2E78C
:100920000029A8BF7047401C490008BF20F0010003
:10093000704710B4B0FA80FC00FA0CF050EA0104E1
:1009400004BF10BC704749B1CCF1200421FA04F473
:1009500011FA0CF118BF012121430843A3EB0C014C
:10096000CB1D4FEA00614FEA102042BF002010BCAF
:10097000704700EBC35010440029A4BF10BC70475F
:10098000401C490008BF20F0010010BC704710B5A2
:10099000141E73F1000408DA401C41F100019218A2
:1009A0005B411A4301D120F0010010BD2DE9F04D4B
:1009B00092469B4611B1B1FA81F202E0B0FA80F2A0
:1009C00020329046FFF700FF04460F4640EA0A0037
:1009D00041EA0B0153465A46084313D0114653EAE5
:1009E000010019D0C8F140025046FFF7FCFE054651
:1009F0000E46504659464246FFF7E6FE084305D0EC
:100A0000012004E020463946BDE8F08D0020054372
:100A100046EAE0762C4337430A986305E40AA0EBE4
:100A200008000022FD0A44EA47540A3002D500209B
:100A30000146E9E7010510196941DDE9084500199A
:100A40006941BDE8F04DA2E7C1F30A52C1F31301B9
:100A500040F2FF3341F480119A4202DA002001464D
:100A6000704740F233439A42A2F2334202DC5242D0
:100A7000FFF7B9BEFFF7A8BE30B5041E71F1000440
:100A800004DB4FF00044404264EB0101141E73F19B
:100A9000000405DB1C464FF00043524263EB0403A5
:100AA000994208BF904230BD064C074D06E0E06811
:100AB00040F0010394E8070098471034AC42F6D3A5
:100AC000FFF766FBA89C0008C89C00082DE9F34FBF
:100AD0008BB04FF0000801F10C000C464FF0010BF9
:100AE00046460DF1080A019062690121019890477C
:100AF000051E2DD0252D2CD0216A8847C0B16269F2
:100B0000012101989047216A88470028F7D1411EAA
:100B100062690198904700E0761CA1690B988847AC
:100B2000216A88470028F7D1E1690B988847DBE7FD
:100B3000A1690B9888470746A84201D1761CD3E7E4
:100B4000E1690B9888477F1C02D1B8F1000F6FD084
:100B500047E1002762693D463946019890472A28B7
:100B600004D162690121019890470125DFF888923C
:100B70006269012101989047A0F130010A290AD247
:100B80004F45E5DC07EB870100EB4107303FDFD441
:100B900045F01005ECE7E90601D46FF000476C283A
:100BA0000AD04C2814D0682815D06A280DD0742893
:100BB0001CD07A281AD01DE0626901210198904763
:100BC0006C2802D045F0040514E045F002050DE064
:100BD00045F020050AE062690121019890476828E4
:100BE00002D045F0080505E045F400656269012181
:100BF00001989047C4E9015765283DD019DC582871
:100C00007AD00CDC452837D004DC252826D04128B2
:100C100031D131E046282FD047282CD12CE05B2859
:100C200077D0612828D063287CD0642823D15AE06B
:100C3000D1E06F2848D008DC66281DD067281BD07B
:100C4000692821D06E2816D127E0702845D0732856
:100C500068D0752847D078280DD14DE0A1690B9850
:100C60008847054625283FF469AFE1690B98884716
:100C70006D1C3FF46AAFB4E023466A466FF0010092
:100C80000B99AFF300809FE045F040006060A8073B
:100C900023464FF0000236D43EE0E8077FF447AF2A
:100CA0002068011D21600068290501D506701BE739
:100CB000290701D5068017E7A90703D5F117C0E971
:100CC000006111E706600FE745F040006060A8078B
:100CD00023464FF0080216D41EE040F60E0125EA26
:100CE0000100606016E045F040006060A807234600
:100CF0004FF00A0207D40FE045F040006060A807FB
:100D000008D5234610226FF001000B99AFF3008045
:100D10005AE007E0234610226FF001000B99AFF371
:100D2000008051E04FF000094F464B46632802D047
:100D30005B2807D041E02079C00601D40120A060E3
:100D400001273AE062690121019890475E2805D1A8
:100D50004FF001096269494601989047216939B904
:100D600000210A46534643F82120491C0829FADB92
:100D7000B0B3216969B9C11700EBD16253110AEB15
:100D8000830122F01F02821A01200B689040034366
:100D90000B6062690121019890475D28E8D1B9F1A3
:100DA000000F09D00020514651F82020D24341F8CD
:100DB0002020401C0828F7DB02AB224600976FF08A
:100DC00001000B99FFF774FA00280CDA401C08D1D7
:100DD000BBF1000F05D04FF0FF300DB0BDE8F08F34
:100DE000FFE74046F9E7E90701D108F101080644A9
:100DF0004FF0000B78E60000CCCCCC0C2DE9F05F76
:100E000082460078002715468B460AF10104B94650
:100E1000302801D09DB113E014F8010B0127782888
:100E200003D0582801D045B10AE00DB1102D07D1EB
:100E30000027102514F8010B02E0082500E00A2520
:100E40000026B0460EE005FB080005FB06F1012771
:100E500001EB10461FFA80F8B6F5803F00D3B94683
:100E600014F8010B2946FFF7E0FC0028EBDABBF190
:100E7000000F05D00FB1641E00E05446CBF80040CF
:100E8000B9F1000F06D004F0C9FC02210160C81EB0
:100E9000BDE8F09F48EA0640FAE770B58D1810F8F3
:100EA000014B14F0030201D110F8012B231106D1DC
:100EB00010F8013B03E010F8016B01F8016B521EC2
:100EC000F9D1ABB110F8012B04F00C048A1A0C2CE8
:100ED00003D0A2EB84129B1C08E010F8014BA2EB9C
:100EE0000422F8E712F8014B01F8014B5B1EF9D51B
:100EF000A942D4D3002070BDCA430260704721B11B
:100F0000826842F00102826003E0826822F00102FE
:100F1000826070470021084A1168084A1140D0E9F0
:100F200000231A4383681A43C3681A431143044ACF
:100F3000C2F804137047000004230140E030FCFFB6
:100F40000020014000B58DB00121084602F040FFAD
:100F50000121080202F06CFF4020019003208DF86F
:100F6000080000208DF80B0001A9174801F04DFF83
:100F70000020039004900690059003A8FFF7CAFF95
:100F80000121080202F064FF00214FF4807002F09A
:100F90005FFF00208DF8200007908DF82100099058
:100FA0000B9001208DF8300007A9084800F01EF8CA
:100FB000062301221946054800F042F801210348A2
:100FC000FFF79DFF0DB000BD000002400020014072
:100FD0000146C86C80B270470246002013680B407F
:100FE0000BB1012000E000207047000030B5024640
:100FF000002000235068104C20400D790C6844EA12
:1010000005242043506090680C4C2040D1E90354E3
:101010002C438D682C434D7944EA4504204390606D
:10102000D06A20F470000C7D641EE4B2234340EAD1
:101030000350D06230BD0000FFFEFFFCFDF7FFC093
:10104000F0B504460D4600200021092D11DDE068B1
:10105000A5F10A0606EB4607072606FA07F18843BC
:10106000A5F10A0606EB460603FA06F10843E0601E
:101070000CE0206905EB4507072606FA07F18843CF
:1010800005EB450603FA06F108432061072A0FDA4B
:10109000606B561E06EB86071F2606FA07F188438B
:1010A000561E06EB860605FA06F10843606322E049
:1010B0000D2A0FDA206BD61F06EB86071F2606FACD
:1010C00007F18843D61F06EB860605FA06F10843AA
:1010D000206310E0E06AA2F10D0606EB86071F26EA
:1010E00006FA07F18843A2F10D0606EB860605FA1B
:1010F00006F10843E062F0BD816841F08041816003
:101100007047000070B500232A4A12780B2A03DAD0
:101110000022294C22704BE0002044E0274A125C58
:10112000552A3ED1254C421CA25CEE2A39D100F151
:101130000A02A25CBB2A34D12546841C2D5D1F4EB9
:10114000C41C345D2544041D345D2544441D345DB8
:101150002544841D345D2544C41D345D254400F1BF
:101160000804345D2A19D41702EB14642412A2EB8C
:101170000424E3B2344600F10902A25C9A420DD184
:10118000002105E00A180D4CA25C62544A1CD1B241
:101190000B29F7DB0122084C227002E00022064CEA
:1011A0002270421CD0B2034A12780A3A8242B5DA5F
:1011B00070BD0000941B0020FC070020A822002026
:1011C00010B500F009F8012003F00EF900200149E4
:1011D000086010BDBC0243421CB50121422002F050
:1011E000F7FD4020009001208DF8040000208DF8CC
:1011F000060003208DF8050069460A4801F005FE47
:101200004FF40040009001208DF8040000208DF87C
:10121000060003208DF805006946024801F0F5FD3F
:101220001CBD00000004024010B502F093FF012035
:1012300008490860022004F097FF0748D0F81C0214
:10124000C4B2002003490860022004F08DFF20464C
:1012500010BD0000988240420080404270B50024DA
:1012600002F078FF012010490860002517E06006B1
:10127000040E01200C49091F0860022004F074FFCD
:101280000A48D0F81C0208B1601CC4B2002006490C
:10129000091F0860022004F067FF681CC5B2082D12
:1012A000E5DB204670BD00009C8240420080404249
:1012B00010B5044602F05EFF1CB101200A49086027
:1012C00002E000200849086001200749091F086062
:1012D000022004F049FF00200449C1F898020220CE
:1012E00004F042FF10BD00009C824042008040425A
:1012F00070B5044602F03EFF00251BE004F08006B6
:101300001EB101200E49086002E000200C4908606F
:101310006006040E01200A49091F0860022004F03B
:1013200023FF00200749C1F89802022004F01CFFA7
:10133000681CC5B2082DE1DBFFF776FF70BD000029
:101340009C8240420080404210B502F013FF012011
:10135000094908600949C1F89802042004F004FF13
:10136000002005490860042004F0FEFE0020034927
:10137000C1F8980210BD00009C82404200804042AB
:1013800010B502F0F7FE0020074908600120074968
:10139000C1F89802042004F0E7FE01200249086029
:1013A000042004F0E1FE10BD9C82404200804042D7
:1013B00010B503F015FC10BD10B504460B4884426F
:1013C00009D10121480602F023FD00214FF00070F1
:1013D00002F01EFD08E00121880602F019FD00213F
:1013E0004FF0806002F014FD10BD0000006400406A
:1013F00010B50021837A012202FA03F13D4A1268F6
:1014000042F001023B4B1A603A4A1C3212688A438E
:10141000384B1C331A60027BCAB9364A0C32126848
:101420008A43344B0C331A604288C38842EA034330
:10143000304A4032847A42F834300288838842EA63
:1014400003432C4A4032847A02EBC4025360027B8D
:10145000012A19D1274A0C3212680A43254B0C3352
:101460001A604288038842EA0343224A4032847A5F
:1014700042F83430C288838842EA03431D4A40322E
:10148000847A02EBC4025360C27A3AB9194A121D37
:1014900012688A43174B1B1D1A6006E0154A121D7D
:1014A00012680A43134B1B1D1A60028932B9114A94
:1014B000143212688A430F4B14331A600289012ACE
:1014C00006D10C4A143212680A430A4B14331A60CC
:1014D000427B012A06D1074A1C3212680A43054B97
:1014E0001C331A60034A126822F00102014B1A6091
:1014F00010BD0000006600401AB143690B43436110
:1015000002E043698B434361704730B502460020D7
:101510000023146824F002041460146844F00104E9
:10152000146000E05B1C546804F001041CB94FF621
:10153000FF74A342F6D1546804F001040CB90020F2
:101540006CE08C79012C04D1146844F080041460A0
:1015500003E0146824F080041460CC79012C04D1D9
:10156000146844F04004146003E0146824F040045C
:1015700014600C7A012C04D1146844F02004146027
:1015800003E0146824F0200414604C7A012C04D188
:10159000146844F01004146003E0146824F010048C
:1015A00014608C7A012C04D1146844F0080414608F
:1015B00003E0146824F008041460CC7A012C04D1F0
:1015C000146844F00404146003E0146824F0040474
:1015D00014608C78A407CD7844EA05640D7944EA58
:1015E00005444D7944EA05540D886D1E2C43D461A1
:1015F000146824F001041460002300E05B1C5468AC
:1016000004F001041CB14FF6FF74A342F6D15468F4
:1016100004F001040CB1002000E0012030BD0246BE
:10162000002019B9D36803F0030006E0012903D1B3
:10163000136903F0030000E00020704710B500F5C7
:10164000D87303EB01131B6803F004031372137ABE
:1016500053B900F5D87303EB01131B6840F2FF7414
:1016600004EA5353136009E000F5D87303EB011348
:101670001B686FF0604404EAD303536000F5D8732D
:1016800003EB01131B6803F00203537200F5D873D8
:1016900003EB01135B6803F00F03937200F5D8733B
:1016A00003EB01135B681B0AD37400F5D87303EBDB
:1016B00001139B68D37200F5D87303EB01139B6889
:1016C0001C0A147300F5D87303EB01139B681C0C00
:1016D000547300F5D87303EB01139B681B0E9373CF
:1016E00000F5D87303EB0113DB68D37300F5D873EF
:1016F00003EB0113DB681C0A147400F5D87303EBC9
:101700000113DB681C0C547400F5D87303EB011350
:10171000DB681B0E937421B9C36843F02003C360D8
:1017200003E0036943F02003036110BD10B50246D6
:101730000020936803F08063B3F1806F00D110E064
:10174000936803F00063B3F1006F01D1012008E05A
:10175000936803F08053B3F1805F01D1022000E071
:101760000420042874D002F5C07303EB00131B6837
:1017700003F0010402F5C07303EB00131C600B7A45
:101780007BB94B7A0C8843EA445302F5C07404EBEE
:1017900000142468234302F5C07404EB0014236092
:1017A00010E00B7A4C6843EAC4034C7A234302F5F9
:1017B000C07404EB00142468234302F5C07404EBE6
:1017C000001423608B7A03F00F038B7202F5C07351
:1017D00003EB00135B6823F00F0402F5C07303EB07
:1017E00000135C6002F5C07303EB00135B688C7A36
:1017F000234302F5C07404EB001463608B7B1C066A
:101800004B7B44EA03440B7B44EA0323CC7A234317
:1018100002F5C07404EB0014A3608B7C1C064B7CA7
:1018200044EA03440B7C44EA0323CC7B234302F5C4
:10183000C07404EB0014E36002F5C07303EB001303
:101840001B6843F0010402F5C07303EB00131C6036
:1018500010BD000010B50246002321B1012907D0B8
:1018600002290FD109E090681D4C00EA04030BE047
:1018700090681C4C00EA040306E090681A4C00EAE9
:10188000040301E0002300BF00BF184C181BA34253
:1018900016D007DC83B16FF08060184470B1022865
:1018A00018D111E0B0F5007F10D0114C204448B1A0
:1018B000B0F5003F0ED10BE002230DE000230BE05A
:1018C000002309E0002307E0012305E0012303E0F2
:1018D000012301E0002300BF00BFD8B210BD00000B
:1018E00003000004000300080000031000010008CA
:1018F0000001FFF72DE9F04107468846154604210F
:10190000052001F007F90021012003F02FFD8021BF
:101910000A2002F0E3FC002405E0395D092003F011
:1019200025FD601CC4B24445F7DB0321012003F010
:101930001DFDFF2400BF052002F074FB0646601E5B
:10194000C4B21CB106F004000028F4D0222002F03A
:1019500069FB2870212002F065FB68700020BDE85B
:10196000F08100002DE9FF4705460E464FF0000AC2
:1019700006B10DB94FF0010A9448007800F00F004D
:10198000032801DD4FF0010A90480078C0F30019E8
:10199000BAF1000F19D000208DF80A008DF80B0065
:1019A00001208DF80C000020ADF80000ADF8020019
:1019B000ADF80400ADF80600ADF8080001208DF880
:1019C0000D006846FFF714FDFEE00020ADF80800AA
:1019D00001208DF80D004FF000080024F2E07B4854
:1019E000007800F00F0030B101283BD002287BD0F6
:1019F000032874D19CE000208DF80B008DF80C00BA
:101A000035F824004B460022114600F0E1F8ADF80D
:101A1000020005EB840148884B460022114600F085
:101A2000D7F8ADF80600601CC0B20446B04213DA25
:101A300035F824004B460022114600F0C9F8ADF8F5
:101A4000000005EB840148884B460022114600F057
:101A5000BFF8ADF8040004E00020ADF80600ADF8D2
:101A600004009CE001208DF80B0000208DF80C0094
:101A700035F824004B460022114600F0A9F8ADF8D5
:101A80000200601CC0B20446B04207DA35F82400F8
:101A90004B460022114600F09BF800E00020ADF814
:101AA0000600601CC0B20446B04207DA35F82400D4
:101AB0004B460022114600F08BF800E00020ADF804
:101AC0000000601CC0B20446B04209DA35F82400B8
:101AD0004B460022114600F07BF802E004E051E0A2
:101AE0000020ADF804005AE000208DF80B00012022
:101AF0008DF80C0035F824004B460022114600F00A
:101B000081F80746B8B2ADF80200380CADF8000015
:101B100005EB840148884B460022114600F072F81C
:101B20000746B8B2ADF80600380CADF8040036E050
:101B300001208DF80B008DF80C0035F824004B4681
:101B40000022114600F05EF80746B8B2ADF8020078
:101B5000380CADF80000601CC0B20446B04208DA90
:101B600005EB840148884B460022114600F04AF8F4
:101B700000E000200746B8B2ADF80600380CADF81A
:101B800004000CE00020ADF80200ADF80000ADF854
:101B90000600ADF8040034464FF0010A00BF00BF54
:101BA0008DF80A806846FFF723FCB44202DA601C15
:101BB000C4B200E007E008F10100C0B280460D2881
:101BC00000DB00E00BE700BFBDE8FF873B1A002009
:101BD00010B50446C4F309040AB1102000E0002047
:101BE00002460BB1082000E00020034613B1C1F308
:101BF000C13000E00020014642EA44101843084387
:101C000080B210BD10B50446C4F309040AB1022025
:101C100000E0002002460BB1042000E00020034653
:101C200013B18803C00A00E00020014642EA4430B4
:101C30001843084310BD000010B500210148FFF70C
:101C4000EEFC10BD0064004070B50446002554B1A0
:101C500000210648FFF7E3FC054625B12246002196
:101C60000248FFF7EBFC284670BD0000006400400E
:101C70002DE9F04706460C4617469846DDF82090B9
:101C80004FF0000A15480760C0F80480002013498F
:101C90000872487208468472224631460B30FEF7BD
:101CA0009EFA0E490E48FFF741FD0546042D09D066
:101CB0004FF0010A29460A48FFF7CCFD012801D15F
:101CC0004FF0020ABAF1010F04DBB9F1000F01D0A5
:101CD00089F800505046BDE8F08700004C200020F5
:101CE000006400400448006800F0E05008B10120A2
:101CF00070470020FCE700000864004010B501E0D8
:101D000000F006F8FFF798FF0028F9D110BD000099
:101D100010B52448FFF798FF2248C07C20B1012865
:101D20000AD0022818D10FE01E48827A00F10B0178
:101D30001D4800F0DEFF24E01A48827A00F10B0112
:101D40001A4800F0D6FF1CE01648827A00F10B0119
:101D5000174800F0CEFF14E01248C07C03280FDBC8
:101D60001048C07C06280BDC0E48C07CC01E114900
:101D700001EBC0000B490B310A6802604968416001
:101D800000BF00BF0748C07C062809DC0548C07CAE
:101D9000094951F8200009490968084307490860C2
:101DA00010BD0000C02100207420002084200020ED
:101DB000A4200020D4210020FC9A0008401A002012
:101DC00000B5034A5178107801F046FA00BD0000D2
:101DD000D4210020F8B5FFF785FF00285FD000264A
:101DE000002559E02E4890F9000030B101280ED0AE
:101DF00002281ED0032840D12DE000F05DF80746F0
:101E0000002F03DB0126F8B200F07AF839E008224F
:101E10002449254800F058FFC4B24CB1012623489C
:101E200000234FF42072214600901E48FFF720FF48
:101E300027E008221B491E4800F046FFC4B24CB1FF
:101E400001261A4800234FF42872214600901548B5
:101E5000FFF70EFF15E008221249164800F034FF84
:101E6000C4B24CB10126114800234FF470722146D0
:101E700000900C48FFF7FCFE03E0FF2008490870C3
:101E800000BF00BF06480078401C40B204490870FB
:101E900006B103E0681CC5B2042DA3DD00BFF8BD88
:101EA000741A0020441A002094200020751A002083
:101EB000B4200020742000204FF0FF30002109E002
:101EC00001EB8102054B13F822200AB148B203E06E
:101ED0004A1CD1B20729F3DB00BF7047F421002070
:101EE000002007E0002100EB8002044B03F82210E1
:101EF000411CC8B20728F5DB70470000F421002020
:101F0000F8B50446002004EB84050E4E06EB85056B
:101F100000902B6904EB840506EB8505EA6804EB69
:101F2000840516F8251004EB840506EB8505681C6E
:101F3000FFF79EFE002004EB8401324602F82100E8
:101F4000F8BD0000F42100202DE9F04104460F46C1
:101F500015461E46DDF81880072C1ADA04EB8400BB
:101F60000D4901F8205004EB84010B4A02EB81017A
:101F7000481C2A463946FEF732F904EB840006492C
:101F800001EB8000C66004EB840001EB8000C0F828
:101F90001080BDE8F0810000F421002010B50D4A4A
:101FA00032210D4800F02AF80C4A32210C4800F08A
:101FB00025F80C4A32210C4800F020F80B4A322157
:101FC0000B4800F01BF80B4A32210B4800F016F8C2
:101FD00010BD0000C420002074200020F620002046
:101FE0008420002028210020942000205A21002055
:101FF000A42000208C210020B420002070B50446CD
:102000000E4615462660E5600021204600F0ABFE36
:1020100070BD000038B5FFF771FE68E0FFF76EFE97
:10202000002462E0344850F824003449096808402C
:10203000002858D0072C4DD2DFE804F0040C1824F7
:102040002739460000BF69462D4800F09EFE002853
:10205000F9D13FE003E09DF8000000F08DFA6946F9
:10206000284800F092FE0028F5D133E003E09DF807
:10207000000000F075FC6946234800F086FE002849
:10208000F5D127E0FFF79CFE24E0204802F05AFD3E
:102090001F49088005E01E480088A0F561601C49C2
:1020A00008801B480088B0F5616FF4DA12E0174829
:1020B0000838007C022806D11448093002F03AFDA5
:1020C00000B21449088005E010480838007E012855
:1020D00000D100BF00BF104850F82400074909682C
:1020E000084006490860601CC4B2062C9ADD03480B
:1020F0000068002892D138BDFC9A0008401A0020E0
:102100007420002084200020A4200020DC21002056
:10211000501A00204E1A00207C9B000810B50020A9
:10212000064908600649087007210648FFF71AFCAF
:10213000FFF734FFFFF7D4FE10BD0000401A002067
:102140003B1A0020521A002030B599B0EE480078B2
:1021500000286DD0ED48006804F044F8002867D1ED
:1021600000240EE0EA48025DEAA1684603F042FB63
:102170006846FEF762F8C5B22946684602F044F8A0
:10218000641CE64800788442ECDBE148007855287E
:102190002AD1DF484078EE2826D1DD4880780A2809
:1021A00022D1DB48DD490978405CBB281CD1DB48E3
:1021B0000078032832DBD648C478A51DD7480078BC
:1021C000401CA8420FDB00F067FC18B10120D44985
:1021D000087005E0D3A003F0FDFA0020D049087094
:1021E0000020C949087019E0C948007855280DD168
:1021F000C7484078EE2809D1C548807ABB2805D168
:1022000001F05EF90020C049087007E0FEF77AFF90
:10221000C348007810B90020BB490870C048007856
:1022200030B9BB4880780A2802D00020B64908702F
:10223000BB480078002878D0B5484078EE2875D1A2
:10224000B3488078072872D007DC072870D2DFE80F
:1022500000F06F19303152729500102869D006DCF9
:10226000082867D0092873D00A2861D107E011280F
:102270006FD0A028F9D10120B54908703BE101F0E9
:1022800059FC38E1A248C078012802D1B049487011
:102290000EE09F48C078022803D10120AC49887025
:1022A00006E09B48C078032802D10120A849C870E5
:1022B00021E120E19648C07818B10120A449C873F3
:1022C00002E00020A249C8730120A149487190484A
:1022D000C078A04908708E48007948708C484079D1
:1022E00088708B488079C8708948C079087188489F
:1022F000007A4871FFE00120954988718448C078D0
:102300009549087082480079487081484079887002
:102310007F488079C8707E48C07908717C48007A0F
:1023200048717B48407A8871E5E0EBE0E7E03FE008
:10233000E0E092E056E001208549C8717448C07819
:10234000012807D1854908788A680221904714E05E
:1023500069E09CE06E48C078022805D17F49487842
:102360008A680221904708E06948C078032804D1B0
:102370007A4988788A6802219047BCE00120744934
:1023800008726348C07876490870614800794870DF
:102390005F48407988705E488079C8705C48C07931
:1023A00008715B48007A48715948407A8871A2E008
:1023B0000120674948725648C0786A4908705448F5
:1023C0000079487052484079887051488079C870C7
:1023D0004F48C07908714E48007A48714C48407A9D
:1023E000887188E001205A4988724948C0780128DC
:1023F0000AD1474800795C490870454840794870DF
:102400004348807988700DE04148C078022809D19E
:102410003F48C0795449C8703D48007A08713C482B
:10242000407A487167E001204949C8723848C0784D
:102430004E490870364800794870354840798870B0
:1024400033488079C8703248C07908713048007AC2
:1024500048712F48407A88714DE001203C4908734B
:102460002B48C078424908702948007948702848AC
:102470004079887026488079C8702548C0790871ED
:102480002348007A48712248407A887133E0204816
:10249000C07801280BD01E48C078022807D01C48FD
:1024A000C078032803D01A48C07804281ED1012020
:1024B000274988731648C078012802D12D49087031
:1024C00017E01348C078022802D12A49087010E0AA
:1024D0000F48C078032802D12649087009E00C484B
:1024E000C078042805D12349087002E0002018496B
:1024F000887300E000BF00BF00200349087000207F
:102500000749087019B030BD951B00209C1B0020A6
:10251000A82200202530327820000000941B0020E3
:10252000FC0700204572726F723A20436865636B46
:102530005F5661726961626C654C656E5F50616384
:102540006B6574206661696C65640D0A00000000AB
:102550004C0600206006002066060020981000202F
:102560006D060020740600207B06002082060020F5
:1025700089060020FE07002010B504460F480078A9
:1025800070B903F029FE0A300D49086000200D499A
:1025900008700D48097844540120084908700BE080
:1025A00008480078C82807DA06480078401CC0B2FE
:1025B0000449087004490C5410BD0000951B00200C
:1025C0009C1B0020941B0020A822002010B5DB4893
:1025D000007800287AD0DA48006803F003FE00286B
:1025E00074D1D848407803280AD1D6488078012889
:1025F00006D1D4480079052802D10120D249487279
:10260000D0484078D1490978884205D0CD484078F3
:10261000CE494978884211D1CA488078032819D117
:10262000C848C078012815D1C6484078C7490978FC
:10263000884204D1C3480079C34908727AE0C1488E
:102640004078C2494978884274D1BE480079BE4971
:10265000C8716FE0BB48807803286BD1B948C07857
:10266000022867D1B7484078B849097888422ED106
:10267000B4480079012806D1B2484079012802D136
:10268000B149887156E0AF480079022806D1AD48BB
:102690004079022802D1AC4988714BE0A948007901
:1026A000012807D1A7484079022803D10320A64971
:1026B00088713FE0A348007902283BD1A1484079C6
:1026C000012837D10420A049887133E035E19D48C5
:1026D00040789E49497888422CD19A48007901284F
:1026E00006D198484079012802D19749487121E0E4
:1026F00094480079022806D192484079022802D1F4
:102700009149487116E08F480079012807D18D481A
:102710004079022803D103208B4948710AE0894897
:102720000079022806D187484079012802D1042087
:102730008549487183484078102825D181488078A0
:10274000102801D1012000E000207E49C97801292C
:1027500000D100E00021884216D17A480079312862
:1027600003D10120784908710EE0764800793228BB
:1027700003D102207449087106E0724800793328B9
:1027800002D10320704908716E4840780C2814D19A
:102790006C488078012810D16A48C07801280CD193
:1027A00068480079062808D16648407928B9684801
:1027B0000079012801D164498870624840780E2868
:1027C00003D0604840780F283CD15E4840780E28FE
:1027D0001AD15C488078012834D15A48C078012841
:1027E00030D15848407928BB56480079072803D192
:1027F00001205549087025E052480079082821D168
:102800000020514908701DE04E4840780F2819D12A
:102810004C488078012815D14A48C078012811D148
:102820004848407930B947480079072803D101204A
:102830004549487006E043480079082802D1002045
:10284000414948703F484078062835D13D48807856
:1028500002280FD13B48C0783E4948713948017978
:102860003C488171374841793A48C1710120364965
:10287000C87021E03348807803280FD13148C078F0
:10288000344988702F4801793248C1702D48417908
:102890003048017102202C49C8700DE02948807829
:1028A000042809D12748C0782A49087025480079AA
:1028B000487003202449C87022484078012839D143
:1028C00020488078A02803D101202349887031E076
:1028D0001C488078AA2803D101201F49C87029E02C
:1028E00018488078A22803D101201B49087021E0F4
:1028F00014488078A32816D101201749087111487F
:10290000C078164908700F48C07848700D48C078E4
:1029100088700C48C078C8700A48C07808710948A7
:10292000C078487106E007488078A42802D10120C9
:102930000949487100200149087010BD971B00200B
:10294000A01B002070230020A21E002010130020D6
:10295000B00B00209C150020D0040020F8040020BB
:1029600010B504460F48007870B903F035FC0A3002
:102970000D49086000200D4908700D48097844543D
:102980000120084908700BE008480078C82807DAD9
:1029900006480078401CC0B20449087004490C5431
:1029A00010BD0000971B0020A01B0020961B0020DC
:1029B000702300207FB505460C460121202001F040
:1029C00017FA0295ADF804400020ADF80600ADF806
:1029D0000C008DF80E0001A90D4801F089FE37208A
:1029E0008DF8000000208DF8010001208DF8020014
:1029F0008DF80300684600F01DFD012211460448D1
:102A000001F066FE0121024801F045FE7FBD000095
:102A10000014004010B5FFF7FDFAFFF7DBF910BD19
:102A20001CB501214FF4C07001F0D2F9F0200090E4
:102A300000208DF8040001208DF807006946144835
:102A400000F0E3F94FF47040009001208DF804008D
:102A500000208DF8060001208DF8070003208DF876
:102A6000050069460B4800F0D0F9202000900120B5
:102A70008DF8040000208DF8060001208DF8070075
:102A800003208DF805006946024800F0BEF91CBD20
:102A900000200240001C024070B500231B48007853
:102AA000042801DA002070BD1948C17809B9002056
:102AB000F9E7C22901DD0020F5E78C1D13480078F5
:102AC000401CA04201DA0020EDE7481D104D285CB3
:102AD000BB2801D00020E6E70D488078CDB243192D
:102AE000002206E0101D0A4D285C184483B2501CD9
:102AF000C2B28A42F6DBDDB2081D054E305C85426B
:102B000001D00020CFE70120CDE70000941B00207A
:102B1000A822002070B505460C460026284601F084
:102B200081FA064626EA0401284602F01FFC00202E
:102B300070BD70B505460C46002D06DB642D00DD2A
:102B40006425052D0BDA052509E015F1640F01DA7E
:102B50006FF0630515F1050F01DD6FF00405002C22
:102B600006DB642C00DD6424052C0BDA052409E067
:102B700014F1640F01DA6FF0630414F1050F01DD45
:102B80006FF004042146284601F04CFB70BD0000A4
:102B900010B5102000F03CF8012825D11021134871
:102BA00000F09EF9E8B90021114801F074FD1148C8
:102BB00090ED000AB8EE400A0F4880ED000AD0ED13
:102BC000000A9FED0E1AB3EE040A10EE810A80EDA2
:102BD000000A90ED000ABCEEC00A10EE100A084987
:102BE0000880102000F00EF810BD00000004024024
:102BF000001000401417002010170020F628DC3FBA
:102C0000181700200149086070470000143C01407B
:102C100001460020034A12680A400AB1012000E080
:102C200000207047143C0140002123498279002A8A
:102C30003AD00A46126803689A430B461A600A1D86
:102C4000126803689A430B1D1A60027911440A68DE
:102C500003681A430A60184A0832126803689A43E4
:102C6000154B08331A601A1D126803689A43124BF9
:102C70000C331A604279102A0ED11A1F12680368A9
:102C80001A430D4B08331A601A1D126803681A4361
:102C9000094B0C331A600DE00749427911440A6868
:102CA00003681A430A6005E0027911440A68036860
:102CB0009A430A6070470000003C014010B500F0E4
:102CC0002FFCFEF73FF910BDF0B507460C4616463F
:102CD000002564B106E06119384600F056F800B9E5
:102CE00004E06D1C301EA6F10106F4D100BF284699
:102CF000F0BDF0B507460D461646002406E0295DF6
:102D0000384600F06CF800B904E0641C301EA6F1EF
:102D10000106F4D100BF2046F0BD30B504460025C1
:102D2000204600F04AF870B1D4E90001401E81420B
:102D300003D1A06838B1012505E0D4E90101401CA8
:102D4000814200D00125284630BD30B5044600251B
:102D5000204600F032F820B1D4E90110884200D0BA
:102D60000125284630BD70B504460D4664B1206883
:102D7000012809D90020A0602068401E60602A4612
:102D80002168E068FDF73DFA70BD70B504460D4658
:102D9000002685B12046FFF7C0FF60B16068401C87
:102DA00060602168884201D3002060606168E0684B
:102DB000405C28700126304670BD0146002069B194
:102DC0000A68012A0AD9CA6842B10B688A689A421D
:102DD00004D2D1E900329A4200D20120704770B586
:102DE00004460D4600262046FFF7AFFF58B1A16804
:102DF000481CA060E06845542168A068884201D35F
:102E00000020A0600126304670BDF0B50A460021C2
:102E10000023002400BF3DE0012505FA01F31568F9
:102E200005EA03049C4234D105684F000326BE40E6
:102E3000B543056015794E00B54006683543056019
:102E40001579012D02D01579022D16D185684F0014
:102E50000326BE40B543856055794E00B54086686F
:102E600035438560456801268E40B5434560456819
:102E700096798E40B6B235434560C5684F0003264B
:102E8000BE40B543C560D5794E00B540C6683543F0
:102E9000C560491C1029BFD3F0BDF0B50023002444
:102EA0004D07ED0E02FA05F3CE1000F1200555F89E
:102EB00026504E07F70E0F26BE40B543CF1000F147
:102EC000200646F82750CE1000F1200555F8265070
:102ED00045EA0304CE1000F1200545F82640F0BD78
:102EE0000246002013690B400BB1012000E00020D6
:102EF0007047418370470183704742694A4042618D
:102F00007047000010B502210848FDF7F5FF07489B
:102F1000FEF7F2F800BF02210448FEF75DF8002832
:102F2000F9D00248FEF754F810BD0000002001401F
:102F300070B52DED068B012001F056FA102001F03E
:102F400053FA00F059FA0F480478407800EB042453
:102F50002046FDF7B2FB41EC1A0B9FED0B0B53EC37
:102F6000102BFDF73BFB41EC190BFDF7CAFB08EEFC
:102F7000100ABDEEC80A10EE105AA8B2BDEC068BBE
:102F800070BD00001E170020333333333333F33F5B
:102F900070B504460025002607E0FFF7B3FF05449F
:102FA000052003F0B7F8701CC6B2A642F5DBB5FBEE
:102FB000F4F080B270BD00000146002021B1072965
:102FC0000AD008290ED10AE0074A5278064B1B782E
:102FD00002EB032290B205E0034A507802E0024A75
:102FE000107800BF00BF70474C1A002010B515487C
:102FF0000078012810D101F089F813490988884226
:103000001EDB00200F4908700320104908700021C2
:10301000084601F007F913E00D48007801280FD1A8
:1030200001F074F808490988884209DB0020084942
:1030300008700320054908700021084601F0F2F8E5
:1030400010BD00000F1A0020241A0020121A0020C0
:10305000101A002000B589B00121212000F0B8FE2F
:1030600009220B214248FFF718FF09220C21404892
:10307000FFF713FF4FF4C050079002208DF8200097
:103080008DF8210000208DF8220001208DF823000A
:1030900007A93748FFF7B9FE4FF480600790012079
:1030A0008DF8200002208DF8210000208DF82200EC
:1030B00001208DF8230007A92E48FFF7A6FE002067
:1030C00000F05EF80121480600F092FE2A48FEF763
:1030D00073F900208DF8160001208DF817000020EC
:1030E0008DF8180001208DF8190000208DF81A00C5
:1030F00001208DF81B0000208DF812008DF81300C0
:1031000001208DF8140002208DF815000720ADF87D
:10311000100004A91848FEF7F8F900208DF80A00FD
:103120008DF80B0001208DF80C000020ADF8000098
:10313000ADF80200ADF80400ADF80600ADF80800E7
:1031400001208DF80D006846FEF752F912200B4958
:1031500008604860002048720872012088720022CE
:1031600002210548FEF7C8F9FEF7D8FF09B000BDF7
:103170000000024000140240006400408022002051
:1031800010B504462CB94FF480610548FFF7B1FE35
:1031900004E04FF480610248FFF7ADFE10BD00006F
:1031A0000014024010B5FFF735FC10BD10B5044601
:1031B0002CB14FF480710548FFF79DFE04E04FF4F9
:1031C00080710248FFF795FE10BD0000002002400C
:1031D0001CB50020009001904FF4A06000F066F94B
:1031E000A82002F079FF01F0DFFA00F03BF8FFF7CA
:1031F00017FC02F026F8FFF72DFFFDF7E1FFFEF7C1
:10320000D7F8FFF75BFD01F0ABFE53210720FFF776
:10321000D1FBA72140F2E73003F0C4F8A72140F228
:10322000E73001F0F9FA00F012FF0A498868804798
:103230000849C868804702F043F80821684600F052
:1032400031F80821684601F023F80821684601F0AA
:1032500013F81CBD74030020014A107051707047B0
:103260004C1A00201CB50121202000F0B1FD4FF4C4
:103270000060009001208DF8040000208DF8060009
:1032800001208DF8070003208DF8050069460348EA
:10329000FFF7BBFD0120024908601CBD001402407D
:1032A000AC8242422DE9F041074688460020284979
:1032B0000860092002F02EFF01202649C1F8AC0267
:1032C000042002F027FF4FF40C7002F04DFF0024A1
:1032D0002EE0002528E0385D284100F0010676B98F
:1032E00000201B4908604FF4FA7002F03DFF0120F6
:1032F0001849C1F8AC024FF4FA7002F035FF012E04
:1033000010D10020124908604FF4FA7002F02CFF2F
:1033100001201049C1F8AC0202F0FCFE4FF44870E5
:1033200002F022FF681CC5B2082DD4DB601CC4B2B9
:103330004445CEDB0020064908604FF40C7002F0D3
:1033400013FF01200349C1F8AC02BDE8F081000081
:10335000AC8242420080424210B500F08EFA08B1C1
:10336000FE2010BD00F01AF9022002F0D3FE00F09A
:103370001BF9412000F00AF808B1FE20F1E7012016
:10338000014908700020ECE77418002010B50446CD
:10339000412C25D108210846FFF7BCFB3D21112017
:1033A00001F0E4FF8621172001F0E0FF7F212620B5
:1033B00001F0DCFF1E212D2001F0D8FF00212C2080
:1033C00001F0D4FF8D212A2001F0D0FF3E212B20D7
:1033D00001F0CCFF0A2002F09DFE00F0E5F801E0CC
:1033E000FF2010BD0020FCE702468A4201D9501A96
:1033F0007047881AFCE7000010B5FDF7A5FF4720CD
:10340000FDF776FF00240EE0FDF728FF0849085578
:10341000032C03D10120FDF74BFF02E00020FDF754
:1034200047FF601CC4B2032CEEDBFDF7A9FF10BD03
:103430001E17002070B5002100230F22C4781CB392
:10344000174C246804F4E064C4F5E064C4F3072175
:10345000C1F10404E3B20A4144789C40E1B28478AB
:10346000144021430C07210E0E4C05786155047859
:1034700004F01F050124AC4005786D11AD0005F185
:10348000E025C5F8004109E0047804F01F05012497
:10349000AC40054D0678761145F8264070BD000019
:1034A0000CED00E000E400E080E100E002490143AF
:1034B000024A1160704700000000FA050CED00E0C0
:1034C00014498978134AD2781144124A1279114466
:1034D000104A527911440F4A927911440D4AD27917
:1034E00011440C4A127A8818C11700EB11610912B5
:1034F000A0EB0121084A11800648407A114609884C
:10350000884203D101200549087002E000200349E8
:1035100008707047A822002000080020FC07002047
:1035200010B52DED048BB0EE080A164880ED000AA8
:1035300090ED000ADFED140A20EE200A80ED000A6B
:103540009FED120A124880ED000A90ED000ADFEDAF
:103550000E0A20EE200A10EE101A0846FDF7BEF8FB
:1035600041EC190B9FED0B0B53EC102BFDF736F8CC
:1035700041EC180BFDF7C5F805490860BDEC048B5C
:1035800010BD00002C1700200000C84200CC0D41E7
:1035900028170020000000000070A74010B503218C
:1035A0001420FFF7B7FA10BD10B5142000F03AFD53
:1035B000044604F0030018B90321142000F08EFE25
:1035C00010BDF0B587B00546002708210846FFF773
:1035D000A1FA00210D2001F0C9FE80210E20FFF785
:1035E00099FA93208DF8040020208DF8050006A894
:1035F00001AB022201A900900C2000F051F8064610
:1036000086B9002407E001A8005D285501A8005DE7
:103610004740601CC4B2042CF5DB01A8005DB84231
:1036200000D0FE2680210E2000F058FE304607B064
:10363000F0BD2DE9F04387B006460F469046994607
:103640008DF804608DF80570002406E018F8041069
:1036500001AAA01C1154601CC4B2062CF6DB002485
:1036600007E019F8041001AA04F108001154601CC5
:10367000C4B2062CF5DB06A801AB0C2201A9009010
:103680000E2000F00DF805462DB9082000F0CAFC08
:1036900000F0080000B9FE25284607B0BDE8F08319
:1036A0002DE9FE4F0646884691469A46DDF830B031
:1036B000FE2002900020019000900C2E06D00E2ECD
:1036C00009D1122001901020009005E07720019090
:1036D0003020009000E000BF00BF019840F0800162
:1036E000022001F043FE80210420FFF713FA00219D
:1036F000012001F03BFE80210A2000F0EFFD0025B3
:1037000005E018F80510092001F030FE6D1C4D454C
:10371000F7D33146012001F029FE0C2E03D1802180
:103720000D2000F0DBFD4FF4167500BF042000F003
:1037300079FC04466D1E35B104F0010018B90098FB
:1037400020400028F2D080210D20FFF7E3F995B347
:10375000062000F067FC00F01B0068BB0020029010
:103760000198204000F0010008B1FF2002900C2ECB
:1037700024D10A2000F056FC04460C2000F052FC34
:1037800000F007072FB1601E07EBC000CBF8000068
:1037900002E0E000CBF8000004B90124122C00DDA7
:1037A0001224002505E0092000F03CFC0AF8050081
:1037B0006D1CA542F7D301E0FE20029080210C2071
:1037C00000F08CFD0021012001F0D0FD0298BDE841
:1037D000FE8FF0B587B005460E4630208DF8040008
:1037E0008DF805500DF10602022101A8FEF782F8BE
:1037F00006A801AB042201A900900C20FFF750FF9E
:10380000074667B90698902809D1002404E001A86A
:10381000005D3055601CC4B2102CF8DB00E0FE27C0
:10382000384607B0F0BD70B588B005460C46082193
:103830000846FFF76FF907210D2001F097FD0321DE
:10384000142000F04BFD8DF8085007A802AB0122B0
:1038500002A900900C20FFF723FF06464EB90798F7
:10386000102806D19DF8080020709DF809006070AE
:1038700000E0FE26304608B070BD10B500F0B3FB86
:1038800008B1FE2010BD0F21012001F06FFD3D2188
:10389000112001F06BFD1E212D2001F067FD00219C
:1038A0002C2001F063FD8D212A2001F05FFD3E21D7
:1038B0002B2001F05BFD4021152001F057FD002079
:1038C000E0E770B588B0054693208DF808007020B9
:1038D0008DF8090000208DF80E0000240BE0295D12
:1038E00002AAA01C11549DF80E00295D48408DF8D5
:1038F0000E00601CC4B2042CF1DB0DF10F02072195
:1039000002A8FDF7F7FF08210846FFF703F907A80B
:1039100002AB092202A900900C20FFF7C1FE064667
:1039200026B90798182801D1002600E0FE26304667
:1039300008B070BDF0B587B006460F46A0208DF8E0
:1039400004008DF805600DF10602022101A8FDF7C3
:10395000D1FF06A801AB042201A900900C20FFF7BB
:103960009FFE054645B90698042805D19DF8040038
:1039700000F00F000A2800D0FE250DBB002404E053
:10398000385D01A90855601CC4B2102CF8DB05AAEB
:10399000102101A8FDF7AEFF06A801AB122201A974
:1039A00000900C20FFF77CFE054645B906980428D8
:1039B00005D19DF8040000F00F000A2800D0FE2574
:1039C000284607B0F0BD000010B50320FFF7E0FA6D
:1039D000514908800846008800F014FD4E490880CF
:1039E0004E4801884C480088FFF7FEFC4C4908709F
:1039F0004A480088F0BB4B48D0ED000A4648008892
:103A000000EE100AB8EE400A20EE800ABCEEC00AB2
:103A100010EE100A404908800846008800EE100A9F
:103A2000B8EE400A4048D0ED000AB4EEE00AF1EEEC
:103A300010FA03D200203D49087016E0364800888D
:103A400000EE100AB8EE400A3748D0ED000A30EE1A
:103A5000600ABCEEC00A10EE100A3449087008462D
:103A60000078642801DD642008703048007830490F
:103A7000087000E004E008460178012000F0AEFB89
:103A80002548008825490880254800780A2842DD15
:103A90002448D0ED000A2048008800EE100AB8EE55
:103AA000400A20EE800ABCEEC00A10EE100A1A4945
:103AB00008800846008800EE100AB8EE400A1A484E
:103AC000D0ED000AB4EEE00AF1EE10FA03D20020C5
:103AD0001649087016E01048008800EE100AB8EE8B
:103AE000400A1148D0ED000A30EE600ABCEEC00A70
:103AF00010EE100A0D49087008460078642801DDB0
:103B0000642008700948007809490870084601785F
:103B1000012000F063FB10BD321700203417002095
:103B200036170020281700202C17002030170020FF
:103B30002417002070B51F480178491C1EA001F011
:103B400049FE214D681FC078401EC6B2002410E017
:103B5000295D1EA001F03EFE285D1D49097801EB9C
:103B6000C10202EB01111B4A02EBC1010855601CA6
:103B7000C4B2B442ECDB00201549097801EBC10264
:103B800002EB0111134A02EBC101085512A001F02A
:103B900021FE0F480078401C0D4908700846007847
:103BA000032805DB0DA001F015FE01200D49087169
:103BB00070BD0000941B0020416E64726F69642028
:103BC00052783A5B25645D00AD2200202563000039
:103BD000FD070020B41B00200D0A00006262622075
:103BE000200000004C0600202DE9F04104460D465F
:103BF0002046E11704EB91718910032202EB810149
:103C0000CEB200203C4908603C49C1F8B4023A49B0
:103C100008310860091D08600120374908603848EC
:103C2000FFF7CFFC002865D101203349091D08604A
:103C30003348FFF746FE00285CD101202E490831A9
:103C400008602F4B2F4A31466020FFF7F2FC002816
:103C500050D1012028490C310860B44204D100251C
:103C60000D2129A000F0D0FA022D01D0032D1CD186
:103C700029492046FFF75EFE18B9112127A000F060
:103C8000C3FA00270FE001201B491C39086064209B
:103C900002F040FA00201949C1F89402642002F0B1
:103CA00039FA781CC7B2092FEDDB012D01D0032DA5
:103CB0001CD11F492046FFF78CFDB8B91D490A20C9
:103CC000FFF787FD00270FE001200B491C39086032
:103CD000642002F01FFA00200849C1F89402642011
:103CE00002F018FA781CC7B2092FEDDB022112A0EE
:103CF00000F08AFABDE8F081B0824342008043427E
:103D0000771800209918002041444452204552520F
:103D10004F52210A000000008918002057524954D0
:103D2000455F52464944202D204F4B0A00000000B9
:103D3000BC1F0020CC1F00200A00000010B586B078
:103D400004460121084600F043F80121102000F04C
:103D50006FF8072209211B48FFF79FF807220A2165
:103D60001848FFF79AF84FF4C060049002208DF8CD
:103D7000140000208DF8160001208DF81700032094
:103D80008DF8150004A90F48FFF73FF800940020B4
:103D9000ADF80C000C20ADF80A000020ADF80800CA
:103DA000ADF80600ADF804006946074801F064F874
:103DB0000121054800F0F7FF00200449087006B013
:103DC00010BD0000000002400010014074180020E7
:103DD00029B1064A12680243044B1A6004E0034A00
:103DE00012688243014B1A6070470000303802406D
:103DF00029B1064A12680243044B1A6004E0034AE0
:103E000012688243014B1A6070470000403802403C
:103E100029B1064A12680243044B1A6004E0034ABF
:103E200012688243014B1A6070470000203802403C
:103E300029B1064A12680243044B1A6004E0034A9F
:103E400012688243014B1A607047000044380240F8
:103E500029B1064A12680243044B1A6004E0034A7F
:103E600012688243014B1A607047000024380240F8
:103E7000F0B5002100220024022500260223324F43
:103E80003F6807F00C0121B1042905D0082937D17A
:103E900005E02E4F076036E02D4F076033E02A4FD4
:103EA0003F1F3F68C7F38056274F3F1F3F6807F00B
:103EB0003F036EB1264FB7FBF3F7DFF88CC0ACF1D0
:103EC000040CDCF800C0CCF3881C07FB0CF40CE0FD
:103ED0001E4FB7FBF3F7DFF870C0ACF1040CDCF851
:103EE00000C0CCF3881C07FB0CF4174F3F1F3F6842
:103EF000C7F301477F1C7D00B4FBF5F7076002E0C4
:103F0000124F076000BF00BF0F4F3F6807F0F0017E
:103F10000909104F7A5C0768D74047600A4F3F682D
:103F200007F4E051890A0B4F7A5C4768D7408760F5
:103F3000054F3F6807F46041490B064F7A5C4768BC
:103F4000D740C760F0BD0000083802400024F400EC
:103F500040787D01E018002010B5044600200B4990
:103F600008700B4908700B4908700B4908700B4921
:103F700008700B49087001200A4908700A4804605B
:103F800001680068FEF7D5FD10BD0000121A002080
:103F90000F1A00200C1A00200D1A00200E1A002003
:103FA000101A0020111A0020201A0020064800785C
:103FB000012805D105480088401C0449088002E01A
:103FC00000200249088070473A1A0020381A002061
:103FD00001480078704700007418002010B51420C4
:103FE00000F020F810BD38B5FE2500200090002418
:103FF00000BF12E0552000F057F942F210716846F8
:1040000000F032F838B9552000F04EF9642002F083
:1040100081F8002503E0601C84B2642CEADB00BF59
:1040200068B238BD38B5044604F03F0040F0800463
:10403000204600F039F942F21071684600F014F899
:1040400005460DB1FF2038BD9DF80000FBE710B517
:104050004FF41650FFF772FE4FF4FA7002F05AF860
:10406000FFF77AF910BD000070B504460D4602F066
:10407000B3F84FF4FA61B5FBF1F146180AE00A48CB
:10408000008800F0200028B1074800F05FFF207092
:10409000002070BD304602F0A5F80028EFD103499A
:1040A00008700120F5E7000000100140741800209E
:1040B00010B5FEF79BFF02F0C3F902F0A3F900F080
:1040C000DBFB10BD10B500200949087009490870D4
:1040D00009490870094908700949087009490870B8
:1040E000094908700021084600F09CF810BD000046
:1040F0000C1A00200D1A00200F1A0020101A0020A0
:10410000111A0020121A0020230E00200F48B0F9C7
:1041100000000F4AB2F90020904207DD0B48B0F9C9
:1041200000000B4AB2F90020811A06E00848B0F9F5
:104130000000064AB2F90020811AB1F5004F02D9F9
:104140004FF6FF70411A88B2704700004E1A0020E7
:104150002E1A00201CB58020009000208DF804004D
:1041600001208DF8070069460148FEF74EFE1CBD90
:10417000000402401CB58020009001208DF804004E
:1041800000208DF8060003208DF8050069460248DE
:10419000FEF73BFE1CBD00000004024030B50022CB
:1041A0008B071C0F0F2303FA04F20B4B8C1053F8F0
:1041B00024309343084C8D1044F8253023468C104E
:1041C00053F824308C07240F00FA04F42343024CE4
:1041D0008D1044F8253030BD083801407CB50546C7
:1041E0000C4603208DF8040001208DF805008DF8A1
:1041F000064000204FF4F073032201A900901046FE
:10420000FDF7A2FE7CBD000070B504460D462A46AF
:1042100021460348FEF76DFD642001F07BFF70BD71
:10422000742000207CB504460D46E0B28DF80400F1
:10423000E0B28DF80500E8B28DF80600E8B28DF81E
:104240000700FDF74FFD78B100200346202204212E
:10425000009001A8FDF70CFD00202023024601A9D3
:104260000090FDF771FE06E000202023042201A942
:104270000090FDF769FE7CBD70B504460D462A46E8
:1042800021460248FEF735FD70BD00009420002055
:1042900070B504460D462A4621460248FEF729FD20
:1042A00070BD0000B420002010B504460A48008804
:1042B00000BF0948008800F080000128F9D021469D
:1042C000054800F048FE00BF4021034800F077FD9C
:1042D0000128F9D110BD00000010014070B505465D
:1042E0000C4600262846FFF79DFE064646EA0401D6
:1042F000284601F03BF8002070BD00000CB50020FE
:10430000019000903448006840F4803032490860E1
:1043100000BF3148006800F4003000900198401C54
:104320000190009818B90198B0F5A04FF1D12A4832
:10433000006800F4003010B10120009001E000207E
:1043400000900098012846D123484030006840F092
:1043500080502149403108602048006840F44040C6
:104360001E4908601C48083000681B490831086075
:104370000846006840F4004008600846006840F4C1
:10438000A05008601648091F0860081F006840F028
:104390008070091F086000BF0F48006800F00070BF
:1043A0000028F9D040F205700E4908600A4808302C
:1043B000006820F0030008490831086008460068DA
:1043C00040F00200086000BF03480830006800F0B9
:1043D0000C000828F8D10CBD0038024000700040E5
:1043E00019544007003C024010B50446FCF7ACFFEE
:1043F0004620FCF77DFF2046FCF77AFFFCF7C0FF64
:1044000010BD000010B5024600230B488282002137
:104410000BE0094C481C34F8100024F81100204629
:1044200030F81100184483B2491C0A29F1DB0A2034
:1044300093FBF0F080B210BD0C200020042808D1BE
:104440004FF0E021096941F004014FF0E0221161D1
:1044500007E04FF0E021096921F004014FF0E0226C
:104460001161704710B51548006840F47000134999
:1044700008601348006840F00100114908600020FE
:104480000F49083108600E4800680E4908400C4981
:1044900008600D48091D0860081F006820F480208E
:1044A000091F0860002006490C310860FFF726FF4D
:1044B0004FF0006001498039086010BD88ED00E0D0
:1044C00000380240FFFFF6FE1030002410B5012135
:1044D000064800F0ECF8012803D1FFF7E9FDFFF7EB
:1044E00065FD0121014800F0D3F810BD00400140F6
:1044F00010B50121074800F0DAF8012804D1064878
:104500000068401C044908600121024800F0C0F81E
:1045100010BD000000440140D818002010B5012152
:10452000880700F0C4F8012848D127480078401CCB
:104530002549087025480078401C24490870244803
:104540000078401C2249087008460078322804DBB5
:10455000002008701F49886880471B4800780A2897
:1045600005DB0020184908701B4948688047174838
:104570000078FA2822DB00201449087017480068E8
:1045800008B9012000E000201449086014480078B0
:1045900050B14FF480611348FEF7AFFC4FF4006157
:1045A0001048FEF7AAFC09E04FF480610D48FEF7C1
:1045B000A2FC4FF400610B48FEF79DFC0121880727
:1045C00000F066F810BD0000AF030020B00300202B
:1045D000B1030020F816002074030020BC8243427F
:1045E000A2030020001C024010B50121124800F077
:1045F0005EF801281BD111480078401C0F49087053
:104600000F480078401C0E4908700C4800780228BA
:1046100004DB002009490870FDF7D8FF084800783E
:10462000032804DB002006490870FDF78DFD0121F9
:10463000014800F02DF810BD00040040AD0300203B
:10464000AE03002010B50121074800F030F8012822
:1046500004D106480068401C044908600121024852
:1046600000F016F810BD00000010004014170020E4
:1046700010B50121054800F01AF8012801D1FEF714
:1046800091FD0121014800F003F810BD0014004025
:10469000CA430282704721B1028842F001020280BF
:1046A00004E002884FF6FE731A400280704730B56E
:1046B0000246002000230024158A05EA010395899B
:1046C00005EA010413B10CB1012000E0002030BD67
:1046D0001AB183890B43838102E083898B438381F1
:1046E000704701894FF6F872114001817047000050
:1046F00000220288184B98420ED0184B98420BD0DB
:10470000B0F1804F08D0164B984205D0154B984217
:1047100002D0154B984204D14FF68F731A404B8844
:104720001A43124B984207D0114B984204D04FF6CF
:10473000FF431A400B891A4302804B68C3620B88FF
:104740000385054B984202D0044B984201D18B7AE5
:10475000038601238382704700000140000401406A
:104760000004004000080040000C00400010004021
:10477000001400401CB501210420FFF729FB4FF471
:104780000050009001208DF804008DF80700694664
:104790000448FEF73AFB4FF400510248FEF7ABFB2A
:1047A0001CBD00000008024010B500F005F8FFF73E
:1047B000E1FF00F017F810BD1CB501214020FFF704
:1047C00007FB4FF48070009000208DF8040001205A
:1047D0008DF8070069460248FEF717FB1CBD000074
:1047E000000002401CB501218020FFF7F1FA4FF4D0
:1047F0004060009001208DF804008DF807006946A4
:104800000448FEF702FB4FF440610248FEF773FBD9
:104810001CBD0000001C02407FB505460C4601216E
:104820004804FFF705FB0295ADF804400020ADF801
:104830000600ADF80C008DF80E0001A90D48FFF739
:1048400057FF19208DF8000000208DF801008DF829
:10485000020001208DF803006846FEF7EBFD0122FF
:1048600011460448FFF734FF01210248FFF713FF08
:104870007FBD00000044014010B50B4800780128BE
:1048800006D10820FEF798FBC4B2204600F010F8CD
:104890000648807B38B10820FEF78EFBC4B203487F
:1048A000416B2046884710BD111A002020090020C6
:1048B00030B58BB004466946204601F0B2FC68462C
:1048C00001F09DFC20B300208E49087001208E4924
:1048D000087000210846FFF7A5FC01208B490870ED
:1048E0008B4800888B4908800020894908808A49C4
:1048F00008708848028889A103A800F07BFF03A8FC
:10490000FBF79BFCC5B2294603A8FFF77DFCC7E077
:10491000E72C08D183480068834908608148006813
:1049200082490860BCE0F72C01D0F32C0AD17D4805
:10493000006814307C4908607A48006828387B4950
:104940000860ADE0FB2C01D0F92C0AD17548006855
:10495000283075490860734800683C38734908601E
:104960009EE0FD2C01D0FC2C0AD16E4800683C3042
:104970006D4908606B4800685A386C4908608FE0E0
:10498000FE2C0AD1674800685030674908606548C6
:10499000006878386549086082E0EF2C01D0CF2CA0
:1049A0000AD1604800681430604908605D480068BA
:1049B00028385D49086073E0DF2C01D09F2C0AD1B4
:1049C00058480068283059490860564800683C3803
:1049D0005549086064E0BF2C01D03F2C0AD15148F2
:1049E00000683C30514908604E4800685A384E49CA
:1049F000086055E07F2C0AD14A48006850304B4986
:104A000008604848006878384749086048E004F082
:104A10001800182805D104F08000A0B104F00100AE
:104A200088B1F82C0FD01F2C0DD0F02C0BD00F2CF0
:104A300009D0072C07D0C02C05D0032C03D0802C24
:104A400001D0012C24D100202E49087001202E49CC
:104A5000087000210846FFF7E5FB01202B4908708C
:104A60002B4800882B4908800020294908802A49C2
:104A700008702848028829A103A800F0BBFE03A8FB
:104A8000FBF7DBFBC5B2294603A8FFF7BDFB07E038
:104A900024480068244908602248006823490860C7
:104AA000FF2C20D11F4800681F4908601D4800687E
:104AB0001E4908601E480088B0F5966F0DDD002085
:104AC0001B49088000210846FFF7ACFB00200D4978
:104AD000087004200C49087008E015480088401C44
:104AE0001349088002E00020114908800548007839
:104AF00028B10E4801680C480068FEF71AF80BB0A0
:104B000030BD0000111A0020121A0020230E0020D0
:104B1000381A00202C1A00203A1A002025640D0AA9
:104B200000000000201A0020181A00201C1A002083
:104B3000141A0020024600215178107840EA012121
:104B400008467047024600211178507840EA01215A
:104B50000846704710B5024800F0D0FA10BD0000BA
:104B6000901F002010B51248007800BB40F225517C
:104B7000104800F031F9012819D10E4800F0E6F98B
:104B80000D490E4A127888540C480078401C0B4995
:104B9000087008460078022804DB00200870012015
:104BA0000349087040F22551024800F0EDF810BDAD
:104BB0001A170020001001401C1700201B170020AE
:104BC00010B540F22551054800F006F9012804D13E
:104BD00040F22551014800F0D7F810BD00440040D4
:104BE00000B587B001210420FFF7F2F80121202051
:104BF000FFF71EF9082206212348FEF74EF9082286
:104C000007212148FEF749F9C020059002208DF8C0
:104C1000180000208DF81A0003208DF819000120DB
:104C20008DF81B0005A91848FEF7EFF84FF4E130A6
:104C300001900020ADF810000C20ADF80E0000200F
:104C4000ADF80C00ADF80A00ADF8080001A90F4856
:104C500000F012F9012240F225510C4800F0E6F86C
:104C600047208DF8000000208DF801008DF802002B
:104C700001208DF803006846FEF7DCFB01210348A4
:104C800000F091F807B000BD000802400014014098
:104C900010B540F22551284800F09EF8002845D074
:104CA000254800F053F9254908702548007878B95F
:104CB00008460078552839D10120214908701F483D
:104CC000007820490870002048708870C8702DE076
:104CD0001B480078012807D102201949087017489D
:104CE00000781849487021E015480078022807D15B
:104CF000032013490870114800781249887015E0A4
:104D00000F48007803280AD100200D4908700B488D
:104D100000780C49C87001200B49087006E000209B
:104D200007490870084908700649087040F2255183
:104D3000014800F029F810BD00140140B31800200C
:104D4000B4180020B5180020BD18002010B5044686
:104D50002146054800F0FFF800BF8021024800F01E
:104D60002EF80028F9D010BD0014014070B505469A
:104D70000E46002400BF04E0285DFFF7E7FF601C3B
:104D8000C4B2B442F8DB70BD10B50022002340F677
:104D90006A14A14200D100BF0A1201249440A3B2B8
:104DA000DC43048010BD21B1828942F4005282812B
:104DB00004E082894DF6FF731A40828170470246F3
:104DC0000020B1F5007F00D100BF13880B400BB16C
:104DD000012000E00020704770B502460024002347
:104DE0000025002040F66A16B14200D100BFC1F391
:104DF000421501F01F03012606FA03F3012D02D12B
:104E00009689334006E0022D02D1168A334001E034
:104E1000968A33400C12012606FA04F416883440B0
:104E200013B10CB1012000E0002070BDF0B50346C5
:104E3000002400260025002040F66A17B94200D160
:104E400000BF1846C1F3421401F01F06012707FAFC
:104E500006F5012C01D10C3004E0022C01D11030F8
:104E600000E014301AB107682F43076002E00768BA
:104E7000AF430760F0BD00002DE9FF4705460E4631
:104E80000024A14600BFA046B08900B100BF2C8A13
:104E900024F44054F08804432C82AC8941F20C6025
:104EA0008443B08831890843718908430443AC8145
:104EB000AC8A24F44074B0890443AC826846FEF79F
:104EC000D7FF2048854202D01F48854202D1DDF835
:104ED0000C9001E0DDF80890A88900F4004040B192
:104EE00009EBC90000EB091031684900B0FBF1F78C
:104EF00007E009EBC90000EB091031688900B0FB3D
:104F0000F1F76420B7FBF0F004012009642101FBF4
:104F10001078A88900F4004040B1322000EBC800AE
:104F2000B0FBF1F000F00700044308E0322000EB92
:104F300008106421B0FBF1F000F00F0004432C8155
:104F4000BDE8FF8700100140001401400146888839
:104F5000C0F308007047C1F3080282807047000068
:104F600010B512481249C1F8B00032211048C0F8FB
:104F7000B4100021C0F8B810C0F8BC10C0F8C010C0
:104F80000C49C0F8C4100221C0F8C8100021C0F8B4
:104F9000CC10C0F8D010C0F8D410042180F8D8107C
:104FA00000200549087000F009F810BDAC1E002073
:104FB000E01E0020381700203717002000B587B00A
:104FC000012140F20910FEF703FF01214FF42020D8
:104FD000FEF70EFF082200214148FDF75EFF072281
:104FE00006214048FDF759FF00208DF81A000120E6
:104FF0008DF81B0002208DF818000120059002207A
:105000008DF8190005A93648FDF7FFFE02208DF83E
:1050100018004020059005A93248FDF7F6FE002053
:105020008DF81A0001208DF81B008DF81800000281
:10503000059002208DF8190005A92B48FDF7E5FE23
:105040000020FEF7B3F84FF4165001900020ADF8A1
:105050000800ADF80A00ADF80C00ADF8100008200B
:10506000ADF80E0001A92148FFF706FF01211F48F6
:10507000FFF799FE34208DF8000002208DF8010022
:1050800001208DF802008DF803006846FEF7D2F982
:105090004FF4165001900420ADF80E0001A91448F9
:1050A000FFF7EAFE26208DF8000002208DF80100AF
:1050B0008DF8020001208DF803006846FEF7BAF96A
:1050C000012240F225510A48FFF7B0FE01210848AD
:1050D000FFF769FE07A000F07DFB07B000BD0000F0
:1050E00000000240000C024000200240004C004042
:1050F00000440040746573740000000010B504465D
:1051000094F82810374A52F8210040F22771FFF72F
:1051100063FE18B3E068401CE060D4E902108842E6
:1051200009D2E1682068405C94F828102D4A52F8B2
:105130002110888009E094F828102A4A52F82100AA
:10514000002240F22771FFF771FE94F82810254ADB
:1051500052F8210040F22771FFF716FE94F828104C
:10516000204A52F8210040F22551FFF735FE30B3B6
:1051700001F032F8606294F828001A4951F82000D2
:1051800080881949087094F82810164A52F82100AE
:1051900040F22551FFF7F8FDD4E90610884207D206
:1051A00011480178E269501CE0616069815406E0B1
:1051B0000E49206A884202D2206A401C206294F87C
:1051C0002810084A52F821000821FFF7F8FD38B1ED
:1051D00094F82800034951F8200080880449087099
:1051E00010BD0000401700203C170020F0FFFF7F9B
:1051F0003D1700200EB501218803FEF719FE04219A
:105200000120FEF7CBFF1020019000208DF8080050
:105210000C208DF8090001208DF80A0001A8FDF787
:1052200003FD0A208DF8000001208DF80100002008
:105230008DF8020001208DF803006846FEF7FAF8A9
:105240000EBD10B500F008F85321092000F064F8F5
:10525000FFF7D0FF10BD00001CB501210320FEF7B1
:10526000B7FD00220E211448FDF717FE00220D2184
:105270001148FDF712FE4FF40040009001208DF818
:10528000040000208DF8060001208DF8070003209F
:105290008DF8050069460848FDF7B7FD102000901D
:1052A00000208DF8040001208DF8070069460348AE
:1052B000FDF7ABFD1CBD00000000024000040240F1
:1052C00010B5012010490860032000F04DFF0020B8
:1052D0000E49C1F8BC0201210D48FFF7DCF901219C
:1052E0000B48FFF7D5F900200A4908601E2000F09E
:1052F00011FF012004490860052000F00BFF002188
:105300000348FFF7C8F910BDBC024042000040420C
:1053100000100040141700207FB505460C460121FF
:105320001020FEF765FD0295ADF804400020ADF8B1
:10533000060001A90C48FFF7DBF936208DF80000C4
:1053400001208DF801008DF802008DF803006846F9
:10535000FEF770F8012211460348FFF7B9F9002162
:105360000148FFF798F97FBD0010004070B5044672
:105370000D462946204600F001F870BDF8B50446F8
:105380000D46032704F03F04002714E02046FEF7F3
:105390008BFF42F210716846FEF766FE064646B97C
:1053A0009DF80000844203D12846FEF77DFF04E00B
:1053B0000226781CC7B2032FE8DB00BF3046F8BDD9
:1053C0002DE9FC41074600200090019000241E4872
:1053D0000168009140680190A1208DF802001B48EF
:1053E00000788DF80300194840788DF804001748BC
:1053F00080788DF805009DF805309DF804209DF813
:1054000003109DF80200DFF848C0DCF80060B047E8
:1054100005468DF806500CE00E48C168684688477E
:10542000601CC4B24FF4967000F074FE052C00DBD3
:1054300003E00848C0790028EED000BF00200549ED
:10544000C871BDE8FC810000160500206006002040
:1054500074030020D00400202DE9FC410746002001
:105460000090019000241E4801680091406801905E
:10547000A2208DF802001B48C0788DF8030019485F
:1054800000798DF80400174840798DF805009DF8E3
:1054900005309DF804209DF803109DF80200DFF808
:1054A00048C0DCF80060B04705468DF806500CE0B7
:1054B0000E48C16868468847601CC4B24FF49670B5
:1054C00000F028FE052C00DB03E00848C079002826
:1054D000EED000BF00200549C871BDE8FC81000086
:1054E0001E0500206006002074030020D004002068
:1054F0002DE9F04188B0064620216846FAF788FE7B
:10550000002755208DF8000002208DF8010030465C
:10551000FAF793FE0446142C00D91424224631468F
:105520000DF10200FAF75BFE9DF805309DF80420AE
:105530009DF803109DF80200DFF84880D8F800C0FD
:10554000E0470546A01C0DF80050BB21E01C0DF8FB
:1055500000100CE00C48C16868468847781CC7B248
:105560004FF4967000F0D6FD052F00DB03E00648EF
:10557000007A0028EED000BF00200349087208B06E
:10558000BDE8F08174030020D00400202DE9FC4127
:1055900000200090019000241548016800914068A7
:1055A00001909DF805309DF804209DF803109DF8AA
:1055B0000200104F3E68B04705468DF806500CE0DB
:1055C0000D48C16868468847601CC4B24FF49670A5
:1055D00000F0A0FD052C00DB03E0074880790028DF
:1055E000EED000BF002004498871BDE8FC810000B6
:1055F0000E05002074030020D00400202DE9FC419A
:105600000020009001900024174801680091406834
:105610000190164840788DF804009DF805309DF8FB
:1056200004209DF803109DF80200114F3E68B0471A
:1056300005468DF806500CE00E48C168684688475C
:10564000601CC4B24FF4967000F064FD052C00DBC2
:1056500003E0084840790028EED000BF002005494B
:105660004871BDE8FC810000060500209C15002063
:1056700074030020D004002030B589B00446114ADC
:105680001149204600F036FE0E4A10A101A800F094
:10569000B1F801A8FAF7D1FDC5B2294601A8FEF775
:1056A000B3FD09480BA1026801A800F0A3F801A806
:1056B000FAF7C3FDC5B2294601A8FEF7A5FD09B05A
:1056C00030BD0000200E00201C0E002025730D0AA6
:1056D0000000000025640D0A000000002DE9F043E1
:1056E000B3B0002468E004EBC40000EB04103549BB
:1056F00001EBC0064FF0000904EBC40101EB0411FB
:10570000304A02EBC100FAF798FD00B953E03C21A2
:105710003046FAF788FD05463E213046FAF783FD0C
:10572000074675B16FB1AF420BD9791B481E0228ED
:1057300006D16978244A1170A978517000219170BE
:1057400038E02248FAF779FD60B904EBC40000EBB9
:1057500004101C4A02EBC00101A8FAF783FDDFF830
:105760006C900DE004EBC40101EB0411154A02EB4F
:10577000C10001A9FAF768FD00B91CE0DFF85090FC
:105780004FF0000800200CE0315C412908DB315C5F
:105790005A2905DC335C414608F1010809F801305B
:1057A000401C315C11B1B8F1310FEDDB002009F87C
:1057B000080000BF00BF641C032C94DB33B0BDE8BD
:1057C000F0830000B41B0020701E00200C1E00207F
:1057D0003E1E00200FB4054B10B503A9044A0298E1
:1057E00000F0F2F810BC5DF814FB0000B561000891
:1057F000AC1B00200FB4084B10B504A902AA0398F3
:1058000000F0E2F8044602A9002000F060FC204607
:1058100010BC5DF814FB0000CF6000080048704722
:10582000B01B002002E008C8121F08C1002AFAD1EC
:1058300070477047002001E001C1121F002AFBD110
:10584000704700002DE9FF5F82B00021DDE90430E0
:10585000020DDDF840B0034318D044F61050A2F218
:10586000FF3242431514119801281FD0A5EB0B00FD
:10587000401C5FEA000A4FF000064E4FDFF83891F7
:10588000B046504615D5CAF1000413E01198012422
:105890004AA3012801D16FEA0B010298119AC0E9CD
:1058A0000031C0E9024206B0BDE8F09FCBF1000034
:1058B000DFE704460021404A491842EB0450CDE995
:1058C000001012E0E00707D032463B46404649460A
:1058D000FAF712FE8046894632463B461046194684
:1058E000FAF70AFE06460F466410002CEAD1DDE9FD
:1058F0000401DDE90023BAF1000F06DAFAF7FCFD36
:1059000042464B46FAF7F8FD05E0FAF767FE4246D5
:105910004B46FAF763FE04460E460022284BFBF77F
:10592000ABF803D84FF0FF30014607E00022254BCB
:1059300020463146FAF739FDFBF786F8102409E0D6
:10594000002C0ADB0A220023FAF70DFF039B3032FA
:105950001A55641E50EA0102F2D1641C039AC4F184
:1059600011031444119A012A03D0012208430DD1D6
:105970000AE0084304D000204FF0110B119072E7A9
:10598000A3EB0B056D1E0DE05B4504DD4FF000023F
:1059900005F1010504E003DA4FF00002A5F101056D
:1059A000002AECD002981199C0E90231C0E9004503
:1059B00079E70000000014400000F03F30000000D4
:1059C0000000F0430000E03F2DE9FF4F95B09A46FC
:1059D000884606460025EEE1252877D10024274693
:1059E000F94A0121039400E0044316F8013F203BEB
:1059F00001FA03F01042F7D130782A2811D06FF065
:105A00002F033078A0F13002092A16D8039A44F007
:105A1000020402EB820203EB42021044761C039064
:105A2000EFE758F8042B0392002A03DA504244F4BB
:105A30000054039044F00204761C30782E2816D1CE
:105A400016F8010F44F004042A280DD06FF02F023D
:105A50003078A0F13003092B09D807EB870302EB5C
:105A60004303C718761CF3E758F8047B761C30789C
:105A70006C280FD006DC4C2817D068280DD06A2877
:105A800014D104E0742810D07A280FD10DE044F42A
:105A900000140AE044F4801401E044F440147278E5
:105AA000824202D104F58014761C761C3078662878
:105AB0000BD013DC582877D009DC002875D0452896
:105AC000F6D04628F4D047281AD193E118E063288D
:105AD00035D0642879D0652812D18BE1702873D035
:105AE00008DC6728F1D069286FD06E280DD06F28A8
:105AF00006D1ACE073282CD0752874D0782853D008
:105B00005246179990476D1C54E1C4F30250022885
:105B100009D003280DD0D8F8001004280DD00D604E
:105B200008F1040846E1D8F80010EA17C1E900526C
:105B3000F6E7D8F800100D80F2E70D70F0E718F8DE
:105B4000041B8DF8001000208DF80100EB460120A9
:105B500003E058F804BB4FF0FF3061074FF000013D
:105B600002D40DE009F101018946B9420FDA8145FD
:105B7000F8DB1BF809100029F4D108E009F1010154
:105B800089468142FADB1BF809100029F6D10398F7
:105B90005346A0EB090721463846179A00F080FAD1
:105BA000284400EB090507E044E008E10DE01BF89C
:105BB000010B524617999047B9F10109F7D25346A4
:105BC00021463846179AF2E039E00A21C4F302521E
:105BD0004FF0000B0091022A06D058F8040BC117B1
:105BE000032A09D00AE023E008F1070020F00702A9
:105BF000F2E80201904605E000B2C117042A01D183
:105C000040B2C117002906DA0A460021404261EB82
:105C100002012D2202E0220504D52B228DF804205A
:105C2000012203E0E20701D02022F7E7914657E086
:105C30000A2100E010214FF0000B00910BE0102131
:105C40004FF0000B44F004040827009103E0082003
:105C50004FF0000B0090C4F30252022A05D058F80E
:105C6000040B0021032A08D008E008F1070020F007
:105C70000702F2E80201904603E080B2042A00D154
:105C8000C0B24FF0000922072AD53278702A07D017
:105C9000DDF800C08CF0100C5CEA0B0C05D00EE0B7
:105CA00040228DF80420012208E050EA010306D0CA
:105CB00030238DF804308DF8052002229146009B98
:105CC00083F0080353EA0B030AD150EA010201D121
:105CD000620705D530228DF804204FF001097F1EA0
:105CE0003278582A04D039A20C920CAA02920BE006
:105CF0003BA2F9E75B46009AFAF735FD0C9B9B5CEB
:105D0000029A521E0292137050EA0102F2D10298D6
:105D100004A9081A00F1200B600702D524F480348E
:105D200000E001275F4502DDA7EB0B0000E000204B
:105D300000EB0B01009003984944401A0390E003E4
:105D400006D453462146179A039800F0A9F9054452
:105D5000002706E001A85246C05D179990476D1CC8
:105D60007F1C4F45F6DBE0030CD553462146179ABE
:105D7000039800F095F9054404E030205246179945
:105D800090476D1C0099481E00900029F5DC08E042
:105D90000298029952460078491C0291179990473F
:105DA0006D1CBBF10001ABF1010BF1DC5BE100F01C
:105DB00065F90544761C307800287FF40DAE19B0E3
:105DC0002846BDE8F08F0000092801003031323349
:105DD0003435363738396162636465660000000027
:105DE0003031323334353637383941424344454611
:105DF00000000000600700D4062708F1070020F02B
:105E00000700F0E80223804603F0004C5FEA0C0034
:105E100001D097A009E0200501D596A005E0E00794
:105E200001D095A001E0AFF24C001390307823F040
:105E3000004365280CD006DC452809D046281DD033
:105E400047287FD13BE0662818D067287AD136E012
:105E50000021112F01DB112000E0781CCDE90001A9
:105E600004A90CA8FFF7EEFCDDE90D010C9A4FF038
:105E7000000B07F10109109200914EE04FF0004035
:105E80000097CDE9011004A90CA8FFF7DBFCDDE9C0
:105E90000D020C9B0F994FF0000B9146109300924E
:105EA00011B9791C00EB0109B7EB090003D4C0F16B
:105EB000FF3B07F10109A9EB0700019042E0012F28
:105EC00000DA01270021112F01DD112000E0384602
:105ED000CDE9000104A90CA8FFF7B4FCDDE90D0130
:105EE0000C9A00914FF0000BB946109221070FD485
:105EF000009A4A4503DA914601E0A9F10109B9F196
:105F0000010F05DD109AA9F10101515C3029F4D08F
:105F1000B84202DA10F1040F03DA0121CDE90110D1
:105F200010E0002803DC8344A9EB000102E0411CDF
:105F3000494500DD8946A0EB0B00401C01904FF065
:105F400000400290200705D40198484502DB4FF03D
:105F5000FF30019000208DF84B0002980DF14B07A7
:105F6000B0F1004F25D002200C902B200D9002980C
:105F700000280CDA404202902D200D9007E00A2103
:105F80000298FAF7DAFB3031029007F8011D0C99FC
:105F9000481E0C900029F2DC02980028EFD1791EEF
:105FA0000D980870307800F0200040F0450007F8A8
:105FB000020D11A8C01BC01D02901398007800B1FB
:105FC000012000EB0901019801EBE0710298014406
:105FD0000398401A401E0390E00306D4534621461E
:105FE000179A039800F05CF805441398007818B1EC
:105FF0005246179990476D1CE00323D5534621461E
:10600000179A039800F04CF805441BE0BBF1000F11
:1060100007DB0098584504DD1098179910F80B001D
:1060200001E0179930205246904701980BF1010B7F
:10603000401E05F10105019004D12E20524617990A
:1060400090476D1CB9F10001A9F10109DEDC05E002
:1060500017F8010B5246179990476D1C0299481E7C
:1060600002900029F4DC53462146179A03989EE6D5
:106070002D0000002B000000200000002DE9F04161
:10608000044600251E461746880404D405E0394618
:106090002020B0476D1C641EF9D52846BDE8F0816C
:1060A0002DE9F041044600251E469046C80301D55F
:1060B000302700E02027880404D505E04146384613
:1060C000B0476D1C641EF9D52846BDE8F0810A680A
:1060D000531C0B601070704710B504466FF004003D
:1060E000FEF7ACF9E11704EB5171C1F3C701074AA0
:1060F00011701046007800EB4001C1EBC0104FF664
:10610000FF7101EAC0000249088010BDD2180020CA
:10611000D4180020014601B97047124A12884A4338
:106120004FF0E0235A6100229A611A46126942F048
:1061300001021A6100BF4FF0E022106900F0010275
:106140001AB100F48032002AF5D04FF0E022126933
:1061500022F001024FF0E0231A6100229A6100BF91
:10616000DAE70000D41800200146114A12784A43A9
:106170004FF0E0235A6100229A611A46126942F0F8
:1061800001021A6100BF4FF0E022106900F0010225
:106190001AB100F48032002AF5D04FF0E0221269E3
:1061A00022F001024FF0E0231A6100229A61704749
:1061B000D218002070B504460D46A1B20548FEF77E
:1061C000CAFE00BF80210348FEF7F9FD0028F9D080
:1061D000204670BD004C0040014800687047000038
:1061E000D818002000B50146FFF7F6FF884203D219
:1061F000FFF7F2FF091A00E00021084600BD024641
:106200000023002109E0505C302804D15B1C042BE2
:1062100002DB012070470023491C0829F3DB002022
:10622000F8E710B5024607200AE001238340134037
:106230000BB1312300E03023C0F107040B55401EA1
:106240000028F2DA0020087210BD0000FCF7C0FF41
:10625000FFF7C2FFC83022490860FFF7BDFFC83012
:106260002049086000210846FDF7DCFF37E01E49A1
:106270000869804700F036F919480068FFF7B2FF57
:1062800030B9FFF7A9FFC83015490860FDF79CFB3E
:1062900014480068FFF7A6FF08BBFFF79DFFC83052
:1062A00010490860FDF794FE50B9FDF7D0FE0F4885
:1062B000006808B9012000E000200C4908600EE0E9
:1062C00000200A4908600A48D0F8B00208B9012045
:1062D00000E0002005491C310860FDF77FFEC6E79D
:1062E0001C010020200100207403002094824342FE
:1062F000008043422DE9F84307460C4690463D4650
:10630000002610E005E015F8012B3046761C0DF84C
:106310000020F9F757FF00682978405C202801D158
:10632000022EF0D36D1C28783C28EBD100200DF80C
:1063300006006846FAF72CF820600A21206890FBD6
:10634000F1F201FB12010A2290FBF2F0401E01EB78
:106350008000401C2060424608A13846F9F78CFFB7
:10636000012808D011210AA0FDF74EFF002088F86F
:106370000000BDE8F88300BFFBE70000252A5B5E54
:106380003C5D3C255B5E3E5D3E252A7300000000BF
:106390004661696C656420706F736974696F6E0D16
:1063A0000A0000007FB505460C4601210804FDF7F0
:1063B0003FFD0295ADF804400020ADF80600ADF8B1
:1063C0000C008DF80E0001A90D48FEF791F9182078
:1063D0008DF8000003208DF8010001208DF80200E7
:1063E0008DF803006846FDF725F8012211460448A0
:1063F000FEF76EF901210248FEF74DF97FBD00005E
:106400000040014010B500240A48007880B1FDF733
:106410007DFE044608480088844209DB00200549C7
:10642000087002200549087000210846FDF7FAFEB1
:1064300010BD00000E1A0020261A0020121A00209B
:1064400010B500242348007801281FD10820FCF74C
:10645000B3FD044604F0100080B91F4800683228DC
:1064600037D900201B4908701B49086002201B49CE
:10647000087000210846FDF7D5FE2AE0FF2C28D140
:1064800015480068401C1449086022E01448007850
:1064900001281ED10820FCF78FFD044604F00800F7
:1064A00080B90D480068322813D900200C490870C3
:1064B0000949086002200949087000210846FDF7D3
:1064C000B1FE06E0FF2C04D103480068401C0249DD
:1064D000086010BD0C1A0020281A0020121A002093
:1064E0000D1A002010B590B0342103A8F9F790FEE2
:1064F000FB4800780C287DD2DFE800F07C0653D3FF
:10650000FDFCFBFAF9F8F7F6F6A103C9CDE90101A4
:10651000F6480069009001A8009988474FF4FA7086
:10652000FFF7F8FD4FF4FA70FFF7F4FDEF4800793C
:1065300080B90020EE490870EC480069009001A87D
:10654000009988474FF4FA70FFF7E4FD4FF4FA70B2
:10655000FFF7E0FDE548007928B90120E34908711B
:10656000E4A0FFF737F9E1480079012815D10020B0
:10657000DE490871DE490870FFF7B0F8DFA0FFF7C9
:1065800029F9E049E0A0FFF725F9E149DEA0FFF78E
:1065900021F9E049DCA0FFF71DF90020D04908707F
:1065A000B6E3DD48C0780290DB4880680190DDE901
:1065B00001108847002002900BE04FF4FA70FFF7BB
:1065C000A9FD4FF4FA70FFF7A5FD0298401CC0B278
:1065D000029002980328F0DBC4484078012816D1C5
:1065E0000020C2494870CC48C0780290CA48C068B0
:1065F000012100E08BE30190DDE9012090474FF499
:10660000FA70FFF787FD0320B549087045E0B748E9
:106610008078012814D10020B4498870BE48C07821
:106620000290BD48C06803210190DDE90120904738
:106630004FF4FA70FFF76EFD0320A94908702CE0B3
:10664000AA48C078012814D10020A849C870B248CF
:10665000C0780290B048C06802210190DDE90120B5
:1066600090474FF4FA70FFF755FD03209C490870DE
:1066700013E000209D49C870A748C0780290A64842
:10668000C06802210190DDE9012090474FF4FA70C3
:10669000FFF740FD032092490870032090490870DD
:1066A00036E39E48006A029080479D4800884FF676
:1066B000FF7101EA400002909848806A0190994871
:1066C0000078DDE9012190479448006A02908047F4
:1066D000934800884FF6FF7101EA400002908F480E
:1066E000406A01908F4807E0D9E29AE26DE2C1E189
:1066F0007FE133E19EE04BE00078DDE90121904746
:106700008948006802908047884908708848007866
:106710000290874840680190DDE90110884785496B
:106720000870834800780290814840680190DDE954
:10673000011088477F490870C820FFF7EBFC7A48B2
:10674000406802907B480078029988477448008826
:106750004FF6FF7101EA400002907048806A019094
:1067600070480078DDE9012190476D4800884FF6B8
:10677000FF7101EA400002906848806A0190694810
:106780000078DDE901219047042055490870BFE2F7
:10679000694840680E224FF4E17102901920029B73
:1067A0009847664800690022114602900E20029B1D
:1067B00098475A488069C82102902820029A904739
:1067C0005D48006800231A460E2102901920029CA1
:1067D000A047524880694FF4FA7102901920029A3A
:1067E00090474E4880694FF4967102901920029AA2
:1067F00090474FF4FA70FFF78DFC514800780290F3
:106800004D480068002301900E211920DDE9014266
:10681000A047424880698C2102901E20029A90472E
:10682000C820FFF777FC4748FEF726FF05202C49D4
:1068300008706DE22D48006902904348029988472C
:106840000020029015E04FF4FA70FFF763FC4FF45C
:10685000FA70FFF75FFC3D48007801903B48806884
:1068600002210090DDE9002090470298401CC0B250
:10687000029002980528E6DB0020029019E03348D8
:10688000406933A101900220019A9047C820FFF788
:1068900041FC314840680223F122F5210190F320A8
:1068A000019CA047C820FFF735FC0298401CC0B2ED
:1068B000029002980328E2DB194800884FF6FF7126
:1068C00001EA400002901548406A0190154800789E
:1068D000DDE90121904706200149087018E2000017
:1068E0005302002055FF0200000000BB4C060020B0
:1068F000FD07002061616120200000007364760DB7
:106900000A0000000C1E002025730D0A0000000084
:106910003E1E0020701E0020DC11002020090020F7
:106920004A02002045020020640F00205602002089
:106930001013002055020020300E0020B00B002064
:106940001C0E0020DC1F0020A8060020981000204C
:106950004131443245330000F00C0020EE48006A1B
:1069600002908047ED4800884FF6FF7101EA400031
:106970000290E948806A0190E9480078DDE9012148
:106980009047E84800690290E7480299884700204C
:1069900002900BE04FF4FA70FFF7BCFB4FF4FA7073
:1069A000FFF7B8FB0298401CC0B20290029808287A
:1069B000F0DBDE484069DEA102900120029A904798
:1069C000C820FFF7A7FBD54800884FF6FF7101EA02
:1069D00040000290D048406A0190D1480078DDE93B
:1069E00001219047C820FFF795FB0720D249087086
:1069F0008EE1D2480068029080474FF4FA70FFF7AA
:106A000089FBCF48C06802908047002002900BE0CD
:106A10004FF4FA70FFF77EFB4FF4FA70FFF77AFB42
:106A20000298401CC0B2029002980828F0DBC448CB
:106A3000406A02908047C248406B02908047C1483C
:106A4000406902908047B54800884FF6FF7101EA1F
:106A500040000290B048406A0190B1480078DDE9FA
:106A600001219047AC48006A029080470820B24953
:106A700008704DE1B4A1B548F9F7E6FBF0BBA748B3
:106A800000884FF6FF7101EA40000290A248806A38
:106A90000190A3480078DDE901219047AC480078D7
:106AA0000290AC484068019040F24C411920DDE969
:106AB00001329847994800884FF6FF7101EA40007B
:106AC00002909548406A019095480078DDE90121DF
:106AD0009047924800884FF6FF7101EA400002900B
:106AE0008D48406A01908E480078DDE90121904789
:106AF0008948006A02908047884800E00EE00088DC
:106B00004FF6FF7101EA400002908348806A0190CD
:106B100083480078DDE90121904752E08EA18B483F
:106B2000F9F792FBF0BB7D4800884FF6FF7101EA50
:106B3000400002907848406A019079480078DDE989
:106B40000121904782480078029082484068019075
:106B50004FF4AF611920DDE9013298476F48008892
:106B60004FF6FF7101EA400002906B48806A019085
:106B70006B480078DDE901219047684800884FF6AE
:106B8000FF7101EA400002906348806A0190644806
:106B90000078DDE9012190475F48006A0290804754
:106BA0005E4800E00DE000884FF6FF7101EA40000A
:106BB00002905948406A019059480078DDE9012166
:106BC000904709205C490870A2E05348006A02908F
:106BD0008047524800884FF6FF7101EA400002905A
:106BE0004D48406A01904E480078DDE90121904708
:106BF0005A48006902905AA0029988474FF496704B
:106C0000FFF788FA4448006A02908047424880694A
:106C1000FA2102901920029A90470A2046490870EA
:106C200076E04B48007802904A48006800230190C3
:106C30000E211B20DDE90142A047384800884FF6AD
:106C4000FF7101EA400002903348406A01903448E5
:106C50000078DDE901219047C820FFF75BFA2F4853
:106C600000884FF6FF7101EA400002902A48406A0E
:106C700001902B480078DDE901219047C820FFF7FB
:106C800049FA25488069962102901420029A90477B
:106C9000C820FFF73FFA0B202749087038E0324838
:106CA000007802903048C06801210190DDE90120A0
:106CB00090471948406940F2145102901420029AFA
:106CC00090474FF49670FFF725FA1348C06940F2D9
:106CD000523102901420029A90470F48C0694FF435
:106CE000487102901420029A90471F480078029041
:106CF0001D48C06802210190DDE9012090474FF452
:106D0000FA70FFF707FA0C200B49087000E000BF8B
:106D100000BF10B010BD0000200900204A02002072
:106D2000450200204C060020C806002098100020D4
:106D3000464630323035000053020020F81600205D
:106D40009C150020D004002044310000200E0020BB
:106D50001C0E0020300E002044330000780A002072
:106D60004238353432440000101300207CB5002036
:106D700000900190164903C9CDE9000120208DF84B
:106D8000020001208DF8030000208DF804008DF82A
:106D900005009DF805309DF804209DF803109DF82E
:106DA00002000C4E3568A84704468DF806400821BD
:106DB0006846FDF76DFA6420FFF7ACF90648407AA3
:106DC00020B100200449487201207CBD0020FCE76E
:106DD0008C0A002074030020A21E00202DE9FC4133
:106DE0000446002000900190002500263D4903C97B
:106DF000CDE9000170E010208DF8020020788DF8B8
:106E0000030060788DF80400A0788DF805009DF8E7
:106E100005309DF804209DF803109DF80200DFF86E
:106E2000C880D8F800C0E04707468DF806700821F2
:106E30006846FDF72DFAC820FFF76CF911208DF890
:106E40000200E0788DF8030020798DF80400607965
:106E50008DF805009DF805309DF804209DF803107D
:106E60009DF80200D8F800C0E04707468DF806708C
:106E700008216846FDF70CFAC820FFF74BF91B49BB
:106E80004868804708B1012000E00020064606B1AE
:106E900024E06420FFF73EF914494868804708B1B0
:106EA000012000E00020064606B117E06420FFF74D
:106EB00031F90E494868804708B1012000E0002000
:106EC000064606B10AE0681CC5B2032D04D1074A84
:106ED00010789168884701E0032D8CDB00BFBDE886
:106EE000FC8100008C0A002074030020780A002036
:106EF0002DE9FC4107460020009001900225002664
:106F00003F4903C9CDE9000101208DF80200012F9E
:106F100036D18DF8030000208DF804008DF80500AF
:106F20009DF805309DF804209DF803109DF802009F
:106F3000DFF8D080D8F800C0E04704468DF806405E
:106F400008216846FDF7A4F96420FFF7E3F814E090
:106F50002D49486880470546012D00D10FE00821E2
:106F60006846FDF795F94FF49670FFF7D3F8701C5B
:106F7000C6B20F2E01DD002601E0012DE8D138E078
:106F8000022F36D102208DF8030000208DF8040076
:106F90008DF805009DF805309DF804209DF803103C
:106FA0009DF80200DFF85C80D8F800C0E047044696
:106FB0008DF8064008216846FDF76AF96420FFF75E
:106FC000A9F813E0104948688047054605B90FE065
:106FD00008216846FDF75CF94FF4FA70FFF79AF85C
:106FE000701CC6B2142E01DD002601E0002DE9D18F
:106FF00000BF4FF49670FFF78DF8BDE8FC810000EC
:107000008C0A002074030020780A00202DE9FC413E
:1070100006460020009001900225394903C9CDE9B8
:10702000000109208DF8020036480078B0422ED1C8
:1070300001208DF8030000208DF804008DF8050074
:107040009DF805309DF804209DF803109DF802007E
:10705000DFF8B4C0DCF80070B84704468DF806408D
:1070600008216846FDF714F96420FFF753F80BE098
:107070002449486880470546012D00D106E00821D3
:107080006846FDF705F901E0012DF1D131E01D4819
:107090004078B0422DD102208DF8030000208DF8F9
:1070A00004008DF805009DF805309DF804209DF83A
:1070B00003109DF80200DFF850C0DCF80070B847FC
:1070C00004468DF8064008216846FDF7E1F8642083
:1070D000FFF720F80AE00B4948688047054605B9E4
:1070E00006E008216846FDF7D3F801E0002DF2D153
:1070F00000BF4FF4FA70FFF70DF8BDE8FC81000007
:107100008C0A0020780A00207403002070B5024623
:1071100000231AE0002012E032F81060451C32F81B
:107120001550AE4209DD32F81040451C32F81550BA
:1071300022F81050451C22F81540451CE8B24D1E9F
:10714000ED1A8542E8DC5D1CEBB24D1E9D42E1DC90
:1071500070BD000070B505460C460E48056000681D
:1071600041420C4800684042FBF7E3FC06E04FF464
:107170002F70FEF7CFFFA4F52F7084B2B4F52F7FE8
:10718000F5DA2046FEF7C6FF00210846FDF74AF86B
:1071900070BD0000201A002070B505460C46074857
:1071A000056001680068FBF7C4FC2046FEF7B2FFEB
:1071B00000210846FDF736F870BD0000201A0020B7
:1071C0001CB52448807930B10020224988712248BA
:1071D0000169224888471F48C07928B100201D490D
:1071E000C87101201E4908701A48007A38B11D493B
:1071F00008788A68022190470020164908721548CD
:10720000407A28B3002013494872174801690120C9
:1072100088474FF4FA70FEF77DFF4FF4FA70FEF7DF
:1072200079FF114800221146C369FF2098474FF4A7
:10723000FA70FEF76FFF4FF4FA70FEF76BFF0BA1C9
:1072400003C9CDE900010848416A6846884700BF84
:107250001CBD0000980300204C060020C80600203A
:1072600053020020981000204C140020C4E3BAC33D
:107270000000000070B504460D466420FEF74AFF8A
:1072800008480460016800684042FBF752FC284649
:10729000FEF740FF00210846FCF7C4FF6420FEF71C
:1072A00039FF70BD201A002070B504460D466420D9
:1072B000FEF730FF08480460016800684042FBF7B1
:1072C00038FC2846FEF726FF00210846FCF7AAFFF7
:1072D0006420FEF71FFF70BD201A002070B5054620
:1072E0000C466420FEF716FF09480560006841421D
:1072F00007480068FBF71DFC2046FEF70BFF002146
:107300000846FCF78FFF6420FEF704FF70BD000005
:10731000201A002070B505460C466420FEF7FAFEE0
:10732000094805600068414207480068FBF701FC16
:107330002046FEF7EFFE00210846FCF773FF6420AD
:10734000FEF7E8FE70BD0000201A002010B50446CC
:1073500000200D4908700D4908700D4908700D494D
:1073600008700D4908700D49087001200C4908701B
:107370000C48046001680068FBF7DBFB00BF0248B3
:1073800000780128FBD110BD121A00200F1A00202E
:107390000C1A00200D1A00200E1A0020101A0020CE
:1073A000111A0020201A002010B50446FF2C0AD123
:1073B00000206049887301205F4908700021084659
:1073C000FCF730FF86E0E72C08D15C4800685C4998
:1073D00008605A4800685B4908607BE0F72C01D0E0
:1073E000F32C0AD1554800681430554908605348B9
:1073F00000682838534908606CE0FB2C01D0F92C58
:107400000AD14E48006828304D4908604B48006852
:107410003C384C4908605DE0FD2C01D0FC2C0AD1C1
:10742000464800683C3046490860444800685A387D
:10743000444908604EE0FE2C0AD1404800685030B4
:107440003F4908603D48006878383E49086041E09F
:10745000EF2C01D0CF2C0AD13848006814303949BC
:1074600008603648006828383549086032E0DF2C6B
:1074700001D09F2C0AD1314800682830314908607A
:107480002E4800683C382E49086023E0BF2C01D00C
:107490003F2C0AD1294800683C302A490860274817
:1074A00000685A382649086014E07F2C0AD1234826
:1074B0000068503023490860204800687838204927
:1074C000086007E01D4800681D4908601B48006807
:1074D0001C490860FF2C20D1184800681849086032
:1074E000164800681749086017480088B0F5966F7D
:1074F0000DDD00201449088000210846FCF792FEAB
:1075000000201249087004200B49087008E00E485A
:107510000088401C0C49088002E000200A490880CD
:107520000448807B28B10748016805480068FBF7DC
:1075300000FB10BD20090020121A0020201A002094
:10754000181A00201C1A0020141A0020111A0020FA
:1075500010B56420FEF7DEFD084A907A116988476D
:107560006420FEF7D7FD05484FF4C87182691E20DC
:1075700090476420FEF7CEFD10BD000020090020DA
:1075800070B505460C46002016490870164908706B
:10759000164908701649087016490870164908708F
:1075A0000120164908701648056001680068FBF75D
:1075B000C0FA06E04FF42F70FEF7ACFDA4F52F7073
:1075C00084B2B4F52F7FF5DA2046FEF7A3FD002044
:1075D0000A49087000210846FCF724FE6420FEF7E3
:1075E00099FD70BD121A00200F1A00200C1A0020FD
:1075F0000D1A00200E1A0020101A0020111A002067
:10760000201A002010B50446002008490870012007
:10761000074988730748046001680068FBF789FA26
:1076200000BF024800780128FBD110BD121A0020CB
:1076300020090020201A00202DE9FC4704460020E4
:10764000009001900025314903C9CDE900010D2CBE
:1076500003D10D208DF8010004E0052C02D1052096
:107660008DF8010002208DF802008DF80300002043
:107670008DF804008DF805009DF805309DF8042074
:107680009DF803109DF80200DFF88490D9F800C03F
:10769000E04706468DF806600D2C19D10BE0082155
:1076A0006846FCF7F5FD9620FEF734FD681CC5B270
:1076B000052D00DD03E0174880790028EFD000BFDA
:1076C000144887790020134988713846BDE8FC8743
:1076D000052C19D10BE008216846FCF7D9FD96204E
:1076E000FEF718FD681CC5B2052D00DD03E0094852
:1076F00040790028EFD000BF064890F805800020B0
:10770000044948714046E1E70020DFE728130020E4
:1077100074030020A21E00202DE9FC47044600202F
:10772000009001900025324903C9CDE900010D2CDC
:1077300003D10D208DF8010004E0052C02D10520B5
:107740008DF8010002208DF8020001208DF8030061
:1077500000208DF804008DF805009DF805309DF897
:1077600004209DF803109DF80200DFF88890D9F8F6
:1077700000C0E04706468DF806600D2C19D10BE0DD
:1077800008216846FCF784FD6420FEF7C3FC681CF2
:10779000C5B2192D00DD03E01748007A0028EFD0AC
:1077A00000BF1548077A0020134908723846BDE823
:1077B000FC87052C19D10BE008216846FCF768FD11
:1077C0006420FEF7A7FC681CC5B2192D00DD03E09C
:1077D0000948C0790028EFD000BF074890F808801A
:1077E00000200549C8714046E1E70020DFE70000BE
:1077F0002813002074030020A21E002070B5044648
:10780000264840F2EE21426923209047C820FEF727
:1078100081FC22484FF41671C26923209047C8208A
:10782000FEF778FC1D484FF42F71426923209047E2
:10783000C820FEF76FFC19484FF41671C269232067
:107840009047C820FEF766FC14484FF41671426951
:1078500023209047C820FEF75DFC10484FF4FA71D2
:10786000C269232090470D484FF41671C269232046
:107870009047002509E00948FA21C269282090476D
:1078800007488168204688470546032DF3D1034801
:10789000C82182691E20904770BD00002009002089
:1078A0001013002070B5044634B1012C05D0022C11
:1078B00012D0032C2ED11EE02DE0002509E04FF45C
:1078C000FA70FEF727FC4FF4FA70FEF723FC681CF1
:1078D000C5B2062DF3DB1EE0002509E04FF4FA7077
:1078E000FEF718FC4FF4FA70FEF714FC681CC5B2E2
:1078F0000A2DF3DB0FE0002509E04FF4FA70FEF7E4
:1079000009FC4FF4FA70FEF705FC681CC5B20E2D99
:10791000F3DB00E000BF00BF70BD00002DE9F043C5
:107920008FB006460C4600200D900E903A4A107813
:10793000516888470546384A107851688847054697
:10794000354A10785168884705462A4633A168466B
:10795000FDF750FF6846F8F770FC00F0FF09494654
:107960006846FCF751FC324903C9CDE90D010D2EE3
:1079700003D10D208DF8350004E0052E02D105203D
:107980008DF8350001208DF836008DF83740002045
:107990008DF838008DF839009DF839309DF8382081
:1079A0009DF837109DF83600DFF88890D9F800C0B0
:1079B000E04707468DF83A704FF000090AE00821C9
:1079C0000DA8FCF765FC6420FEF7A4FB09F101009B
:1079D00000F0FF09B9F1030FF1DBA54206D10E4813
:1079E0000169002088470FB0BDE8F083A54207DA9F
:1079F000601B00F0FF08084801694046884708E01E
:107A0000A54206DD281B00F0FF0803480169404637
:107A1000884700BFE7E70000101300206368656B2C
:107A200075206973203A202564200D0A00000000AB
:107A300028130020740300202DE9FC410446002097
:107A400000900190184903C9CDE9000108208DF884
:107A50000200012C03D101208DF8030010E0022C5C
:107A600003D101208DF804000AE0032C03D1022089
:107A70008DF8030004E0042C02D102208DF80400EC
:107A80009DF805309DF804209DF803109DF8020034
:107A9000064F3E68B04705468DF8065008216846F7
:107AA000FCF7F6FBBDE8FC81C40B0020740300204A
:107AB00010B501202749087134E027488078012853
:107AC0000ED1C820FEF726FB0020234988702149EB
:107AD00008712249086A8047C820FEF71BFB25E091
:107AE0001E484FF4AF71C2690F209047C820FEF7BF
:107AF00011FB1948807801280ED1FA20FEF70AFB05
:107B0000002015498870134908711449086A804794
:107B1000C820FEF7FFFA09E010484FF4C8718269E7
:107B2000122090470C4880780028C6D000BF0A4831
:107B3000807801280DD1FA20FEF7ECFA00200649E2
:107B40008870044908710549086A8047C820FEF713
:107B5000E1FA10BDB00B0020A21E00202009002079
:107B60002DE9F04104460D461646012035490871BD
:107B700046E035488078012817D1C820FEF7CAFAB8
:107B80000020314988702F4908713048B42182693A
:107B9000282090472E4833462A4621460768192058
:107BA000B847C820FEF7B6FA2EE028484FF4AF7168
:107BB000C2690F209047C820FEF7ACFA22488078AF
:107BC000012817D1FA20FEF7A5FA00201E49887077
:107BD0001C4908711D48B4218269282090471C481F
:107BE00033462A46214607681920B847C820FEF7C1
:107BF00091FA09E015484FF4C87182691220904744
:107C0000114880780028B4D000BF0F488078012840
:107C100016D1FA20FEF77EFA00200B498870094938
:107C200008710A48B42182692820904708483346E1
:107C30002A46214607681920B847C820FEF76AFA85
:107C4000BDE8F081B00B0020A21E0020200900201A
:107C5000300E002070B5044666181644F018C6179A
:107C600000EB16663612A0EB0626F5B2284670BD6C
:107C70001F4909681F4AD2F8142241EA42011D4AED
:107C8000D2F8182241EA82011A4AD2F81C2241EAAB
:107C9000C20141F0F001C943C8B2174949784140D7
:107CA0000140154A117011464870097892781140C8
:107CB00011B10121104A91710F4909780E4AD27809
:107CC000114011B101210C4AD1710B4909780A4ABE
:107CD0001279114011B10121074A11720649097840
:107CE000054A5279114011B10121034A517270477E
:107CF0001002444200004442980300202DE9FC4752
:107D000006460F4690461C460020009001901E49F2
:107D100003C9CDE90001012C03D101208DF8020037
:107D200004E0022C02D102208DF802008DF80360DD
:107D30008DF804708DF805809DF805309DF80420BD
:107D40009DF803109DF80200DFF84090D9F800C0BC
:107D5000E04705468DF806504FF000090AE008217B
:107D60006846FCF795FA6420FEF7D4F909F10100A2
:107D700000F0FF09B9F1030FF1DB4FF4FA70FEF7E1
:107D8000C9F9BDE8FC870000E80C0020740300205E
:107D90002DE9FC410446002000900190234903C9CD
:107DA000CDE9000104208DF8020000208DF80300C9
:107DB000642094FBF0F00A2190FBF1F201FB120029
:107DC000C0B28DF804000A2094FBF0F100FB1141D1
:107DD00094FBF0F00A2290FBF2F302FB130001EB9C
:107DE0000010C0B28DF805009DF805309DF8042004
:107DF0009DF803109DF802000D4F3D68A847064608
:107E00008DF80660002508E008216846FCF740FA76
:107E10006420FEF77FF9681CC5B2032DF4DB4FF434
:107E2000FA70FEF777F9BDE8FC810000E80C00204D
:107E3000740300202DE9FC410546002000900190CC
:107E40001F4903C9CDE9000103208DF8020000207D
:107E50008DF804008DF8050025B1012D06D0022D06
:107E60000CD107E000208DF8030007E001208DF819
:107E7000030003E002208DF8030000BF00BF9DF85F
:107E800005309DF804209DF803109DF802000D4F69
:107E90003E68B04704468DF80640002608E00821F9
:107EA0006846FCF7F5F96420FEF734F9701CC6B299
:107EB000032EF4DB4FF49670FEF72CF9BDE8FC813D
:107EC000E80C0020740300202DE9F041044663799A
:107ED0002279E178A078074F3E68B0470546A57142
:107EE00008212046FCF7C8F96420FEF713F9BDE825
:107EF000F08100007403002030B58DB0054668465F
:107F0000F8F79BF9C4B221466846FCF77DF90DB03D
:107F100030BD000070B58EB004460D462B4622469B
:107F200006A101A8FDF766FC01A8F8F786F9C6B21C
:107F3000314601A8FCF768F90EB070BD434D4432DC
:107F40002D333A202523782D2523780030B585B0B0
:107F5000044614216846F8F75BF931495220FBF7D3
:107F600062FC002859D101212046FBF73DFE2D4837
:107F7000007801281BD12B480078401C2949087043
:107F8000102229492948F8F72AF9284A28A16846E1
:107F9000FDF730FC6846F8F750F9C5B22946684647
:107FA000FCF732F9072124A0FCF72EF935E01D4833
:107FB000007802281BD11B480078401C1949087022
:107FC000102219491E48F8F70AF91D4A18A16846F7
:107FD000FDF710FC6846F8F730F9C5B22946684647
:107FE000FCF712F9072117A0FCF70EF915E0102293
:107FF0000D491648F8F7F3F8144A0DA16846FDF745
:10800000F9FB6846F8F719F9C5B229466846FCF746
:10801000FBF807210EA0FCF7F7F805B030BD000013
:1080200075180020280E0020BC1F0020DC1F002037
:108030002573200D0A00000041444452310A00001B
:10804000EC1F002041444452320A0000FC1F002073
:1080500041444452330A00002DE9F04180460D4668
:1080600016461F46FCF72EF80024FCF72BF8934821
:10807000007810B94046FBF76FFF65E08F48007845
:10808000012809D18E49087000210846FCF7CAF87A
:1080900000208C4908705BE08B495220FBF7C3FB42
:1080A000002851D100210846FCF7BCF80020854982
:1080B00008704FF4FA70FEF72DF884480078012814
:1080C00017D101212846FBF78FFD80480078401C1E
:1080D0007E49087010227E497E48F8F780F8102209
:1080E0007D497E48F8F77BF807217DA0FCF78CF8E6
:1080F00028E076480078022817D101213046FBF7A6
:1081000073FD72480078401C704908701022704955
:108110007548F8F764F810226F497448F8F75FF86B
:10812000072173A0FCF770F80CE001213846FBF73B
:108130005BFD102266497048F8F751F807216FA0DF
:10814000FCF762F8012403E05D480078012895D12E
:1081500000BF012C58D14046FBF7FEFE4FF4FA70E9
:10816000FDF7D8FF46E055480078012809D1544969
:10817000087000210846FCF755F8002051490870A6
:108180003CE051495220FBF74EFB90BB00210846D2
:10819000FCF748F800204B4908704FF4FA70FDF7DF
:1081A000B9FF4A480078022812D148480078401C9C
:1081B0004649087001213046FBF716FD102244495C
:1081C0004948F8F70CF8072149A0FCF71DF80CE026
:1081D00001213846FBF708FD10223D494648F7F7D4
:1081E000FEFF072145A0FCF70FF8FBF76BFF022409
:1081F00004E0FFE7324800780128B4D100BF022C28
:1082000002D14049086A80472C480078012853D1A0
:10821000022C51D02D480078012818D13A48016924
:10822000284688473748C821826928209047364821
:108230000169284688473348C82182692820904729
:108240003148016928468847FBF73CFF34E01F4866
:108250000078022818D12C480169304688472948FF
:10826000C8218269282090472748016930468847FD
:108270002448C82182692820904723480169304654
:108280008847FBF71FFF17E01F48016938468847FA
:108290001C48C8218269282090471B48016938463C
:1082A00088471848C82182692820904716480169E4
:1082B00038468847FBF706FFBDE8F081230E002013
:1082C000121A0020111A002075180020280E002014
:1082D000BC1F0020DC1F0020CC1F00207B180020CA
:1082E00041444452310A0000EC1F00208218002053
:1082F00041444452320A0000FC1F002041444452D1
:10830000330A000020090020300E002070B5064618
:108310000C4615460020424908700120087030467E
:10832000FBF71AFE00203F4908706DE03E480088C8
:10833000A0420FDB00210846FBF774FF00203A49FA
:1083400008803749087001203649087000203749F5
:1083500008705DE036495220FBF765FA002853D1DA
:1083600000210846FBF75EFF00202F4908802C49BA
:1083700008702E49087001202A4908704FF4FA70DD
:10838000FDF7C8FE01212846FBF72EFC294800789E
:10839000012813D127480078401C26490870102274
:1083A00025492648F7F71BFF102225492548F7F7EE
:1083B00016FF072124A0FBF727FF20E01D480078C7
:1083C000022813D11B480078401C1A49087010225B
:1083D00019491F48F7F703FF102219491D48F7F7FD
:1083E000FEFE07211CA0FBF70FFF08E01022124938
:1083F0001B48F7F7F4FE07211AA0FBF705FF4FF41F
:108400009670FDF787FE03E00648007801288DD1BD
:1084100000BF4FF4FA70FDF77DFEFBF753FE70BD11
:108420003A1A0020121A0020381A0020111A0020CF
:1084300075180020280E0020BC1F0020DC1F002023
:10844000CC1F00207B18002041444452310A000018
:10845000EC1F00208218002041444452320A0000E0
:10846000FC1F002041444452330A000070B5064608
:108470000C463046FBF770FD27E017495220FBF70A
:10848000D2F910BB00210846FBF7CCFE00201349AF
:10849000087000250EE00120114908606420FDF7F6
:1084A00039FE00200F49C1F894026420FDF732FE26
:1084B000681CC5B20A2DEEDB02212046FBF794FBB7
:1084C0004FF4FA70FDF726FE03E007480078012814
:1084D000D3D100BF70BD000075180020111A002014
:1084E0009482434200804342121A002010B5044691
:1084F00004495220FBF797F902212046FBF774FB51
:1085000010BD0000751800202DE9F0410446637984
:108510002279E178A078074F3E68B0470546A571FB
:1085200008212046FBF7B4FE3220FDF7F3FDBDE83D
:10853000F08100007403002010B504462046FCF7CB
:1085400005FC10BD10B505210148FCF70FFC10BD5E
:108550000817002038B50446002000901448006831
:108560000090012C04D0022C09D0032C15D10DE071
:108570000C208DF80200F3208DF803000EE0182087
:108580008DF80200E7208DF8030007E05E208DF8EB
:108590000200A1208DF8030000E000BF00BF04210D
:1085A0006846FAF77FFEC820FDF7B4FD38BD00002D
:1085B000700F00202DE9F0410646002512E0FAF781
:1085C000B7FC4B4921F815004A48816801208847CB
:1085D0004FF4FA70FDF79EFD4FF4FA70FDF79AFD27
:1085E000681CC5B2042DEADB4148078842480421D3
:1085F000C2693F489047002009E03D4931F810101A
:10860000B94202D1411CCCB203E0411CC8B20428DB
:10861000F3DB00BF012E06D0022E1CD0032E32D079
:10862000042E61D147E0012C00D15EE0022C04D180
:1086300030488168032088470CE0032C04D12D4882
:1086400081680220884705E0042C03D1294881680D
:108650000120884749E0012C04D126488168012087
:1086600088470FE0022C00D13FE0032C04D12148C1
:1086700081680320884705E0042C03D11D488168E8
:108680000220884731E0012C04D11A488168022079
:1086900088470FE0022C04D11648816801208847E2
:1086A00008E0032C00D120E0042C03D1114881689C
:1086B0000320884719E0012C04D10E48816803206B
:1086C000884710E0022C04D10A48816802208847BC
:1086D00009E0032C04D1074881680120884702E0A3
:1086E000042C00D101E000E000BF00BFBDE8F08134
:1086F000740F0020640F0020740300207CB500205C
:1087000000900190002411E0FAF712FC2DF81400FB
:1087100010488168012088474FF4FA70FDF7FAFC91
:108720004FF4FA70FDF7F6FC601CC4B2042CEBDBCE
:10873000BDF80050002109E03DF81100A84203D126
:10874000481CC6B230467CBD481CC1B20429F3DBCC
:108750000020F8E7640F00202DE9FC4104460D4697
:108760000020009001902B4903C9CDE90001012CA4
:1087700003D10B208DF801000AE0022C03D1082060
:108780008DF8010004E0032C02D112208DF80100C5
:1087900050208DF8020000208DF80300642095FB26
:1087A000F0F00A2190FBF1F201FB1200C0B28DF84B
:1087B00004000A2095FBF0F100FB115195FBF0F04D
:1087C0000A2290FBF2F302FB130001EB0010C0B28F
:1087D0008DF805009DF805309DF804209DF80310E4
:1087E0009DF80200DFF830C0DCF80070B84706469C
:1087F0008DF80660002708E008216846FBF748FD71
:108800006420FDF787FC781CC7B2032FF4DBBDE8BA
:10881000FC810000B8100020740300202DE9FC4109
:1088200004460F46002000900190214903C9CDE97C
:10883000000155208DF80000012C03D10B208DF88C
:1088400001000AE0022C03D108208DF8010004E0A9
:10885000032C02D112208DF8010040208DF8020077
:10886000A1208DF80300D2208DF80400E3208DF8BC
:1088700005009DF805309DF804209DF803109DF833
:108880000200DFF830C0DCF80060B04705468DF824
:108890000650002608E008216846FBF7F9FC642032
:1088A000FDF738FC701CC6B2032EF4DBBDE8FC817A
:1088B000B8100020740300202DE9FC4104460E4648
:1088C0001E4903C9CDE90001012C03D10B208DF80D
:1088D00001000AE0022C03D108208DF8010004E019
:1088E000032C02D112208DF8010010208DF8020017
:1088F00000208DF803008DF804608DF803009DF8CA
:1089000005309DF804209DF803109DF80200DFF863
:1089100030C0DCF80070B84705468DF806500027D7
:1089200008E008216846FBF7B3FC6420FDF7F2FB82
:10893000781CC7B2032FF4DBBDE8FC81B81000201F
:10894000740300202DE9FC4104460D4600200090F0
:108950000190214903C9CDE90001012C03D10B206D
:108960008DF801000AE0022C03D108208DF80100E7
:1089700004E0032C02D112208DF8010010208DF8A4
:108980000200012D04D0022D06D0032D0CD107E0EA
:1089900001208DF8030000BF02208DF8030000BF06
:1089A00003208DF8030000BF00BF00BF9DF8053015
:1089B0009DF804209DF803109DF80200DFF81CC00C
:1089C000DCF80070B84706468DF806600821684656
:1089D000FBF75EFCBDE8FC81B810002074030020AA
:1089E0002DE9FC4105460C460020009001903649D7
:1089F00003C9CDE90001012D03D10B208DF8010041
:108A00000AE0022D03D108208DF8010004E0032DB7
:108A100002D112208DF8010020208DF8020020786C
:108A20008DF8030060788DF80400A0788DF80500BB
:108A30009DF805309DF804209DF803109DF8020074
:108A4000DFF888C0DCF80070B84706468DF806608D
:108A5000002708E008216846FBF71AFC6420FDF7B0
:108A600059FB781CC7B2032FF4DB4FF49670FDF767
:108A700051FB21208DF80200E0788DF80300207969
:108A80008DF8040060798DF805009DF805309DF89B
:108A900004209DF803109DF80200DFF830C0DCF8D8
:108AA0000070B84706468DF80660002708E00821E8
:108AB0006846FBF7EDFB6420FDF72CFB781CC7B282
:108AC000032FF4DBBDE8FC81B81000207403002004
:108AD0002DE9FC4104460E460020009001902649F5
:108AE00003C9CDE90001012C03D10B208DF8010051
:108AF0000AE0022C03D108208DF8010004E0032CC9
:108B000002D112208DF8010030208DF80200012ED4
:108B100004D0022E06D0032E0CD107E000208DF8E1
:108B2000030000BF01208DF8030000BF02208DF874
:108B3000030000BF00BF00BF9DF805309DF8042072
:108B40009DF803109DF80200DFF830C0DCF80070DB
:108B5000B84705468DF80650002708E0082168460A
:108B6000FBF796FB6420FDF7D5FA781CC7B2032FFC
:108B7000F4DBBDE8FC810000B81000207403002085
:108B80002DE9FC4104460D46002000900190294942
:108B900003C9CDE90001012C03D10B208DF80100A0
:108BA0000AE0022C03D108208DF8010004E0032C18
:108BB00002D112208DF8010060208DF80200072DEF
:108BC0001DD2DFE805F01C04080C10141800012069
:108BD0008DF8030014E002208DF8030010E003205C
:108BE0008DF803000CE004208DF8030008E0052058
:108BF0008DF8030004E006208DF8030000E000BFBC
:108C000000BF9DF805309DF804209DF803109DF8E5
:108C10000200DFF824C0DCF80070B84706468DF883
:108C2000066008216846FBF733FB6420FDF772FA03
:108C3000BDE8FC81B8100020740300202DE9FC4140
:108C400004460020009001900025314903C9CDE978
:108C50000001012C03D10E208DF8010004E0022C4C
:108C600002D10F208DF8010001208DF802009DF83F
:108C700005309DF804209DF803109DF80200DFF8F0
:108C800094C0DCF80070B84706468DF80660012CE9
:108C900014D10EE008216846FBF7FAFAC820FDF768
:108CA00039FA681CC5B20F2D03DD00201A4908707F
:108CB00003E0194800780028ECD016E0022C14D10B
:108CC0000EE008216846FBF7E3FAC820FDF722FA18
:108CD000681CC5B20F2D03DD00200F49487003E06A
:108CE0000D4840780028ECD000BF00200A490870E9
:108CF00048704FF4FA70FDF70DFA4FF4FA70FDF773
:108D000009FA0648016906488847BDE8FC81000069
:108D1000EC11002074030020A21E00204C0600204D
:108D2000900600202DE9FC4104460E46224903C965
:108D3000CDE90001012C03D10E208DF8010004E0E3
:108D4000022C02D10F208DF8010002208DF80200C4
:108D5000012E04D0022E06D0032E0CD107E00120F4
:108D60008DF8030008E002208DF8030004E00320E2
:108D70008DF8030000E000BF00BF9DF805309DF8AE
:108D800004209DF803109DF80200DFF830C0DCF8E5
:108D90000070B84705468DF80650002708E0082106
:108DA0006846FBF775FA3C20FDF7B4F9781CC7B2AA
:108DB000032FF4DBBDE8FC81EC11002074030020DC
:108DC0002DE9FC4107460020009001900024164840
:108DD00001680091406801909DF805309DF80420DD
:108DE0009DF803109DF80200DFF840C0DCF8006039
:108DF000B04705468DF806500CE00D48C16868463E
:108E00008847601CC4B24FF49670FDF783F9052CB7
:108E100000DB03E0064880780028EED000BF002089
:108E200003498870BDE8FC81FE0400207403002023
:108E3000D00400201FB501210846FAF7D9FF4FF0F2
:108E40008040FBF74EFC0020ADF80C00ADF80600AA
:108E500040F2E7300290A720ADF8040000208DF822
:108E60000E0001A94FF08040FBF742FC01221146A1
:108E70009007FBF72DFC4FF4A060FAF717FB1C20BE
:108E80008DF8000001208DF8030002208DF801000C
:108E900000208DF802006846FAF7CCFA0121880715
:108EA000FBF7F9FB1FBD00001FB501210220FAF7F7
:108EB0009FFF1848FBF715FC0020ADF80C00ADF83B
:108EC000060040F2E7300290A720ADF80400002031
:108ED0008DF80E0001A90F48FBF70AFC012211468C
:108EE0000C48FBF7F5FB4FF4A060FAF7DFFA1D2002
:108EF0008DF8000001208DF803008DF801008DF839
:108F000002006846FAF796FA01210248FBF7C3FB14
:108F10001FBD00000004004028B1012807D1012135
:108F2000044A117004E00021024A117000E000BF01
:108F300000BF7047A20300207CB5044600200090CB
:108F40000190204903C9CDE9000113208DF80100EB
:108F5000092C26D2DFE804F02505090D1115191D8D
:108F6000210001208DF802001CE002208DF8020093
:108F700018E003208DF8020014E004208DF80200B0
:108F800010E005208DF802000CE006208DF80200AC
:108F900008E007208DF8020004E008208DF80200A8
:108FA00000E000BF00BF002508E006216846FAF790
:108FB00079F96420FDF7AEF8681CC5B2032DF4DB27
:108FC0007CBD0000781400201CB5044600200090F1
:108FD00001902348016800918088ADF8040028E0E2
:108FE0002078802812DA31208DF8010020788DF861
:108FF000020000208DF803008DF804008DF80500B4
:1090000006216846FAF74EF9641C12E031208DF80B
:10901000010020788DF8020060788DF803000020B0
:109020008DF804008DF8050006216846FAF73AF934
:10903000A41C20780028D3D131208DF80100002015
:109040008DF802008DF8030055208DF804000020F3
:109050008DF8050006216846FAF724F91CBD0000CA
:10906000781400207CB505462846F7F7E6F886B266
:10907000FF208DF8000031208DF80100002433E03E
:10908000285D00F0800090B1285D8DF80200601C22
:1090900084B2285D8DF80300B01EA04203DA55208B
:1090A0008DF8040013E000208DF804000FE0285D27
:1090B0008DF8020000208DF80300B01EA04203DAF4
:1090C00055208DF8040002E000208DF804000020F7
:1090D0008DF8050006216846FAF7E4F84FF4FA70B7
:1090E000FDF718F8601C84B2B442C9DB7CBD0000F7
:1090F0007CB50446002000900190124903C9CDE9D7
:10910000000132208DF80100012C02D0022C08D180
:1091100003E001208DF8020004E002208DF8020037
:1091200000E000BF00BF002508E006216846FAF70E
:10913000B9F86420FCF7EEFF681CC5B2032DF4DB20
:109140007CBD0000781400201CB500200090019028
:109150000B4903C9CDE9000116208DF8010001205B
:109160008DF80200002408E006216846FAF79AF814
:109170006420FCF7CFFF601CC4B2032CF4DB1CBDE1
:10918000781400207CB5044600200090019014491A
:1091900003C9CDE9000111208DF801000A2094FBDC
:1091A000F0F00A2190FBF1F201FB1200C0B28DF841
:1091B00002000A2094FBF0F100FB1140C0B28DF8D0
:1091C0000300002508E006216846FAF76BF86420E2
:1091D000FCF7A0FF681CC5B2032DF4DB7CBD0000CA
:1091E000781400207CB504460020009001901949B5
:1091F00003C9CDE9000112208DF80100062C18D218
:10920000DFE804F01703070B0F1301208DF80200AD
:1092100010E002208DF802000CE003208DF802001F
:1092200008E004208DF8020004E005208DF802001B
:1092300000E000BF00BF002508E006216846FAF7FD
:1092400031F86420FCF766FF681CC5B2032DF4DB1F
:109250007CBD0000781400202DE9FC4104460D4639
:1092600016460020009001900F4903C9CDE9000186
:1092700017208DF8010001208DF802008DF80340C1
:109280008DF804508DF80560002708E00621684637
:10929000FAF708F86420FCF73DFF781CC7B2032FEB
:1092A000F4DBBDE8FC810000781400207CB50446A6
:1092B0000020009001901B4903C9CDE90001142052
:1092C0008DF80100072C1DD2DFE804F01C04080C07
:1092D0001014180001208DF8020014E002208DF80F
:1092E000020010E003208DF802000CE004208DF84D
:1092F000020008E005208DF8020004E006208DF849
:10930000020000E000BF00BF002508E0062168461B
:10931000F9F7C8FF6420FCF7FDFE681CC5B2032DF9
:10932000F4DB7CBD781400207CB50446002000905E
:1093300001901B4903C9CDE9000115208DF80100FA
:10934000072C1DD2DFE804F01C04080C10141800D0
:1093500001208DF8020014E002208DF8020010E0D8
:1093600003208DF802000CE004208DF8020008E0D4
:1093700005208DF8020004E006208DF8020000E0D0
:1093800000BF00BF002508E006216846F9F78AFF04
:109390006420FCF7BFFE681CC5B2032DF4DB7CBD66
:1093A000781400202DE9FC4104460D4616460020A5
:1093B000009001901D4903C9CDE9000120208DF8DE
:1093C000010020788DF8020060788DF80300A07805
:1093D0008DF80400E0788DF80500002708E00621EC
:1093E0006846F9F75FFF6420FCF794FE781CC7B26B
:1093F000032FF4DB10208DF8010020798DF8020096
:1094000060798DF803008DF804508DF80560002711
:1094100008E006216846F9F745FF6420FCF77AFE6C
:10942000781CC7B2032FF4DBBDE8FC817814002060
:109430002DE9FC410446002000900190224903C917
:10944000CDE9000110208DF80200072C1DD2DFE8C5
:1094500004F01C04080C1014180001208DF80300FF
:1094600014E002208DF8030010E003208DF80300C3
:109470000CE004208DF8030008E005208DF80300BF
:1094800004E006208DF8030000E000BF00BF9DF857
:1094900005309DF804209DF803109DF802000B4F45
:1094A0003E68B04705468DF80650002608E00821C2
:1094B0006846FAF7EDFE6420FCF72CFE701CC6B27D
:1094C000032EF4DBBDE8FC81D415002074030020DA
:1094D00038B5044600200090FD208DF800000020E3
:1094E0008DF8010001208DF80200012C04D0022C1F
:1094F00006D0032C0CD107E002208DF8030008E011
:1095000002208DF8030004E002208DF8030000E043
:1095100000BF00BF002508E004216846FAF7B8FE46
:109520006420FCF7F7FD681CC5B2032DF4DB38BDE1
:109530002DE9FC410020009001900024174903C947
:10954000CDE9000131208DF8020001208DF80300E3
:109550009DF805309DF804209DF803109DF8020049
:109560000F4F3E68B04705468DF806500DE00821C4
:109570006846FAF78DFE6420FCF7CCFD601CC4B28F
:10958000192C02DD0020BDE8FC810648C0780128C6
:10959000EDD100200349C8700120F4E7D415002064
:1095A00074030020A21E00202DE9FC410020009041
:1095B00001900024174903C9CDE9000141208DF82D
:1095C000020001208DF803009DF805309DF804206D
:1095D0009DF803109DF802000F4F3E68B047054606
:1095E0008DF806500DE008216846FAF751FE642018
:1095F000FCF790FD601CC4B2192C02DD0020BDE810
:10960000FC810648C0780228EDD100200349C870CB
:109610000120F4E7D415002074030020A21E0020CE
:109620002DE9FC410020009001900024164903C957
:10963000CDE9000143208DF802009DF805309DF82A
:1096400004209DF803109DF80200104F3E68B047BB
:1096500005468DF806500DE008216846FAF718FE19
:109660006420FCF757FD601CC4B2192C02DD0020F9
:10967000BDE8FC810648C0780328EDD100200449EC
:10968000C8700120F4E70000D41500207403002006
:10969000A21E00207CB5002000900190124903C951
:1096A000CDE9000120208DF8020001208DF8030093
:1096B0009DF805309DF804209DF803109DF80200E8
:1096C0000A4E3468A04705468DF80650002408E08D
:1096D00008216846FAF7DCFD6420FCF71BFD601CDE
:1096E000C4B2032CF4DB7CBDD4150020740300202D
:1096F0002DE9FC4104460D461646002000900190DD
:10970000154903C9CDE9000130208DF802008DF81C
:1097100003408DF804508DF805609DF805309DF8E4
:1097200004209DF803109DF80200DFF830C0DCF83B
:109730000070B84780468DF80680002708E00821B1
:109740006846FAF7A5FD6420FCF7E4FC781CC7B274
:10975000032FF4DBBDE8FC81D41500207403002046
:109760002DE9FC4104460D4616460020009001906C
:10977000154903C9CDE9000140208DF802008DF89C
:1097800003408DF804508DF805609DF805309DF874
:1097900004209DF803109DF80200DFF830C0DCF8CB
:1097A0000070B84780468DF80680002708E0082141
:1097B0006846FAF76DFD6420FCF7ACFC781CC7B274
:1097C000032FF4DBBDE8FC81D415002074030020D6
:1097D0007CB505462846F6F730FD84B2002000909F
:1097E0000190FD208DF80000A01C000A8DF80100FA
:1097F000A01CC0B28DF8020001208DF803008DF886
:10980000040005216846FAF743FDE1B22846FAF75D
:109810003FFD6420FCF77EFC7CBD00002DE9FC418F
:1098200004460E46002000900190254903C9CDE969
:10983000000142208DF80200072C1DD2DFE804F061
:109840001C04080C1014180000208DF8030014E00C
:1098500001208DF8030010E002208DF803000CE0D9
:1098600003208DF8030008E004208DF8030004E0D5
:1098700005208DF8030000E000BF00BF8DF80460F4
:109880009DF805309DF804209DF803109DF8020016
:10989000DFF830C0DCF80070B84705468DF8065098
:1098A000002708E008216846FAF7F2FC6420FCF77C
:1098B00031FC781CC7B2032FF4DBBDE8FC8100004B
:1098C000D41500207403002010B54FF4FA70FCF793
:1098D00021FC0A4A1278121DD0B2094A5168884701
:1098E0004FF4FA70FCF716FC4FF4FA70FCF712FC18
:1098F0004FF4FA70FCF70EFC10BD00009C15002020
:10990000F816002010B54FF4FA70FCF703FC254858
:109910004168012088474FF4FA70FCF7FBFB4FF4D5
:10992000FA70FCF7F7FB4FF4FA70FCF7F3FB1E48F4
:1099300040780A2190FBF1F03030C4B219484168F8
:10994000204688474FF49670FCF7E4FB15484168C1
:10995000022088474FF49670FCF7DCFB12484078F1
:109960000A2190FBF1F201FB12003030C4B20D4825
:109970004168204688474FF49670FCF7CBFB0948B6
:10998000416803208847002409E04FF4FA70FCF78F
:10999000C1FB4FF4FA70FCF7BDFB601CC4B2032C92
:1099A000F3DB10BDF81600209C15002010B53948D7
:1099B000007801286AD138480078552866D13648A1
:1099C0004078012812D13448807809280CD2DFE889
:1099D00000F00B050607080B0B090A0005E004E080
:1099E00003E002E001E000E000BF4FE02A484078D9
:1099F000022835D12848807808282FD2DFE800F0E7
:109A00002E040A10161C222801202449087000F098
:109A100047F824E002202149087000F041F81EE0D8
:109A200003201E49087000F03BF818E004201B4991
:109A3000087000F035F812E005201849087000F0B1
:109A40002FF80CE006201549087000F029F806E010
:109A500007201249087000F023F800E000BF15E06D
:109A60000D484078032811D10B48807807280BD285
:109A7000DFE800F00A0405060708090005E004E035
:109A800003E002E001E000E000BF00BF0020014968
:109A9000087010BDBD180020B51800200D1700205B
:109AA0007CB50446002000900190AF208DF80000A6
:109AB00006208DF801008DF8024002208DF8030089
:109AC00000208DF804008DF8050001208DF80600B7
:109AD000BB208DF80700002508E008216846FAF74A
:109AE000D7FB6420FCF716FB681CC5B2032DF4DB22
:109AF0004FF49670FCF70EFB7CBD000001000000E7
:109B00000200000004000000080000001000000037
:109B10002000000040000000800000000001000064
:109B20000002000000040000000800000010000017
:109B30000020000000400000008000000000010044
:109B400000000200000004000000080000001000F7
:109B50000000200000004000000080000000000124
:109B600000000002000000040000000800000010D7
:109B7000000000200000004000000080FEFFFFFF0A
:109B8000FDFFFFFFFBFFFFFFF7FFFFFFEFFFFFFF03
:109B9000DFFFFFFFBFFFFFFF7FFFFFFFFFFEFFFFB6
:109BA000FFFDFFFFFFFBFFFFFFF7FFFFFFEFFFFFE3
:109BB000FFDFFFFFFFBFFFFFFF7FFFFFFFFFFEFF96
:109BC000FFFFFEFFFFFFFBFFFFFFF7FFFFFFEFFFC2
:109BD000FFFFDFFFFFFFBFFFFFFF7FFFFFFFFFFE76
:109BE000FFFFFFFDFFFFFFFBFFFFFFF7FFFFFFEFA3
:109BF000FFFFFFDFFFFFFFBFFFFFFF7F0008040C39
:109C0000020A060E0109050D030B070F0040404034
:109C1000404040404040414141414140404040403F
:109C200040404040404040404040404040050202EB
:109C300002020202020202020202020202202020AA
:109C40002020202020202002020202020202909006
:109C50009090909010101010101010101010101004
:109C60001010101010101010020202020202888858
:109C70008888888808080808080808080808080864
:109C8000080808080808080802020202400000004C
:109C90000D9C000830313233343536373839414283
:109CA0004344454600000000C89C00080000002016
:109CB000B41B00009A0E00085CA00008B41B002032
:109CC000840C000034580008102200FF0CF300FF41
:109CD00018E700FF5EA103051445DE92673478A201
:109CE000FD27FF1401000000FF14020610045503B5
:109CF000010D1302BB08110F1203084220081304C0
:109D000003182204085200101118200505BB550E37
:109D10003C1201083302011830040E0202283004FC
:109D20000E020320520F20520F20520F20520F20FC
:109D3000520D70520D7030040D01034040040D01AE
:109D400004205158520D58520530520530520530FA
:109D5000520530520530520588130B10B8221108F5
:109D600011B0500512BB550AE0200702A0A1000067
:109D70004108A007A2000042BB000105FF2805180A
:109D8000280409FF325A230004014A013005253016
:109D90001006557C000871041006358E0008A904D1
:109DA000100EC1710008157F0008F97E00080D0C27
:109DB0001005198F0008E834040204084A0409FF5A
:109DC000B8BBC7BFC3F1D6F75C0D2EB40317098526
:109DD0005C10098D0008FD5500088D04100AC15360
:109DE000000859540008F10445491DF20316A0501B
:109DF0005DF203310842A3081D0904310852A2088C
:109E0000211707FF00BB7C0D283005152B67C97E85
:109E1000680128013F55FF47045005BB55FF020864
:109E20005203085204085205085206085207085205
:109E300008085209084611B205FFB00D212C030590
:109E4000FF24051A241C0C9001EE027C015A5A28AA
:109E5000002CDE051C0A4D7300088175000899A8C6
:109E60000512550412510C1FA972C0051118127564
:109E70000812DD0412A90C1F0576C40505FF580D54
:109E80001834082D82071F6D6D8C051E6EF40616A2
:109E90007038110C3E55EB030DFFB403051C383F21
:109EA000030209051006397A0008B1041B617B889A
:109EB00006FF0C380D20740956042419792EFD7CF8
:109EC000091D6C090FFF917DA4030D23200622C8F4
:109ED000CE510C1F5980A40A10098300086D84001C
:109EE00008ED041E4DB80A07FF949C480D1BF00BAB
:109EF0001C06FD860008B58C0A1255040FFF00FFF2
:109F0000240D0D252006100C0300B9880008458992
:109F10000008E1041006D18A00081D101F5987802F
:109F2000071E8B2C060EFF00F40405224421F104C9
:109F300008FF003D8C0008258D340D23CC101E0D2C
:109F40005F0C1C061977000839C0091C071D790031
:109F500008A578400E06FF773C0D23E804100AA5FB
:109F600093000885910008E5041E39C4101006AD61
:109F7000920008291412491412590C1006F190008D
:109F800008C9181265080EFFFF04050D2880071484
:109F9000073194000895964011041C07619700084A
:109FA00031953812110410061D980008211812D19D
:109FB0001412D12412C9101F0599100A0AFF06AC09
:109FC0000D1F100A1E4590071E39201216AD3010C5
:109FD00006A19A0008FA010335A10001100A100138
:109FE0004000440040004804124C0412500405FF95
:109FF0007C0D28281239E53C0D2A2A362626325EA9
:10A000005E3C44333E70179101AC0E524649445FAA
:10A01000414444523A30310A65161EFD27157D77BA
:10A02000160517C31D08072204040405FF060708C8
:10A030000998052E980D2F0D03100AC003E0078024
:10A0400002E007A0041007E000E007000108110487
:0CA05000ADE6130EFF30F805053A88005D
:040000050800018965
:00000001FF
