:020000040800F2
:10000000202E0020A1010008A9010008AB01000872
:10001000AD010008AF010008B101000800000000B8
:10002000000000000000000000000000B301000814
:10003000B501000800000000B7010008B901000880
:10004000BB010008BB010008BB010008BB010008A0
:10005000BB010008BB010008BB010008BB01000890
:10006000BB010008BB010008B1250008BB01000866
:10007000BB010008BB010008BB010008BB01000870
:10008000BB010008BB010008BB010008BB01000860
:10009000BB010008BB010008BB010008BB01000850
:1000A000293E0008493E0008BB010008BB010008CA
:1000B000793E0008313F0008BB010008BB01000881
:1000C000BB010008BB010008BB010008BB01000820
:1000D000BB0100087D440008D9440008BB010008AA
:1000E000BB010008BB010008BB010008BB01000800
:1000F000BB010008BB010008BB010008BB010008F0
:10010000BB010008BB010008BB010008BB010008DF
:100110006D440008BB0100088D3F0008B93F00088E
:10012000BB010008BB010008BB010008BB010008BF
:10013000BB010008BB010008BB010008BB010008AF
:10014000BB010008BB010008BB010008BB0100089F
:10015000BB010008BB010008BB010008A94500085D
:10016000BB010008BB010008BB010008BB0100087F
:10017000BB010008BB010008BB010008BB0100086F
:10018000BB010008BB010008DFF810D000F066FBDF
:1001900000480047C55B0008AFF30080202E002018
:1001A0000648804706480047FEE7FEE7FEE7FEE711
:1001B000FEE7FEE7FEE7FEE7FEE7FEE7C13D0008DB
:1001C0008901000840EA01039B0703D009E008C940
:1001D000121F08C0042AFAD203E011F8013B00F80C
:1001E000013B521EF9D27047D2B201E000F8012B58
:1001F000491EFBD270470022F6E710B513460A46A7
:1002000004461946FFF7F0FF204610BD10B504461E
:1002100004E00B7800F8013B03B1491C521EF8D2F0
:10022000204610BDCAB2401E10F8011F8A4202D0FB
:100230000029F9D100207047421C10F8011B002949
:10024000FBD1801A704710B5002200E0521C835C7D
:100250008C5CA34201D1002BF8D1D8B2E1B2401A94
:1002600010BD034611F8012B00F8012B002AF9D12B
:10027000184670472DE9FE4F804681EA0300C00F03
:100280000C46009021F0004123F00045B8EB02003D
:10029000A94105D24046214690461C460B460246DF
:1002A00023F00040104347D0270DC7F30A00C3F3E3
:1002B0000A510290401A019040286BDAC3F31300F0
:1002C00040F4801B0098924620B10023D2EB030A31
:1002D00063EB0B0B01985946C0F14002504600F009
:1002E000C7F906460D4650465946019A00F0DFF917
:1002F00010EB08006141002487EA115284EAE77399
:100300001A4340D0009A62B3019A012A4FEA075279
:1003100015DC001B61EB02014FF0004202EA0752BC
:10032000CDE90042001C41F5801132462B4600F019
:1003300016FA03B0BDE8F08F40462146F9E7001BEE
:1003400061EB0201001C41F5801300185B4120188D
:10035000A2F5001747EB030140EAD570B6196D41CD
:1003600011E06D084FEA360645EAC0754FEA0752BC
:10037000001B61EB0201001C41F5801149084FEAA6
:1003800030000019514132462B4603B0BDE8F04F12
:1003900000F0D6B90098012240000023D0EB020201
:1003A00063EBE073009821464FEAE074B8EB00007D
:1003B00061EB0401E9E783F000435BE781F0004172
:1003C00058E72DE9FE4F81EA030404F0004421F0D0
:1003D000004100944FF0000B23F0004350EA010469
:1003E0005ED052EA03045BD0C3F30A54C1F30A554A
:1003F0002C44A4F2F3340194A0FB0254C1F3130182
:1004000041F48011C3F3130343F4801301FB02444E
:1004100000FB034E840A970A44EA815447EA835753
:10042000A4FB076802958D0A05FB07854FEA932C0C
:1004300004FB0C542705029D4FEA065847EA16377D
:10044000B5EB08056EEB070C870E920E47EA811795
:1004500042EA8312A7FB0201B6EB0B0164EB000436
:100460002B0D43EA0C335E1844EB1C50DA46514620
:10047000E7FB0201C5F313044FEA0B3343EA1453BD
:100480004FEA0432019C43EA0603A4F10C040294EF
:10049000009CCDE900B400F062F903B0BDE8F08F34
:1004A00000200146F9E72DE9F04D81EA030404F04C
:1004B000004B21F0004514464FF0000A23F00041A4
:1004C00050EA050220D054EA01021DD0C5F30A57B4
:1004D0000246C5F31303C1F31300C1F30A5640F4F7
:1004E000801543F48013A7EB0608101BD64608F2CC
:1004F000FD3873EB050002D308F1010801E0921802
:100500005B41B8F1000F03DA00200146BDE8F08D31
:1005100000204FF48011064684460EE0171B73EB53
:10052000050705D3121B63EB050306434CEA010CD8
:1005300049084FEA300092185B4150EA0107EDD1BB
:1005400052EA030012D082EA040083EA050108435C
:1005500005D0101BAB4106D20122002306E0002289
:100560004FF0004302E06FF0010253101AEB060057
:100570004CEB085110EB0A0041EB0B01BDE8F04DCC
:1005800000F0DEB800F0004230F000400AD0C10DAB
:1005900001F56071C0F3160042EA0151C20840073C
:1005A0001143704700200146704701F0004330B40A
:1005B00021F0004150EA010206D00A0DA2F5607256
:1005C000C1F31301002A02DC30BC00207047440F45
:1005D00044EAC104C100E01830BC00EBC25000F096
:1005E00078B830B50B46014600202022012409E0EE
:1005F00021FA02F59D4205D303FA02F5491B04FADC
:1006000002F52844151EA2F10102F1DC30BD2DE9EE
:10061000F05F0546002092469B4688460646814686
:1006200040241BE0284641464746224600F02FF86A
:1006300053465A46C01A914110D3114618462246D5
:1006400000F016F82D1A67EB01084F4622460120EC
:10065000002100F00DF817EB00094E41201EA4F117
:100660000104DFDC484631462A464346BDE8F09F98
:10067000202A04DB203A00FA02F100207047914062
:10068000C2F1200320FA03F3194390407047202A57
:1006900004DB203A21FA02F00021704721FA02F32C
:1006A000D040C2F120029140084319467047202AE9
:1006B00006DBCB17203A41FA02F043EAE07306E08A
:1006C00041FA02F3D040C2F120029140084319469A
:1006D00070470029A8BF7047401C490008BF20F0A0
:1006E0000100704710B4B0FA80FC00FA0CF050EA38
:1006F000010404BF10BC704749B1CCF1200421FAB9
:1007000004F411FA0CF118BF012121430843A3EBB3
:100710000C01CB1D4FEA00614FEA102042BF0020C0
:1007200010BC704700EBC35010440029A4BF10BC9C
:100730007047401C490008BF20F0010010BC704702
:1007400010B5141E73F1000408DA401C41F10001D9
:1007500092185B411A4301D120F0010010BD2DE930
:10076000F04D92469B4611B1B1FA81F202E0B0FA27
:1007700080F220329046FFF77BFF04460F4640EAA6
:100780000A0041EA0B0153465A46084313D011466A
:1007900053EA010019D0C8F140025046FFF777FF35
:1007A00005460E46504659464246FFF761FF08434C
:1007B00005D0012004E020463946BDE8F08D002038
:1007C000054346EAE0762C4337430A986305E40A7A
:1007D000A0EB08000022FD0A44EA47540A3002D583
:1007E00000200146E9E7010510196941DDE90845E6
:1007F00000196941BDE8F04DA2E7C1F30A52C1F307
:10080000130140F2FF3341F480119A4202DA0020D2
:100810000146704740F233439A42A2F2334202DC6F
:100820005242FFF734BFFFF723BF000030B5041E6C
:1008300071F1000404DB4FF00044404264EB01011D
:10084000141E73F1000405DB1C464FF000435242B6
:1008500063EB0403994208BF904230BD064C074D3C
:1008600006E0E06840F0010394E807009847103480
:10087000AC42F6D3FFF78CFC30940008509400088B
:1008800070B58D1810F8014B14F0030201D110F867
:10089000012B231106D110F8013B03E010F8016B86
:1008A00001F8016B521EF9D1ABB110F8012B04F025
:1008B0000C048A1A0C2C03D0A2EB84129B1C08E0B7
:1008C00010F8014BA2EB0422F8E712F8014B01F8F3
:1008D000014B5B1EF9D5A942D4D3002070BDCA4399
:1008E0000260704721B1826842F00102826003E039
:1008F000826822F001028260704700000021084AED
:100900001168084A1140D0E900231A4383681A434A
:10091000C3681A431143044AC2F804137047000025
:1009200004230140E030FCFF0020014000B58DB001
:100930000121084602F0EEFE0121080202F01AFF32
:100940004020019003208DF8080000208DF80B0056
:1009500001A9174801F069FF002003900490069058
:10096000059003A8FFF7CAFF0121080202F012FF59
:1009700000214FF4807002F00DFF00208DF8200060
:1009800007908DF8210009900B9001208DF8300020
:1009900007A9084800F01EF8062301221946054859
:1009A00000F042F801210348FFF79CFF0DB000BDA5
:1009B00000000240002001400146C86C80B2704730
:1009C0000246002013680B400BB1012000E000201C
:1009D0007047000030B50246002000235068104CDC
:1009E00020400D790C6844EA05242043506090684B
:1009F0000C4C2040D1E903542C438D682C434D7995
:100A000044EA450420439060D06A20F470000C7DD5
:100A1000641EE4B2234340EA0350D06230BD0000BC
:100A2000FFFEFFFCFDF7FFC0F0B504460D460020B9
:100A30000021092D11DDE068A5F10A0606EB460745
:100A4000072606FA07F18843A5F10A0606EB4606D3
:100A500003FA06F10843E0600CE0206905EB450766
:100A6000072606FA07F1884305EB450603FA06F167
:100A700008432061072A0FDA606B561E06EB8607D3
:100A80001F2606FA07F18843561E06EB860605FA6E
:100A900006F10843606322E00D2A0FDA206BD61FAF
:100AA00006EB86071F2606FA07F18843D61F06EBDA
:100AB000860605FA06F10843206310E0E06AA2F119
:100AC0000D0606EB86071F2606FA07F18843A2F1FA
:100AD0000D0606EB860605FA06F10843E062F0BD56
:100AE000816841F0804181607047000070B500234B
:100AF0002A4A12780B2A03DA0022294C22704BE092
:100B0000002044E0274A125C552A3ED1254C421C65
:100B1000A25CEE2A39D100F10A02A25CBB2A34D1D0
:100B20002546841C2D5D1F4EC41C345D2544041DC8
:100B3000345D2544441D345D2544841D345D2544C5
:100B4000C41D345D254400F10804345D2A19D4170E
:100B500002EB14642412A2EB0424E3B2344600F145
:100B60000902A25C9A420DD1002105E00A180D4C41
:100B7000A25C62544A1CD1B20B29F7DB0122084C5B
:100B8000227002E00022064C2270421CD0B2034ABE
:100B900012780A3A8242B5DA70BD00003C2100208A
:100BA000220800208C28002010B500F009F8012050
:100BB00003F0B6F800200149086010BDBC024342B2
:100BC0001CB50121422002F0A5FD4020009001202B
:100BD0008DF8040000208DF8060003208DF8050034
:100BE00069460A4801F021FE4FF4004000900120C0
:100BF0008DF8040000208DF8060003208DF8050014
:100C00006946024801F011FE1CBD000000040240CC
:100C100010B502F03BFF012008490860022004F0F3
:100C2000DDFE0748D0F81C02C4B20020034908606A
:100C3000022004F0D3FE204610BD000098824042FE
:100C40000080404270B5044602F030FF00251BE0F2
:100C500004F080061EB101200E49086002E0002069
:100C60000C4908606006040E01200A49091F08604B
:100C7000022004F0B3FE00200749C1F898020220C8
:100C800004F0ACFE681CC5B2082DE1DBFFF7C0FF25
:100C900070BD00009C8240420080404210B502F0CE
:100CA00005FF0120094908600949C1F8980204209C
:100CB00004F094FE002005490860042004F08EFE34
:100CC00000200349C1F8980210BD00009C824042F8
:100CD0000080404210B502F0E9FE0020074908609C
:100CE00001200749C1F89802042004F077FE012092
:100CF00002490860042004F071FE10BD9C8240424D
:100D00000080404210B503F0F7FB10BD10B504465B
:100D10000B48844209D10121480602F01BFD002145
:100D20004FF0007002F016FD08E00121880602F085
:100D300011FD00214FF0806002F00CFD10BD00009D
:100D40000064004010B50021837A012202FA03F109
:100D50003D4A126842F001023B4B1A603A4A1C328B
:100D600012688A43384B1C331A60027BCAB9364A70
:100D70000C3212688A43344B0C331A604288C388A1
:100D800042EA0343304A4032847A42F834300288DF
:100D9000838842EA03432C4A4032847A02EBC4023D
:100DA0005360027B012A19D1274A0C3212680A4388
:100DB000254B0C331A604288038842EA0343224AD7
:100DC0004032847A42F83430C288838842EA03434E
:100DD0001D4A4032847A02EBC4025360C27A3AB9A7
:100DE000194A121D12688A43174B1B1D1A6006E030
:100DF000154A121D12680A43134B1B1D1A60028903
:100E000032B9114A143212688A430F4B14331A60F4
:100E10000289012A06D10C4A143212680A430A4B8D
:100E200014331A60427B012A06D1074A1C32126829
:100E30000A43054B1C331A60034A126822F0010270
:100E4000014B1A6010BD0000006600401AB14369F2
:100E50000B43436102E043698B434361704730B504
:100E6000024600200023146824F002041460146871
:100E700044F00104146000E05B1C546804F00104B9
:100E80001CB94FF6FF74A342F6D1546804F0010474
:100E90000CB900206CE08C79012C04D1146844F06A
:100EA0008004146003E0146824F080041460CC799A
:100EB000012C04D1146844F04004146003E0146869
:100EC00024F0400414600C7A012C04D1146844F01E
:100ED0002004146003E0146824F0200414604C7AA9
:100EE000012C04D1146844F01004146003E0146869
:100EF00024F0100414608C7A012C04D1146844F09E
:100F00000804146003E0146824F008041460CC7A28
:100F1000012C04D1146844F00404146003E0146844
:100F200024F0040414608C78A407CD7844EA0564A6
:100F30000D7944EA05444D7944EA05540D886D1E47
:100F40002C43D461146824F001041460002300E0F1
:100F50005B1C546804F001041CB14FF6FF74A342FB
:100F6000F6D1546804F001040CB1002000E0012027
:100F700030BD0246002019B9D36803F0030006E033
:100F8000012903D1136903F0030000E0002070473A
:100F900010B500F5D87303EB01131B6803F00403CD
:100FA0001372137A53B900F5D87303EB01131B685E
:100FB00040F2FF7404EA5353136009E000F5D8735C
:100FC00003EB01131B686FF0604404EAD303536022
:100FD00000F5D87303EB01131B6803F0020353728F
:100FE00000F5D87303EB01135B6803F00F039372F2
:100FF00000F5D87303EB01135B681B0AD37400F58B
:10100000D87303EB01139B68D37200F5D87303EB1D
:1010100001139B681C0A147300F5D87303EB0113CA
:101020009B681C0C547300F5D87303EB01139B6889
:101030001B0E937300F5D87303EB0113DB68D373B6
:1010400000F5D87303EB0113DB681C0A147400F578
:10105000D87303EB0113DB681C0C547400F5D873D0
:1010600003EB0113DB681B0E937421B9C36843F0D3
:101070002003C36003E0036943F02003036110BD54
:1010800010B502460020936803F08063B3F1806FCF
:1010900000D110E0936803F00063B3F1006F01D159
:1010A000012008E0936803F08053B3F1805F01D121
:1010B000022000E00420042874D002F5C07303EB82
:1010C00000131B6803F0010402F5C07303EB001367
:1010D0001C600B7A7BB94B7A0C8843EA445302F5C7
:1010E000C07404EB00142468234302F5C07404EBBD
:1010F0000014236010E00B7A4C6843EAC4034C7A76
:10110000234302F5C07404EB00142468234302F562
:10111000C07404EB001423608B7A03F00F038B720E
:1011200002F5C07303EB00135B6823F00F0402F5B4
:10113000C07303EB00135C6002F5C07303EB001394
:101140005B688C7A234302F5C07404EB001463607F
:101150008B7B1C064B7B44EA03440B7B44EA032352
:10116000CC7A234302F5C07404EB0014A3608B7C9B
:101170001C064B7C44EA03440B7C44EA0323CC7BEF
:10118000234302F5C07404EB0014E36002F5C0735E
:1011900003EB00131B6843F0010402F5C07303EB7B
:1011A00000131C6010BD000010B50246002321B1E1
:1011B000012907D002290FD109E090681D4C00EAEF
:1011C00004030BE090681C4C00EA040306E09068FE
:1011D0001A4C00EA040301E0002300BF00BF184CD2
:1011E000181BA34216D007DC83B16FF0806018444F
:1011F00070B1022818D111E0B0F5007F10D0114C69
:10120000204448B1B0F5003F0ED10BE002230DE0C1
:1012100000230BE0002309E0002307E0012305E0A1
:10122000012303E0012301E0002300BF00BFD8B287
:1012300010BD0000030000040003000800000310BC
:10124000000100080001FFF72DE9F041074688463C
:1012500015460421052001F06DF90021012003F05D
:1012600011FD80210A2002F0D5FC002405E0395D43
:10127000092003F007FD601CC4B24445F7DB0321DD
:10128000012003F0FFFCFF2400BF052002F06CFBEF
:101290000646601EC4B21CB106F004000028F4D05B
:1012A000222002F061FB2870212002F05DFB6870B3
:1012B0000020BDE8F08100002DE9FF4705460E46FD
:1012C0004FF0000A06B10DB94FF0010A94480078BA
:1012D00000F00F00032801DD4FF0010A904800786C
:1012E000C0F30019BAF1000F19D000208DF80A00E0
:1012F0008DF80B0001208DF80C000020ADF80000E7
:10130000ADF80200ADF80400ADF80600ADF8080035
:1013100001208DF80D006846FFF714FDFEE0002067
:10132000ADF8080001208DF80D004FF000080024F2
:10133000F2E07B48007800F00F0030B101283BD08C
:1013400002287BD0032874D19CE000208DF80B008C
:101350008DF80C0035F824004B460022114600F0B1
:10136000E1F8ADF8020005EB840148884B46002205
:10137000114600F0D7F8ADF80600601CC0B2044674
:10138000B04213DA35F824004B460022114600F033
:10139000C9F8ADF8000005EB840148884B460022EF
:1013A000114600F0BFF8ADF8040004E00020ADF8ED
:1013B0000600ADF804009CE001208DF80B00002031
:1013C0008DF80C0035F824004B460022114600F041
:1013D000A9F8ADF80200601CC0B20446B04207DABA
:1013E00035F824004B460022114600F09BF800E03F
:1013F0000020ADF80600601CC0B20446B04207DA17
:1014000035F824004B460022114600F08BF800E02E
:101410000020ADF80000601CC0B20446B04209DAFA
:1014200035F824004B460022114600F07BF802E01C
:1014300004E051E00020ADF804005AE000208DF8EF
:101440000B0001208DF80C0035F824004B460022DB
:10145000114600F081F80746B8B2ADF80200380C2A
:10146000ADF8000005EB840148884B460022114688
:1014700000F072F80746B8B2ADF80600380CADF8C7
:10148000040036E001208DF80B008DF80C0035F8D3
:1014900024004B460022114600F05EF80746B8B221
:1014A000ADF80200380CADF80000601CC0B2044674
:1014B000B04208DA05EB840148884B460022114609
:1014C00000F04AF800E000200746B8B2ADF8060088
:1014D000380CADF804000CE00020ADF80200ADF8C7
:1014E0000000ADF80600ADF8040034464FF0010AE4
:1014F00000BF00BF8DF80A806846FFF723FCB442A6
:1015000002DA601CC4B200E007E008F10100C0B2DA
:1015100080460D2800DB00E00BE700BFBDE8FF8739
:10152000C31E002010B50446C4F309040AB11020FC
:1015300000E0002002460BB1082000E00020034636
:1015400013B1C1F3C13000E00020014642EA44106B
:101550001843084380B210BD10B50446C4F3090413
:101560000AB1022000E0002002460BB1042000E096
:101570000020034613B18803C00A00E000200146A2
:1015800042EA44301843084310BD000010B5002162
:101590000148FFF7EEFC10BD0064004070B5044642
:1015A000002554B100210648FFF7E3FC054625B1AC
:1015B000224600210248FFF7EBFC284670BD0000E0
:1015C000006400402DE9F04706460C461746984651
:1015D000DDF820904FF0000A15480760C0F804803D
:1015E0000020134908724872084684722246314628
:1015F0000B30FEF7E7FD0E490E48FFF741FD0546AB
:10160000042D09D04FF0010A29460A48FFF7CCFD06
:10161000012801D14FF0020ABAF1010F04DBB9F140
:10162000000F01D089F800505046BDE8F087000057
:1016300030260020006400400448006800F0E050BC
:1016400008B1012070470020FCE70000086400405A
:1016500000B500BFFFF7F0FF0028FBD000BD10B5BC
:1016600001E000F005F8FFF791FF0028F9D110BD67
:1016700010B52448FFF792FF2248C07C20B1012812
:101680000AD0022818D10FE01E48827A00F10B011F
:101690001D4801F03EF824E01A48827A00F10B015F
:1016A0001A4801F036F81CE01648827A00F10B0166
:1016B000174801F02EF814E01248C07C03280FDB15
:1016C0001048C07C06280BDC0E48C07CC01E1149A7
:1016D00001EBC0000B490B310A68026049684160A8
:1016E00000BF00BF0748C07C062809DC0548C07C55
:1016F000094951F820000949096808430749086069
:1017000010BD0000A42700205826002068260020D5
:1017100088260020B82700200C930008E41F002032
:1017200000B5034A5178107801F076FA00BD000048
:10173000B82700207CB5012539E0002508221D4985
:101740001D4800F0D1FFC4B25CB1FFF781FF01A8D2
:1017500000234FF47072214600901648FFF732FFC5
:10176000012508221349154800F0BEFFC4B25CB140
:10177000FFF76EFF01A800234FF42072214600906E
:101780000C48FFF71FFF012508220A490C4800F00A
:10179000ABFFC4B25CB1FFF75BFF01A800234FF4BD
:1017A0002872214600900348FFF70CFF0125002D09
:1017B000C3D17CBDE81F00205826002078260020D9
:1017C00098260020F8B5FFF737FF00285FD00026E5
:1017D000002559E02E4890F9000030B101280ED0C4
:1017E00002281ED0032840D12DE000F05DF8074606
:1017F000002F03DB0126F8B200F07AF839E0082266
:101800002449254800F070FFC4B24CB1012623489A
:1018100000234FF42072214600901E48FFF7D2FEAD
:1018200027E008221B491E4800F05EFFC4B24CB1FD
:1018300001261A4800234FF42872214600901548CB
:10184000FFF7C0FE15E008221249164800F04CFFD1
:10185000C4B24CB10126114800234FF470722146E6
:1018600000900C48FFF7AEFE03E0FF200849087027
:1018700000BF00BF06480078401C40B20449087011
:1018800006B103E0681CC5B2042DA3DD00BFF8BD9E
:101890001C200020E81F0020782600201D200020AA
:1018A00098260020582600204FF0FF30002109E044
:1018B00001EB8102054B13F822200AB148B203E084
:1018C0004A1CD1B20729F3DB00BF7047D82700209C
:1018D000002007E0002100EB8002044B03F82210F7
:1018E000411CC8B20728F5DB70470000D82700204C
:1018F000F8B50446002004EB84050E4E06EB850582
:1019000000902B6904EB840506EB8505EA6804EB7F
:10191000840516F8251004EB840506EB8505681C84
:10192000FFF750FE002004EB8401324602F821004C
:10193000F8BD0000D82700202DE9F04104460F46ED
:1019400015461E46DDF81880072C1ADA04EB8400D1
:101950000D4901F8205004EB84010B4A02EB810190
:10196000481C2A463946FEF72DFC04EB8400064944
:1019700001EB8000C66004EB840001EB8000C0F83E
:101980001080BDE8F0810000D827002010B50D4A76
:1019900032210D4800F02AF80C4A32210C4800F0A0
:1019A00025F80C4A32210C4800F020F80B4A32216D
:1019B0000B4800F01BF80B4A32210B4800F016F8D8
:1019C00010BD0000A826002058260020DA2600209E
:1019D000682600200C270020782600203E270020C3
:1019E00088260020702700209826002070B5044625
:1019F0000E4615462660E5600021204600F0C3FE35
:101A000070BD000038B5FFF72AFE67E0FFF727FE3C
:101A1000002461E0344850F8240034490968084043
:101A2000002857D0072C4CD2DFE804F0040C18240F
:101A30002739450000BF69462D4800F0B6FE002852
:101A4000F9D13EE003E09DF8000000F04DFA694650
:101A5000284800F0AAFE0028F5D132E003E09DF806
:101A6000000000F08BFC6946234800F09EFE002831
:101A7000F5D126E0FFF754FE23E0204802F0EEFC0B
:101A80001F49088005E01E480088A0F561601C49D8
:101A900008801B480088B0F5616FF4DA11E0174840
:101AA0000838007C022805D11448093002F0CEFC29
:101AB0001449086005E011480838007E012800D16B
:101AC00000BF00BF104850F82400084909680840CA
:101AD00006490860601CC4B2062C9BDD0348006800
:101AE000002893D138BD00000C930008E41F0020AB
:101AF000582600206826002088260020C0270020C5
:101B0000F81F0020F41F00208C93000810B500205F
:101B1000064908600649087007210648FFF7CCFB14
:101B2000FFF734FFFFF7D4FE10BD0000E41F0020D4
:101B3000C31E0020FA1F002070B5CB480078002893
:101B40005BD0CA48006804F009F8002855D1C8A045
:101B500003F07EFAC948007855282AD1C748407852
:101B6000EE2826D1C5488078022822D1C348C4492E
:101B70000978405CBB281CD1C1480078032832DBBF
:101B8000BE48C478A51DBE480078401CA8420FDBA3
:101B900000F092FC18B10120BA49087005E0BAA023
:101BA00003F056FA0020B74908700020AE490870CB
:101BB00019E0B248007855280DD1B0484078EE2899
:101BC00009D1AE48807ABB2805D101F03DF900204B
:101BD000A549087007E0FEF789FFAA48007810B908
:101BE0000020A1490870A748007830B9A348807840
:101BF0000A2802D000209C490870A24800780028DA
:101C000079D09E484078EE2876D19C488078072885
:101C100073D007DC072871D2DFE800F070142D3094
:101C20004960880010286AD004DC082868D0092898
:101C300064D1D4E011286ED0A028F9D101209D49AB
:101C4000087008E101209B4948708C48C078012841
:101C500001D188700EE08948C078022803D10120A4
:101C60009449C87006E08548C078032802D1012055
:101C700090490871EFE001F023FCECE001208D4970
:101C800088717E48C0788C4908707C48007948701B
:101C90007A484079887079488079C8707748C079E7
:101CA00008717648007A487100208871D3E00120DD
:101CB0008049C8717148C078804908706F480079C0
:101CC00048706E48407988706C488079C8706B485D
:101CD000C07908716948007A4871BCE001207549F3
:101CE00008726648C07801280BD1754908788A685F
:101CF0000221904719E0B5E0B1E033E0AAE085E0C9
:101D00004CE05E48C078022806D16D4948788A6860
:101D10000221904709E090E05848C078032804D198
:101D2000674988788A680221904794E001206149D8
:101D300048725248C078634908705048007948702A
:101D40004E48407988704D488079C8704B48C079BA
:101D500008714A48007A4871002088715AA003F03F
:101D600077F978E00120534988724448C078574990
:101D700008704248007948704048407988703F4870
:101D80008079C8703D48C07908713C48007A487134
:101D9000002088714CA003F05BF95CE0012045490C
:101DA000C8723648C07801280AD1344800794849B9
:101DB00008703248407948703048807988700DE06A
:101DC0002E48C078022809D12C4800794049C870B3
:101DD0002A48407908712948807948713BE0012000
:101DE000344908732548C0783A4908702348007977
:101DF000487022484079887020488079C8701F4810
:101E0000C07908711D48007A487124E001202949F1
:101E100048731A48C07830490870184800794870EB
:101E200016484079887015488079C8701348C07981
:101E300008711248007A48710DE001201D4988732D
:101E40000E48C078254908700C48C17824A003F0DA
:101E5000FFF800E000BF00BF002003490870002029
:101E60000849087070BD00003D2100204421002079
:101E7000416E64726F69642052783A008C280020A9
:101E80003C210020220800204572726F723A2043E4
:101E90006865636B5F5661726961626C654C656E03
:101EA0005F5061636B6574206661696C65640D0ADF
:101EB000000000006C06002080060020870600203D
:101EC000740E00208D06002025732000940600204B
:101ED0009B060020A1060020A7060020AD060020DA
:101EE000253032782000000010B504460F480078F5
:101EF00070B903F02DFE0A300D49086000200D492D
:101F000008700D48097844540120084908700BE016
:101F100008480078C82807DA06480078401CC0B294
:101F20000449087004490C5410BD00003D210020F4
:101F3000442100203C2100208C28002010B586B0D0
:101F4000FE48007800286ED0FD48006803F006FEC9
:101F5000002868D1FB48407803280AD1F9488078E6
:101F6000012806D1F7480079052802D10120F64959
:101F70004872F4484078F5490978884205D0F1481C
:101F80004078F2494978884211D1EE488078032898
:101F900019D1EC48C078012815D1EA484078EB49BE
:101FA0000978884204D1E7480079E74908728CE053
:101FB000E4484078E54949788842F8D1E148007919
:101FC000E149C87181E0DF48807803287DD1DD4890
:101FD000C078022879D1DB484078DC49097888420A
:101FE00040D1D8480079012806D1D6484079012847
:101FF00002D1D549887122E0D2480079022806D161
:10200000D0484079022802D1CF49887117E0CD48E5
:102010000079012808D1CB484079022804D1032057
:10202000C94988710BE087E1C6480079022806D1CA
:10203000C4484079012802D10420C3498871142181
:1020400001A8FEF7D8F8C0488279C1A101A803F021
:102050000FF801A8FEF7F0F8C4B2214601A801F07C
:102060006FFD32E0B7484078B849497888422CD1B2
:10207000B4480079012806D1B2484079012802D13C
:10208000B149487121E0AF480079022806D1AD4836
:102090004079022802D1AC49487116E0A94800797C
:1020A000012807D1A7484079022803D10320A64977
:1020B00048710AE0A3480079022806D1A148407976
:1020C000012802D10420A04948719E484078102878
:1020D00025D19C488078102801D1012000E0002003
:1020E0009849C978012900D100E00021884216D121
:1020F00094480079312803D10120934908710EE0FA
:1021000090480079322803D102208F49087106E0F7
:102110008C480079332802D103208B490871894803
:1021200040780C2814D187488078012810D1854840
:10213000C07801280CD183480079062808D181484D
:10214000407928B984480079012801D17E498870F6
:102150007C4840780E2803D07A4840780F282CD14C
:10216000784840780E2812D176488078012824D10A
:102170007448C078012820D172484079E8B9714884
:102180000079072819D101206F49087015E06D48C2
:1021900040780F2811D16B48807801280DD169480B
:1021A000C078012809D16748407930B9654800797D
:1021B000072802D101206449487062484078062807
:1021C00035D16048807802280FD15E48C0786349D5
:1021D00048715C480179614881715A4841795F488A
:1021E000C17101205849C87021E056488078032801
:1021F0000FD15448C07859498870524801795748DE
:10220000C170504841795548017102204E49C8704B
:102210000DE04C488078042809D14A48C0784F49DD
:10222000087048480079487003204749C8704548FD
:102230004078072807D143488078012803D14148D6
:10224000C078474908703F484078012871D13D481F
:102250008078A02812D13B48C078012806D1414996
:10226000C8700846C1684048884762E03548C07871
:1022700002285ED101203B4988705AE031488078BD
:10228000A12803D12F48C078A22852D02D488078A9
:10229000A22803D12B48C078A3284AD029488078A7
:1022A000A32810D101202F4908712648C0782F4952
:1022B0000870244800794870224840798870214885
:1022C0008079C87035E01F488078A42807D11D4860
:1022D000C078264908711B480079487129E01948DF
:1022E0008078A52825D01748807801280AD115487C
:1022F000C0781F4908701348007948701148407928
:10230000887016E00F488078022804D10D48C07804
:10231000184908700DE00B488078032809D1094856
:10232000C078154908700748007948700548407919
:10233000887000200149087006B010BD3F210020C0
:10234000482100205429002046240020EC100020C1
:10235000433A2564200000009C0A002070130020EE
:10236000FC150020D00400200D050020F8040020FA
:10237000FE040020040500200105002010B50446DD
:102380000F48007870B903F0E3FB0A300D4908608C
:1023900000200D4908700D4809784454012008496F
:1023A00008700BE008480078C82807DA064800786B
:1023B000401CC0B20449087004490C5410BD000010
:1023C0003F210020482100203E21002054290020E8
:1023D0007FB505460C460121202001F0ABF902959E
:1023E000ADF804400020ADF80600ADF80C008DF803
:1023F0000E0001A90D4801F01FFE37208DF80000E6
:1024000000208DF8010001208DF802008DF80300F6
:10241000684600F0D3FC01221146044801F0FCFD9F
:102420000121024801F0DBFD7FBD000000140040E7
:1024300010B5FFF7E7FAFFF77DF9FFF7C3F910BD15
:102440001CB501214FF4C07001F064F9F020009038
:1024500000208DF8040001208DF80700694614481B
:1024600000F0E3F94FF47040009001208DF8040073
:1024700000208DF8060001208DF8070003208DF85C
:10248000050069460B4800F0D0F92020009001209B
:102490008DF8040000208DF8060001208DF807005B
:1024A00003208DF805006946024800F0BEF91CBD06
:1024B00000200240001C024070B500231B48007839
:1024C000042801DA002070BD1948C17809B900203C
:1024D000F9E7C22901DD0020F5E78C1D13480078DB
:1024E000401CA04201DA0020EDE7481D104D285C99
:1024F000BB2801D00020E6E70D488078CDB2431913
:10250000002206E0101D0A4D285C184483B2501CBE
:10251000C2B28A42F6DBDDB2081D054E305C854250
:1025200001D00020CFE70120CDE700003C210020B2
:102530008C28002070B505460C460026284601F080
:1025400013FA064626EA0401284602F09BFB002007
:1025500070BD70B505460C46002D06DB642D00DD10
:102560006425052D0BDA052509E015F1640F01DA64
:102570006FF0630515F1050F01DD6FF00405002C08
:1025800006DB642C00DD6424052C0BDA052409E04D
:1025900014F1640F01DA6FF0630414F1050F01DD2B
:1025A0006FF004042146284601F0D8FA70BD0000FF
:1025B00010B5102000F03CF8012825D11021134857
:1025C00000F09EF9E8B90021114801F008FD11481A
:1025D00090ED000AB8EE400A0F4880ED000AD0EDF9
:1025E000000A9FED0E1AB3EE040A10EE810A80ED88
:1025F000000A90ED000ABCEEC00A10EE100A08496D
:102600000880102000F00EF810BD00000004024009
:1026100000100040501700204C170020F628DC3F27
:10262000541700200149086070470000143C014025
:1026300001460020034A12680A400AB1012000E066
:1026400000207047143C0140002123498279002A70
:102650003AD00A46126803689A430B461A600A1D6C
:10266000126803689A430B1D1A60027911440A68C4
:1026700003681A430A60184A0832126803689A43CA
:10268000154B08331A601A1D126803689A43124BDF
:102690000C331A604279102A0ED11A1F126803688F
:1026A0001A430D4B08331A601A1D126803681A4347
:1026B000094B0C331A600DE00749427911440A684E
:1026C00003681A430A6005E0027911440A68036846
:1026D0009A430A6070470000003C014010B500F0CA
:1026E000E3FBFEF723F910BDF0B507460C4616468E
:1026F000002564B106E06119384600F056F800B9CB
:1027000004E06D1C301EA6F10106F4D100BF28467E
:10271000F0BDF0B507460D461646002406E0295DDB
:10272000384600F06CF800B904E0641C301EA6F1D5
:102730000106F4D100BF2046F0BD30B504460025A7
:10274000204600F04AF870B1D4E90001401E8142F1
:1027500003D1A06838B1012505E0D4E90101401C8E
:10276000814200D00125284630BD30B50446002501
:10277000204600F032F820B1D4E90110884200D0A0
:102780000125284630BD70B504460D4664B1206869
:10279000012809D90020A0602068401E60602A46F8
:1027A0002168E068FDF720FD70BD70B504460D4658
:1027B000002685B12046FFF7C0FF60B16068401C6D
:1027C00060602168884201D3002060606168E06831
:1027D000405C28700126304670BD0146002069B17A
:1027E0000A68012A0AD9CA6842B10B688A689A4203
:1027F00004D2D1E900329A4200D20120704770B56C
:1028000004460D4600262046FFF7AFFF58B1A168E9
:10281000481CA060E06845542168A068884201D344
:102820000020A0600126304670BDF0B50A460021A8
:102830000023002400BF3DE0012505FA01F31568DF
:1028400005EA03049C4234D105684F000326BE40CC
:10285000B543056015794E00B540066835430560FF
:102860001579012D02D01579022D16D185684F00FA
:102870000326BE40B543856055794E00B540866855
:1028800035438560456801268E40B54345604568FF
:1028900096798E40B6B235434560C5684F00032631
:1028A000BE40B543C560D5794E00B540C6683543D6
:1028B000C560491C1029BFD3F0BDF0B5002300242A
:1028C0004D07ED0E02FA05F3CE1000F1200555F884
:1028D00026504E07F70E0F26BE40B543CF1000F12D
:1028E000200646F82750CE1000F1200555F8265056
:1028F00045EA0304CE1000F1200545F82640F0BD5E
:102900000246002013690B400BB1012000E00020BB
:102910007047418370470183704742694A40426172
:102920007047000010B502210848FDF7D8FF07489E
:10293000FEF7D6F800BF02210448FEF741F8002850
:10294000F9D00248FEF738F810BD00000020014021
:1029500070B504460025002607E0FFF7E3FF0544B5
:10296000052003F011F8701CC6B2A642F5DBB5FBDA
:10297000F4F080B270BD00000146002021B10729AB
:102980000AD008290ED10AE0074A5278064B1B7874
:1029900002EB032290B205E0034A507802E0024ABB
:1029A000107800BF00BF7047F01F002010B5154819
:1029B0000078012810D101F04BF8134909688842CA
:1029C0001ED300200F490870032010490870002111
:1029D000084601F0C3F813E00D48007801280FD134
:1029E00001F036F808490968884209D300200849EF
:1029F00008700320054908700021084601F0AEF870
:102A000010BD00008B1E0020A01E00208E1E002086
:102A10008C1E002000B589B00121212000F07AFE33
:102A200009220B214248FFF748FF09220C214048A8
:102A3000FFF743FF4FF4C050079002208DF82000AD
:102A40008DF8210000208DF8220001208DF8230050
:102A500007A93748FFF7E9FE4FF48060079001208F
:102A60008DF8200002208DF8210000208DF8220032
:102A700001208DF8230007A92E48FFF7D6FE00207D
:102A800000F05EF80121480600F054FE2A48FEF7E7
:102A90003DF900208DF8160001208DF81700002068
:102AA0008DF8180001208DF8190000208DF81A000B
:102AB00001208DF81B0000208DF812008DF8130006
:102AC00001208DF8140002208DF815000720ADF8C4
:102AD000100004A91848FEF7C2F900208DF80A007A
:102AE0008DF80B0001208DF80C000020ADF80000DF
:102AF000ADF80200ADF80400ADF80600ADF808002E
:102B000001208DF80D006846FEF71CF912200B49D4
:102B10000860486000204872087201208872002214
:102B200002210548FEF792F9FEF7F0FF09B000BD5B
:102B300000000240001402400064004064280020AD
:102B400010B504462CB94FF480610548FFF7E1FE4B
:102B500004E04FF480610248FFF7DDFE10BD000085
:102B60000014024010B5FFF763FC10BD10B5044619
:102B70002CB14FF480710548FFF7CDFE04E04FF40F
:102B800080710248FFF7C5FE10BD00000020024022
:102B90001CB50020009001904FF4A06000F04AF9AD
:102BA000A82002F0D3FE01F0A3FA00F03BF8FFF7F3
:102BB00047FC01F0D2FFFFF72DFFFDF7F5FFFEF711
:102BC000A1F8FFF78BFD01F057FE53210720FFF717
:102BD000FFFBA72140F2E73003F050F8A72140F2B5
:102BE000E73001F0BDFA00F0D4FE0A49886880475A
:102BF0000849C868804701F0EFFF0821684600F0E7
:102C000031F80821684600F0DFFF0821684600F02F
:102C1000CFFF1CBD74030020014A10705170704733
:102C2000F01F00201CB50121202000F073FD4FF49F
:102C30000060009001208DF8040000208DF806004F
:102C400001208DF8070003208DF805006946034830
:102C5000FFF7EBFD0120024908601CBD0014024093
:102C6000AC8242422DE9F0410746884600202949BE
:102C70000860092002F088FE01202749C1F8AC0253
:102C8000042002F081FE4FF4FA7002F0A7FE00204B
:102C90002049086000242EE0002528E0385D284106
:102CA00000F0010676B900201A4908604FF40C7054
:102CB00002F094FE01201849C1F8AC024FF40C70E8
:102CC00002F08CFE012E10D10020124908604FF452
:102CD0000C7002F083FE01200F49C1F8AC0202F033
:102CE00053FE40F2B22002F079FE681CC5B2082DF6
:102CF000D4DB601CC4B24445CEDB0020054908602B
:102D00004FF40C7002F06AFE01200349C1F8AC02D6
:102D1000BDE8F081AC8242420080424210B500F032
:102D200072FA08B1FE2010BD00F0FCF8022002F09B
:102D30002BFE00F0FDF8412000F00AF808B1FE205B
:102D4000F1E70120014908700020ECE7001C002099
:102D500010B50446412C25D108210846FFF7EAFBAF
:102D60003D21112001F08EFF8621172001F08AFFFE
:102D70007F21262001F086FF1E212D2001F082FFF9
:102D800000212C2001F07EFF8D212A2001F07AFF06
:102D90003E212B2001F076FF0A2002F0F5FD00F025
:102DA000C7F801E0FF2010BD0020FCE702468A4280
:102DB00001D9501A7047881AFCE7000070B500214D
:102DC00000230F22C4781CB3174C246804F4E06479
:102DD000C4F5E064C4F30721C1F10404E3B20A417D
:102DE00044789C40E1B28478144021430C07210EC2
:102DF0000E4C05786155047804F01F050124AC40A1
:102E000005786D11AD0005F1E025C5F8004109E038
:102E1000047804F01F050124AC40054D06787611B6
:102E200045F8264070BD00000CED00E000E400E035
:102E300080E100E002490143024A1160704700004E
:102E40000000FA050CED00E014498978134AD278A5
:102E50001144124A12791144104A527911440F4A0E
:102E6000927911440D4AD27911440C4A127A881889
:102E7000C11700EB11610912A0EB0121084A118072
:102E80000648407A11460988884203D10120054945
:102E9000087002E000200349087070478C28002069
:102EA000260800202208002010B52DED048BB0EE7E
:102EB000080A164880ED000A90ED000ADFED140ABA
:102EC00020EE200A80ED000A9FED120A124880EDE4
:102ED000000A90ED000ADFED0E0A20EE200A10EE47
:102EE000101A0846FDF74EFB41EC190B9FED0B0B3A
:102EF00053EC102BFDF7D7FA41EC180BFDF755FBFF
:102F000005490860BDEC048B10BD0000801800204E
:102F10000000C84200CC0D417C18002000000000D9
:102F20000070A74010B503211420FFF703FB10BD6C
:102F300010B5142000F018FD044604F0030018B981
:102F40000321142000F066FE10BDF0B587B00546E1
:102F5000002708210846FFF7EDFA00210D2001F0B7
:102F600091FE80210E20FFF7E5FA93208DF80400F2
:102F700020208DF8050006A801AB022201A90090CF
:102F80000C2000F051F8064686B9002407E001A89D
:102F9000005D285501A8005D4740601CC4B2042CA8
:102FA000F5DB01A8005DB84200D0FE2680210E208E
:102FB00000F030FE304607B0F0BD2DE9F04387B099
:102FC00006460F46904699468DF804608DF80570C8
:102FD000002406E018F8041001AAA01C1154601C7B
:102FE000C4B2062CF6DB002407E019F8041001AA8D
:102FF00004F108001154601CC4B2062CF5DB06A8CD
:1030000001AB0C2201A900900E2000F00DF805463E
:103010002DB9082000F0A8FC00F0080000B9FE253A
:10302000284607B0BDE8F0832DE9FE4F06468846E6
:1030300091469A46DDF830B0FE20029000200190C3
:1030400000900C2E06D00E2E09D1122001901020D7
:10305000009005E0772001903020009000E000BF54
:1030600000BF019840F08001022001F00BFE80219A
:103070000420FFF75FFA0021012001F003FE802108
:103080000A2000F0C7FD002505E018F8051009200A
:1030900001F0F8FD6D1C4D45F7D33146012001F0DC
:1030A000F1FD0C2E03D180210D2000F0B3FD4FF473
:1030B000167500BF042000F057FC04466D1E35B1A4
:1030C00004F0010018B9009820400028F2D08021B7
:1030D0000D20FFF72FFA95B3062000F045FC00F015
:1030E0001B0068BB002002900198204000F0010006
:1030F00008B1FF2002900C2E24D10A2000F034FCED
:1031000004460C2000F030FC00F007072FB1601ED1
:1031100007EBC000CBF8000002E0E000CBF80000B5
:1031200004B90124122C00DD1224002505E0092039
:1031300000F01AFC0AF805006D1CA542F7D301E067
:10314000FE20029080210C2000F064FD002101206F
:1031500001F098FD0298BDE8FE8FF0B587B00646F5
:103160000D4630208DF804008DF805600DF1060243
:10317000022101A8FEF768F806A801AB042201A904
:1031800000900C20FFF750FF074677B9069890286B
:103190000BD1002404E001A8005D2855601CC4B2D6
:1031A000102CF8DB0020285500E0FE27384607B039
:1031B000F0BD70B588B005460C4608210846FFF7FB
:1031C000B9F907210D2001F05DFD0321142000F065
:1031D00021FD8DF8085007A802AB012202A900903A
:1031E0000C20FFF721FF06464EB90798102806D19C
:1031F0009DF8080020709DF80900607000E0FE2630
:10320000304608B070BD10B500F08FFB08B1FE204D
:1032100010BD0F21012001F035FD3D21112001F0ED
:1032200031FD1E212D2001F02DFD00212C2001F06B
:1032300029FD8D212A2001F025FD3E212B2001F0C2
:1032400021FD4021152001F01DFD0020E0E770B5B3
:1032500088B0054693208DF8080070208DF809008D
:1032600000208DF80E0000240BE0295D02AAA01CAE
:1032700011549DF80E00295D48408DF80E00601C29
:10328000C4B2042CF1DB0DF10F02072102A8FDF7F7
:10329000DBFF08210846FFF74DF907A802AB09221A
:1032A00002A900900C20FFF7BFFE064626B907983A
:1032B000182801D1002600E0FE26304608B070BD77
:1032C000F0B587B006460F46A0208DF804008DF8B3
:1032D00005600DF10602022101A8FDF7B5FF06A861
:1032E00001AB042201A900900C20FFF79DFE0546CA
:1032F00045B90698042805D19DF8040000F00F0098
:103300000A2800D0FE250DBB002404E0385D01A989
:103310000855601CC4B2102CF8DB05AA102101A8C6
:10332000FDF792FF06A801AB122201A900900C2024
:10333000FFF77AFE054645B90698042805D19DF8A1
:10334000040000F00F000A2800D0FE25284607B030
:10335000F0BD000010B50320FFF7FAFA51490880CC
:103360000846008800F0FCFC4E4908804E48018861
:103370004C480088FFF71AFD4C4908704A480088FD
:10338000F0BB4B48D0ED000A4648008800EE100A1A
:10339000B8EE400A20EE800ABCEEC00A10EE100A19
:1033A000404908800846008800EE100AB8EE400A3E
:1033B0004048D0ED000AB4EEE00AF1EE10FA03D274
:1033C00000203D49087016E03648008800EE100ADB
:1033D000B8EE400A3748D0ED000A30EE600ABCEE85
:1033E000C00A10EE100A34490870084600786428B4
:1033F00001DD64200870304800783049087000E032
:1034000004E008460178012000F084FB254800888C
:1034100025490880254800780A2842DD2448D0ED57
:10342000000A2048008800EE100AB8EE400A20EE9C
:10343000800ABCEEC00A10EE100A1A49088008463D
:10344000008800EE100AB8EE400A1A48D0ED000AD3
:10345000B4EEE00AF1EE10FA03D20020164908702B
:1034600016E01048008800EE100AB8EE400A114835
:10347000D0ED000A30EE600ABCEEC00A10EE100A71
:103480000D49087008460078642801DD6420087042
:10349000094800780949087008460178012000F0C1
:1034A00039FB10BD86180020881800208A180020DB
:1034B0007C18002080180020841800207818002034
:1034C00070B51F480178491C1EA001F0C1FD214DB7
:1034D000281FC678002410E0295D1FA001F0B8FD68
:1034E000285D1F49097801EBC10202EB01111D4A59
:1034F00002EBC1010855601CC4B2B442ECDB0020F1
:103500001749097801EBC10202EB0111154A02EBE0
:10351000C101085514A001F09BFD11480078401C22
:103520000F4908700846007810490978884205DB81
:103530000FA001F08DFD01200F49487170BD000002
:103540003C210020416E64726F69642052783A5BBE
:1035500025645D009028002025303278200000008E
:1035600023080020582100200D0A000049020020F5
:1035700062626220200000006C0600202DE9F0410C
:1035800004460D462046E11704EB91718910032291
:1035900002EB8101CEB22B48FFF7D7FC00284FD1B8
:1035A0002848FFF754FE00284AD1264B264A3146C8
:1035B0006020FFF702FD002842D1B44204D100256B
:1035C0000D2122A000F0BCFA022D01D0032D1BD149
:1035D00022492046FFF774FE18B9112120A000F0FF
:1035E000AFFA00270EE0012022490860642002F0B3
:1035F000CBF900202049C1F89402642002F0C4F9FC
:10360000781CC7B2032FEEDB012D01D0032D17D19B
:103610001A492046FFF7A1FD90B900270EE00120CE
:1036200014490860642002F0AFF900201249C1F883
:103630009402642002F0A8F9781CC7B2032FEEDBD5
:10364000BDE8F081031C0020071C002041444452C7
:103650005F4552524F52210A00000000080D002021
:1036600057524954455F52464944202D204F4B0D37
:103670000A0000009482434200804342502400200C
:1036800010B586B004460121084600F043F8012138
:10369000102000F06FF8072209211B48FFF70DF9F1
:1036A00007220A211848FFF708F94FF4C060049078
:1036B00002208DF8140000208DF8160001208DF8EE
:1036C000170003208DF8150004A90F48FFF7ADF887
:1036D00000940020ADF80C000C20ADF80A0000208A
:1036E000ADF80800ADF80600ADF8040069460748DB
:1036F00001F04EF80121054800F0E1FF00200449E7
:10370000087006B010BD000000000240001001402B
:10371000001C002029B1064A12680243044B1A60BB
:1037200004E0034A12688243014B1A6070470000AC
:103730003038024029B1064A12680243044B1A602D
:1037400004E0034A12688243014B1A60704700008C
:103750004038024029B1064A12680243044B1A60FD
:1037600004E0034A12688243014B1A60704700006C
:103770002038024029B1064A12680243044B1A60FD
:1037800004E0034A12688243014B1A60704700004C
:103790004438024029B1064A12680243044B1A60B9
:1037A00004E0034A12688243014B1A60704700002C
:1037B00024380240F0B50021002200240225002612
:1037C0000223324F3F6807F00C0121B1042905D0D4
:1037D000082937D105E02E4F076036E02D4F0760EE
:1037E00033E02A4F3F1F3F68C7F38056274F3F1FE4
:1037F0003F6807F03F036EB1264FB7FBF3F7DFF8E2
:103800008CC0ACF1040CDCF800C0CCF3881C07FBC6
:103810000CF40CE01E4FB7FBF3F7DFF870C0ACF10F
:10382000040CDCF800C0CCF3881C07FB0CF4174F29
:103830003F1F3F68C7F301477F1C7D00B4FBF5F7CE
:10384000076002E0124F076000BF00BF0F4F3F68E4
:1038500007F0F0010909104F7A5C0768D74047600C
:103860000A4F3F6807F4E051890A0B4F7A5C4768BA
:10387000D7408760054F3F6807F46041490B064F0A
:103880007A5C4768D740C760F0BD00000838024046
:103890000024F40040787D015C1D002010B5044632
:1038A00000200B4908700B4908700B4908700B4940
:1038B00008700B4908700B49087001200A4908700C
:1038C0000A48046001680068FEF743FE10BD00006E
:1038D0008E1E00208B1E0020881E0020891E0020C6
:1038E0008A1E00208C1E00208D1E00209C1E0020A1
:1038F00006480078012805D105480088401C044985
:10390000088002E00020024908807047C21E0020A3
:10391000C01E00200148007870470000001C0020F5
:1039200010B5142000F020F810BD38B5FE25002099
:103930000090002400BF12E0552000F051F942F23F
:103940001071684600F032F838B9552000F048F997
:10395000642002F019F8002503E0601C84B2642C96
:10396000EADB00BF68B238BD38B5044604F03F005A
:1039700040F08004204600F033F942F210716846AE
:1039800000F014F805460DB1FF2038BD9DF8000089
:10399000FBE710B54FF41650FFF772FE4FF4FA70C4
:1039A00001F0F2FFFFF7BAF910BD000070B5044650
:1039B0000D4602F0CDF84FF4FA61B5FBF1F146186F
:1039C0000AE00A48008800F0200028B1074800F00B
:1039D00049FF2070002070BD304602F0BFF800287B
:1039E000EFD1034908700120F5E700000010014005
:1039F000001C002010B5FEF7D9FF00F0E1FB10BD60
:103A000010B500200A4908700A4908700A49087070
:103A10000A4908700A4908700A4908700A4908707A
:103A20000021084600F09AF800200849086010BDFF
:103A3000881E0020891E00208B1E00208C1E002066
:103A40008D1E00208E1E00201F0D0020A01E0020B5
:103A50000C4800680C4A1268904205DD094800686D
:103A6000094A1268811A04E007480068054A12688A
:103A7000811AB1F5004F02D94FF6FF70411A88B292
:103A800070470000F41F0020B41E00201CB58020E9
:103A9000009000208DF8040001208DF80700694691
:103AA0000148FEF7C2FE1CBD000402401CB5802088
:103AB000009001208DF8040000208DF806000320FE
:103AC0008DF8050069460248FEF7AFFE1CBD0000F8
:103AD0000004024030B500228B071C0F0F2303FAAD
:103AE00004F20B4B8C1053F824309343084C8D1088
:103AF00044F8253023468C1053F824308C07240FCB
:103B000000FA04F42343024C8D1044F8253030BDF4
:103B1000083801407CB505460C4603208DF80400AA
:103B200001208DF805008DF8064000204FF4F07359
:103B3000032201A900901046FDF7FEFE7CBD0000A7
:103B400070B504460D462A4621460348FEF7E1FDBE
:103B5000642001F019FF70BD582600207CB5044692
:103B60000D46E0B28DF80400E0B28DF80500E8B231
:103B70008DF80600E8B28DF80700FDF75DFD78B11D
:103B80000020034620220421009001A8FDF71AFD21
:103B900000202023024601A90090FDF7CDFE06E09B
:103BA00000202023042201A90090FDF7C5FE7CBD62
:103BB00070B504460D462A4621460248FEF7A9FD87
:103BC00070BD00007826002070B504460D462A46D8
:103BD00021460248FEF79DFD70BD0000982600209A
:103BE00010B504460A48008800BF0948008800F064
:103BF00080000128F9D02146054800F038FE00BFBA
:103C00004021034800F067FD0128F9D110BD0000F4
:103C10000010014070B505460C4600262846FFF707
:103C2000A3FE064646EA0401284601F02BF80020D0
:103C300070BD00000CB50020019000903448006871
:103C400040F480303249086000BF3148006800F419
:103C5000003000900198401C0190009818B901981C
:103C6000B0F5A04FF1D12A48006800F4003010B13F
:103C70000120009001E0002000900098012846D12A
:103C800023484030006840F08050214940310860AE
:103C90002048006840F440401E4908601C48083035
:103CA00000681B49083108600846006840F400407D
:103CB00008600846006840F4A05008601648091FD4
:103CC0000860081F006840F08070091F086000BF8E
:103CD0000F48006800F000700028F9D040F205702D
:103CE0000E4908600A480830006820F003000849BF
:103CF000083108600846006840F00200086000BF14
:103D000003480830006800F00C000828F8D10CBD0A
:103D1000003802400070004019544007003C024047
:103D200010B50446FCF7BAFF4620FCF78BFF20468F
:103D3000FCF788FFFCF7CEFF10BD000010B5002493
:103D400008E006210548FEF78DFF642001F01CFE07
:103D5000601CC4B2032CF4DB10BD00000816002068
:103D600010B5024600230B48828200210BE0094C6B
:103D7000481C34F8100024F81100204630F81100D7
:103D8000184483B2491C0A29F1DB0A2093FBF0F0A6
:103D900080B210BDF0250020042808D14FF0E021AA
:103DA000096941F004014FF0E022116107E04FF092
:103DB000E021096921F004014FF0E0221161704710
:103DC00010B51548006840F47000134908601348A6
:103DD000006840F001001149086000200F490831D7
:103DE00008600E4800680E4908400C4908600D48FC
:103DF000091D0860081F006820F48020091F086062
:103E0000002006490C310860FFF714FF4FF00060F6
:103E100001498039086010BD88ED00E0003802409B
:103E2000FFFFF6FE1030002410B50121054800F018
:103E3000E2F8012801D1FFF7DDFD0121014800F082
:103E4000CBF810BD0040014010B50121084800F03A
:103E5000D2F8012806D107480068401C05490860CF
:103E6000FFF746FD0121024800F0B6F810BD000042
:103E700000440140541D002010B50121880700F0C6
:103E8000BAF8012840D123480078401C2149087025
:103E900021480078401C2049087020480078401CC8
:103EA0001E49087008460078322804DB002008709C
:103EB0001B4988688047174800780A2805DB0020DE
:103EC0001449087017494868804713480078FA2851
:103ED0001ADB0020104908701348007850B14FF4E5
:103EE00080611248FEF719FD4FF400610F48FEF79C
:103EF00014FD09E04FF480610C48FEF70CFD4FF40F
:103F000000610A48FEF707FD0121880700F064F808
:103F100010BD0000AF030020B0030020B10300205B
:103F20003417002074030020A2030020001C02406C
:103F300010B50121124800F05EF801281BD111488C
:103F40000078401C0F4908700F480078401C0E494B
:103F500008700C480078022804DB0020094908702A
:103F6000FDF7ECFF08480078032804DB0020064931
:103F70000870FDF7E1FD0121014800F02DF810BDAA
:103F800000040040AD030020AE03002010B5012165
:103F9000074800F030F8012804D106480068401CAA
:103FA000044908600121024800F016F810BD000025
:103FB000001000405017002010B50121054800F006
:103FC0001AF8012801D1FEF7CDFD0121014800F0CA
:103FD00003F810BD00140040CA430282704721B1AB
:103FE000028842F00102028004E002884FF6FE736C
:103FF0001A400280704730B502460020002300249A
:10400000158A05EA0103958905EA010413B10CB18B
:10401000012000E0002030BD1AB183890B43838169
:1040200002E083898B438381704701894FF6F872E0
:10403000114001817047000000220288184B98420D
:104040000ED0184B98420BD0B0F1804F08D0164BD1
:10405000984205D0154B984202D0154B984204D196
:104060004FF68F731A404B881A43124B984207D071
:10407000114B984204D04FF6FF431A400B891A4364
:1040800002804B68C3620B880385054B984202D0BF
:10409000044B984201D18B7A0386012383827047B7
:1040A00000000140000401400004004000080040FE
:1040B000000C004000100040001400401CB501211D
:1040C0000420FFF727FB4FF40050009001208DF8EB
:1040D00004008DF8070069460448FEF7A6FB4FF47C
:1040E00000510248FEF717FC1CBD0000000802400A
:1040F00010B500F005F8FFF7E1FF00F017F810BD6C
:104100001CB501214020FFF705FB4FF480700090A3
:1041100000208DF8040001208DF807006946024850
:10412000FEF783FB1CBD0000000002401CB501210E
:104130008020FFF7EFFA4FF44060009001208DF8E7
:1041400004008DF8070069460448FEF76EFB4FF443
:1041500040610248FEF7DFFB1CBD0000001C02406E
:104160007FB505460C4601214804FFF703FB029585
:10417000ADF804400020ADF80600ADF80C008DF855
:104180000E0001A90D48FFF757FF19208DF8000018
:1041900000208DF801008DF8020001208DF8030049
:1041A0006846FEF70BFE012211460448FFF734FF74
:1041B00001210248FFF713FF7FBD000000440140CA
:1041C00010B50B480078012806D10820FEF7D4FB73
:1041D000C4B2204600F010F80648807B38B10820B1
:1041E000FEF7CAFBC4B20348416B2046884710BDA6
:1041F0008D1E0020440900203EB504466946204635
:1042000001F0CBFC684601F0B6FCD0B10020844937
:10421000087084490870012083490870002108460D
:10422000FFF79CFC01208149087081480088814982
:10423000088000207E490880FFF70AFC7E4908605C
:10424000BDE0E72C08D17D4800687D4908607B48C7
:1042500000687C490860B2E0F72C01D0F32C0AD149
:10426000764800681E30764908607448006828382F
:1042700074490860A3E0FB2C01D0F92C0AD16F48E7
:10428000006828306E4908606C4800683C386D4909
:10429000086094E0FD2C01D0FC2C0AD1674800682E
:1042A0003C3067490860654800685A3865490860CD
:1042B00085E0FE2C0AD161480068503060490860F2
:1042C0005E48006878385F49086078E0EF2C01D0DC
:1042D000CF2C0AD1594800681E305A490860574807
:1042E000006828385649086069E0DF2C01D09F2C0F
:1042F0000AD1524800682830524908604F48006887
:104300003C384F4908605AE0BF2C01D03F2C0AD1FD
:104310004A4800683C304B490860484800685A38B1
:10432000474908604BE07F2C0AD144480068503070
:1043300044490860414800687838414908603EE0D7
:1043400004F01800182805D104F08000A0B104F092
:10435000010088B1F82C0FD01F2C0DD0F02C0BD001
:104360000F2C09D0072C07D0C02C05D0032C03D06C
:10437000802C01D0012C1AD100202949087001207D
:104380002949087000210846FFF7E8FB012027496A
:1043900008702748008827490880002024490880A1
:1043A00020490870FFF754FB2349086007E02348C1
:1043B0000068234908602148006822490860FF2CF2
:1043C00020D11E4800681E4908601C4800681D492D
:1043D00008601D480088B0F5966F0DDD00201A4971
:1043E000088000210846FFF7B9FB00200C4908703F
:1043F00004200D49087008E013480088401C124949
:10440000088002E00020104908800548007828B1A3
:104410000C4801680A480068FEF79BF83EBD0000A2
:104420008D1E0020C21E00208E1E00201F0D0020A9
:10443000C01E0020B01E0020A81E00209C1E0020D0
:10444000941E0020981E0020901E0020024600218D
:104450005178107840EA0121084670470246002151
:104460001178507840EA01210846704710B502489B
:1044700000F0D0FA10BD0000C425002010B512488D
:10448000007800BB40F22551104800F031F90128B6
:1044900019D10E4800F0E6F90D490E4A12788854F9
:1044A0000C480078401C0B49087008460078022828
:1044B00004DB0020087001200349087040F22551F8
:1044C000024800F0EDF810BD721800200010014005
:1044D000741800207318002010B540F225510548CB
:1044E00000F006F9012804D140F22551014800F0FE
:1044F000D7F810BD0044004000B587B0012104206A
:10450000FFF708F901212020FFF734F908220621DE
:104510002348FEF7D2F9082207212148FEF7CDF9FA
:10452000C020059002208DF8180000208DF81A0098
:1045300003208DF8190001208DF81B0005A91848EB
:10454000FEF773F94FF4E13001900020ADF8100050
:104550000C20ADF80E000020ADF80C00ADF80A00FC
:10456000ADF8080001A90F4800F012F9012240F24D
:1045700025510C4800F0E6F847208DF80000002097
:104580008DF801008DF8020001208DF803006846C7
:10459000FEF714FC0121034800F091F807B000BDBC
:1045A000000802400014014010B540F2255128488F
:1045B00000F09EF8002845D0254800F053F9254921
:1045C00008702548007878B908460078552839D110
:1045D0000120214908701F480078204908700020F8
:1045E00048708870C8702DE01B480078012807D1FA
:1045F000022019490870174800781849487021E0CE
:1046000015480078022807D1032013490870114883
:1046100000781249887015E00F48007803280AD105
:1046200000200D4908700B4800780C49C870012023
:104630000B49087006E00020074908700849087017
:104640000649087040F22551014800F029F810BDD4
:1046500000140140131C0020141C0020151C002015
:104660001D1C002010B504462146054800F0FFF847
:1046700000BF8021024800F02EF80028F9D010BDBC
:104680000014014070B505460E46002400BF04E04A
:10469000285DFFF7E7FF601CC4B2B442F8DB70BDD1
:1046A00010B50022002340F66A14A14200D100BFD9
:1046B0000A1201249440A3B2DC43048010BD21B14E
:1046C000828942F40052828104E082894DF6FF73B0
:1046D0001A408281704702460020B1F5007F00D168
:1046E00000BF13880B400BB1012000E00020704791
:1046F00070B50246002400230025002040F66A160B
:10470000B14200D100BFC1F3421501F01F030126E1
:1047100006FA03F3012D02D19689334006E0022DFB
:1047200002D1168A334001E0968A33400C120126EA
:1047300006FA04F41688344013B10CB1012000E0ED
:10474000002070BDF0B5034600240026002500209F
:1047500040F66A17B94200D100BF1846C1F34214AF
:1047600001F01F06012707FA06F5012C01D10C30D4
:1047700004E0022C01D1103000E014301AB10768B7
:104780002F43076002E00768AF430760F0BD0000F9
:104790002DE9FF4705460E460024A14600BFA0466E
:1047A000B08900B100BF2C8A24F44054F08804433F
:1047B0002C82AC8941F20C608443B0883189084373
:1047C000718908430443AC81AC8A24F44074B089F5
:1047D0000443AC826846FEF7EDFF2048854202D0D4
:1047E0001F48854202D1DDF80C9001E0DDF8089009
:1047F000A88900F4004040B109EBC90000EB0910A2
:1048000031684900B0FBF1F707E009EBC90000EBA4
:10481000091031688900B0FBF1F76420B7FBF0F0B4
:1048200004012009642101FB1078A88900F40040EC
:1048300040B1322000EBC800B0FBF1F000F00700FF
:10484000044308E0322000EB08106421B0FBF1F0D3
:1048500000F00F0004432C81BDE8FF8700100140E9
:104860000014014001468888C0F308007047C1F376
:10487000080282807047000010B512481249C1F842
:10488000B00032211048C0F8B4100021C0F8B810B0
:10489000C0F8BC10C0F8C0100C49C0F8C410022108
:1048A000C0F8C8100021C0F8CC10C0F8D010C0F873
:1048B000D410042180F8D81000200549087000F0B9
:1048C00009F810BDE024002014250020A8190020BC
:1048D000A719002000B587B0012140F20910FEF7AA
:1048E00019FF01214FF42020FEF724FF08220021A8
:1048F0004148FDF7E2FF072206214048FDF7DDFFB2
:1049000000208DF81A0001208DF81B0002208DF880
:1049100018000120059002208DF8190005A93648DD
:10492000FDF783FF02208DF818004020059005A9AF
:104930003248FDF77AFF00208DF81A0001208DF82B
:104940001B008DF818000002059002208DF8190058
:1049500005A92B48FDF769FF0020FEF707F94FF482
:10496000165001900020ADF80800ADF80A00ADF82F
:104970000C00ADF810000820ADF80E0001A9214888
:10498000FFF706FF01211F48FFF799FE34208DF83D
:10499000000002208DF8010001208DF802008DF842
:1049A00003006846FEF70AFA4FF4165001900420FF
:1049B000ADF80E0001A91448FFF7EAFE26208DF895
:1049C000000002208DF801008DF8020001208DF812
:1049D00003006846FEF7F2F9012240F225510A4829
:1049E000FFF7B0FE01210848FFF769FE07A000F0BD
:1049F0002FFB07B000BD000000000240000C024089
:104A000000200240004C0040004400407465737474
:104A10000A00000010B5044694F82810374A52F8EE
:104A2000210040F22771FFF763FE18B3E068401CD5
:104A3000E060D4E90210884209D2E1682068405C55
:104A400094F828102D4A52F82110888009E094F833
:104A500028102A4A52F82100002240F22771FFF75D
:104A600071FE94F82810254A52F8210040F227716F
:104A7000FFF716FE94F82810204A52F8210040F261
:104A80002551FFF735FE30B301F062F8606294F80B
:104A900028001A4951F8200080881949087094F8B4
:104AA0002810164A52F8210040F22551FFF7F8FD70
:104AB000D4E90610884207D211480178E269501CF7
:104AC000E0616069815406E00E49206A884202D2A2
:104AD000206A401C206294F82810084A52F82100ED
:104AE0000821FFF7F8FD38B194F82800034951F880
:104AF000200080880449087010BD0000CC1A0020F6
:104B0000C81A0020F0FFFF7FC91A00200EB501214E
:104B10008803FEF72FFE04210120FEF7DBFF1020A3
:104B2000019000208DF808000C208DF8090001206C
:104B30008DF80A0001A8FDF787FD0A208DF8000016
:104B400001208DF8010000208DF8020001208DF871
:104B500003006846FEF732F90EBD10B500F008F804
:104B60005321092000F064F8FFF7D0FF10BD0000CA
:104B70001CB501210320FEF7CDFD00220E211448B3
:104B8000FDF79BFE00220D211148FDF796FE4FF424
:104B90000040009001208DF8040000208DF80600F0
:104BA00001208DF8070003208DF8050069460848AC
:104BB000FDF73BFE1020009000208DF8040001203E
:104BC0008DF8070069460348FDF72FFE1CBD000065
:104BD000000002400004024010B5012010490860A6
:104BE000032000F0FBFE00200E49C1F8BC020121A9
:104BF0000D48FFF7F4F901210B48FFF7EDF900200C
:104C00000A4908601E2000F0BFFE01200449086028
:104C1000052000F0B9FE00210348FFF7E0F910BDC0
:104C2000BC024042000040420010004050170020EB
:104C30007FB505460C4601211020FEF77BFD02954D
:104C4000ADF804400020ADF8060001A90C48FFF7BC
:104C5000F3F936208DF8000001208DF801008DF861
:104C600002008DF803006846FEF7A8F801221146FD
:104C70000348FFF7D1F900210148FFF7B0F97FBDE4
:104C80000010004070B504460D462946204600F04D
:104C900001F870BDF8B504460D46032704F03F0443
:104CA000002714E02046FEF79BFF42F21071684691
:104CB000FEF77CFE064646B99DF80000844203D10B
:104CC0002846FEF78DFF04E00226781CC7B2032FAA
:104CD000E8DB00BF3046F8BD2DE9FC410746002067
:104CE00000900190002533480168009140680190D0
:104CF00000203149C87152E0A3208DF802002F48EE
:104D000000788DF803002D4840788DF804002B487A
:104D100080788DF805009DF805309DF804209DF8F9
:104D200003109DF80200DFF898C0DCF80060B0477F
:104D300004468DF806402048C168684688474FF40D
:104D4000967000F021FEA4208DF802001B48C07868
:104D50008DF80300194800798DF804001748407950
:104D60008DF805009DF805309DF804209DF803108E
:104D70009DF80200DFF848C0DCF80060B047044648
:104D80008DF806400C48C16868468847681CC5B263
:104D90004FF4967000F0F8FD052D00DB03E00648A7
:104DA000C0790028A8D000BF00200349C871BDE821
:104DB000FC81000025050020D00400208006002092
:104DC000740300202DE9FC4107460020009001906B
:104DD00000241E480168009140680190A2208DF8CF
:104DE00002001B48C0788DF80300194800798DF83F
:104DF0000400174840798DF805009DF805309DF8AE
:104E000004209DF803109DF80200DFF848C0DCF88C
:104E10000060B04705468DF806500CE00E48C168AA
:104E200068468847601CC4B24FF4967000F0ACFD31
:104E3000052C00DB03E00848C0790028EED000BF55
:104E400000200549C871BDE8FC8100002D05002047
:104E50008006002074030020D00400202DE9F041DA
:104E60008AB0064628216846FBF7C5F90027B846F0
:104E700016B90AB0BDE8F0813046FBF7DDF9C4B2DF
:104E8000142C00DD142455208DF8000002208DF82C
:104E90000100A5208DF802008DF80340224631461E
:104EA00001A8FBF78FF9022505E01DF8050038443D
:104EB000C7B2681CC5B2201DC0B2A842F5DCF9B269
:104EC000201D0DF80010BB21601D0DF8001010E032
:104ED000A01DC1B26846FEF777FE08F1010000F0A0
:104EE000FF084FF4967000F04FFDB8F1050F00DB9E
:104EF00003E00548007A0028EAD000BF00200249FC
:104F0000087200BFB5E70000D00400202DE9FC4185
:104F1000002000900190002415480168009140682D
:104F200001909DF805309DF804209DF803109DF830
:104F30000200104F3E68B04705468DF806500CE061
:104F40000D48C16868468847601CC4B24FF496702B
:104F500000F01AFD052C00DB03E0074880790028EB
:104F6000EED000BF002004498871BDE8FC8100003C
:104F70001D05002074030020D00400202DE9FC4111
:104F800000200090019000241748016800914068BB
:104F90000190164840788DF804009DF805309DF882
:104FA00004209DF803109DF80200114F3E68B047A1
:104FB00005468DF806500CE00E48C16868468847E3
:104FC000601CC4B24FF4967000F0DEFC052C00DBD0
:104FD00003E0084840790028EED000BF00200549D2
:104FE0004871BDE8FC810000150500207013002009
:104FF00074030020D004002010B500241DE004EB51
:10500000C40000EB04100F4911F8300050B904EB54
:10501000C40101EB04110B4A02EBC1000A4900F084
:1050200003FD00E008E0002004EBC40101EB0411E3
:10503000044A02F8310000BF641C0448007884422E
:10504000DDDB10BD58210020B023002049020020E4
:105050000FB4054B10B503A9044A029800F0EEF80E
:1050600010BC5DF814FB00002D5B000854210020EB
:105070000FB4084B10B504A902AA039800F0DEF89B
:10508000044602A9002000F05CFC204610BC5DF83C
:1050900014FB00004359000802E008C8121F08C1B1
:1050A000002AFAD170477047002001E001C1121FA9
:1050B000002AFBD1704700002DE9FF5F82B000217C
:1050C000DDE90430020DDDF840B0034318D044F6AA
:1050D0001050A2F2FF3242431514119801281FD03C
:1050E000A5EB0B00401C5FEA000A4FF000064E4F94
:1050F000DFF83891B046504615D5CAF1000413E0E8
:10510000119801244AA3012801D16FEA0B010298EA
:10511000119AC0E90031C0E9024206B0BDE8F09F33
:10512000CBF10000DFE704460021404A491842EB7A
:105130000450CDE9001012E0E00707D032463B46AC
:1051400040464946FBF73DF98046894632463B4694
:1051500010461946FBF735F906460F466410002C39
:10516000EAD1DDE90401DDE90023BAF1000F06DA36
:10517000FBF727F942464B46FBF723F905E0FBF71F
:1051800092F942464B46FBF78EF904460E46002242
:10519000284BFBF74BFB03D84FF0FF30014607E0ED
:1051A0000022254B20463146FBF764F8FBF725FB30
:1051B000102409E0002C0ADB0A220023FBF727FA5F
:1051C000039B30321A55641E50EA0102F2D1641C6E
:1051D000039AC4F111031444119A012A03D0012245
:1051E00008430DD10AE0084304D000204FF0110B12
:1051F000119072E7A3EB0B056D1E0DE05B4504DD1E
:105200004FF0000205F1010504E003DA4FF000025F
:10521000A5F10105002AECD002981199C0E90231EC
:10522000C0E9004579E70000000014400000F03FAD
:10523000300000000000F0430000E03F2DE9FF4F88
:1052400095B09A46884606460025EEE1252877D196
:1052500000242746F94A0121039400E0044316F88C
:10526000013F203B01FA03F01042F7D130782A28A1
:1052700011D06FF02F033078A0F13002092A16D830
:10528000039A44F0020402EB820203EB4202104450
:10529000761C0390EFE758F8042B0392002A03DAF8
:1052A000504244F40054039044F00204761C3078D9
:1052B0002E2816D116F8010F44F004042A280DD028
:1052C0006FF02F023078A0F13003092B09D807EBDB
:1052D000870302EB4303C718761CF3E758F8047BF7
:1052E000761C30786C280FD006DC4C2817D0682844
:1052F0000DD06A2814D104E0742810D07A280FD178
:105300000DE044F400140AE044F4801401E044F495
:1053100040147278824202D104F58014761C761C07
:10532000307866280BD013DC582877D009DC0028A9
:1053300075D04528F6D04628F4D047281AD193E1F5
:1053400018E0632835D0642879D0652812D18BE124
:10535000702873D008DC6728F1D069286FD06E28D8
:105360000DD06F2806D1ACE073282CD0752874D0EE
:10537000782853D05246179990476D1C54E1C4F3D6
:105380000250022809D003280DD0D8F800100428B4
:105390000DD00D6008F1040846E1D8F80010EA17B6
:1053A000C1E90052F6E7D8F800100D80F2E70D7061
:1053B000F0E718F8041B8DF8001000208DF80100AC
:1053C000EB46012003E058F804BB4FF0FF306107C3
:1053D0004FF0000102D40DE009F101018946B94204
:1053E0000FDA8145F8DB1BF809100029F4D108E039
:1053F00009F1010189468142FADB1BF809100029F5
:10540000F6D103985346A0EB090721463846179A70
:1054100000F080FA284400EB090507E044E008E1C9
:105420000DE01BF8010B524617999047B9F101099D
:10543000F7D2534621463846179AF2E039E00A215E
:10544000C4F302524FF0000B0091022A06D058F824
:10545000040BC117032A09D00AE023E008F1070072
:1054600020F00702F2E80201904605E000B2C11701
:10547000042A01D140B2C117002906DA0A460021E8
:10548000404261EB02012D2202E0220504D52B22CD
:105490008DF80420012203E0E20701D02022F7E783
:1054A000914657E00A2100E010214FF0000B0091D7
:1054B0000BE010214FF0000B44F00404082700918A
:1054C00003E008204FF0000B0090C4F30252022AC0
:1054D00005D058F8040B0021032A08D008E008F191
:1054E000070020F00702F2E80201904603E080B2D4
:1054F000042A00D1C0B24FF0000922072AD5327821
:10550000702A07D0DDF800C08CF0100C5CEA0B0CA0
:1055100005D00EE040228DF80420012208E050EA78
:10552000010306D030238DF804308DF805200222C7
:105530009146009B83F0080353EA0B030AD150EA1B
:10554000010201D1620705D530228DF804204FF009
:1055500001097F1E3278582A04D039A20C920CAA75
:1055600002920BE03BA2F9E75B46009AFBF74FF88B
:105570000C9B9B5C029A521E0292137050EA01022D
:10558000F2D1029804A9081A00F1200B600702D595
:1055900024F4803400E001275F4502DDA7EB0B0017
:1055A00000E0002000EB0B01009003984944401AF2
:1055B0000390E00306D453462146179A039800F05F
:1055C000A9F90544002706E001A85246C05D1799D5
:1055D00090476D1C7F1C4F45F6DBE0030CD553460E
:1055E0002146179A039800F095F9054404E030200D
:1055F0005246179990476D1C0099481E009000294B
:10560000F5DC08E00298029952460078491C0291A4
:10561000179990476D1CBBF10001ABF1010BF1DC58
:105620005BE100F065F90544761C307800287FF4D2
:105630000DAE19B02846BDE8F08F00000928010022
:1056400030313233343536373839616263646566F8
:1056500000000000303132333435363738394142BA
:105660004344454600000000600700D4062708F1C7
:10567000070020F00700F0E80223804603F0004C0A
:105680005FEA0C0001D097A009E0200501D596A0A3
:1056900005E0E00701D095A001E0AFF24C001390C7
:1056A000307823F0004365280CD006DC452809D06B
:1056B00046281DD047287FD13BE0662818D06728B0
:1056C0007AD136E00021112F01DB112000E0781C97
:1056D000CDE9000104A90CA8FFF7EEFCDDE90D01FE
:1056E0000C9A4FF0000B07F10109109200914EE067
:1056F0004FF000400097CDE9011004A90CA8FFF776
:10570000DBFCDDE90D020C9B0F994FF0000B91467D
:105710001093009211B9791C00EB0109B7EB090055
:1057200003D4C0F1FF3B07F10109A9EB0700019089
:1057300042E0012F00DA01270021112F01DD1120A5
:1057400000E03846CDE9000104A90CA8FFF7B4FC3D
:10575000DDE90D010C9A00914FF0000BB946109253
:1057600021070FD4009A4A4503DA914601E0A9F1D6
:105770000109B9F1010F05DD109AA9F10101515C90
:105780003029F4D0B84202DA10F1040F03DA012113
:10579000CDE9011010E0002803DC8344A9EB0001EF
:1057A00002E0411C494500DD8946A0EB0B00401C8E
:1057B00001904FF000400290200705D40198484521
:1057C00002DB4FF0FF30019000208DF84B00029873
:1057D0000DF14B07B0F1004F25D002200C902B208B
:1057E0000D90029800280CDA404202902D200D9076
:1057F00007E00A210298FAF7F4FE3031029007F828
:10580000011D0C99481E0C900029F2DC029800281A
:10581000EFD1791E0D980870307800F0200040F02C
:10582000450007F8020D11A8C01BC01D0290139877
:10583000007800B1012000EB0901019801EBE07153
:10584000029801440398401A401E0390E00306D4D6
:1058500053462146179A039800F05CF805441398C4
:10586000007818B15246179990476D1CE00323D574
:1058700053462146179A039800F04CF805441BE064
:10588000BBF1000F07DB0098584504DD109817990D
:1058900010F80B0001E0179930205246904701980C
:1058A0000BF1010B401E05F10105019004D12E20E2
:1058B0005246179990476D1CB9F10001A9F10109F1
:1058C000DEDC05E017F8010B5246179990476D1C76
:1058D0000299481E02900029F4DC53462146179A8B
:1058E00003989EE62D0000002B0000002000000021
:1058F0002DE9F041044600251E461746880404D4CD
:1059000005E039462020B0476D1C641EF9D52846B5
:10591000BDE8F0812DE9F041044600251E46904681
:10592000C80301D5302700E02027880404D505E00E
:1059300041463846B0476D1C641EF9D52846BDE87F
:10594000F0810A68531C0B601070704710B5044654
:105950006FF00400FEF720FAE11704EB5171C1F378
:10596000C701074A11701046007800EB4001C1EBF7
:10597000C0104FF6FF7101EAC0000249088010BD57
:10598000321C0020341C0020014601B97047124A25
:1059900012884A434FF0E0235A6100229A611A4666
:1059A000126942F001021A6100BF4FF0E022106953
:1059B00000F001021AB100F48032002AF5D04FF055
:1059C000E022126922F001024FF0E0231A61002266
:1059D0009A6100BFDAE70000341C00200146114A3A
:1059E00012784A434FF0E0235A6100229A611A4626
:1059F000126942F001021A6100BF4FF0E022106903
:105A000000F001021AB100F48032002AF5D04FF004
:105A1000E022126922F001024FF0E0231A61002215
:105A20009A617047321C00202DE9F05F83460F46D3
:105A300028215846FAF7F6FB054629215846FAF779
:105A4000F1FB8046002425B1B8F1000F01D0A84534
:105A500003D800203870BDE8F09FA8EB0500461E73
:105A6000322E00DB31263246691C2046FAF7CEFB87
:105A70000020A0552046FAF7DFFB00F0FF0A4FF0A8
:105A80000009002016E0215C412902DB215C5A2933
:105A900005DD215C61290BDB215C622908DCB9F1A1
:105AA000030F05DC235C49464A1C02F0FF097B54C6
:105AB000411CC8B25045E6DB0120CCE770B5024678
:105AC0000B46002100200AE0145C302C06DB145C3D
:105AD000392C03DC165C0C46491C1E55401C145C1A
:105AE0000CB13129F0DB0020585409B1012070BD00
:105AF0000020FCE770B502460B46002100200AE0BA
:105B0000145C312C06DB145C342C03DC165C0C4674
:105B1000491C1E55401C145C0CB13129F0DB0020DF
:105B2000585409B1012070BD0020FCE770B504464F
:105B30000D46A1B20548FEF79AFE00BF802103483A
:105B4000FEF7C9FD0028F9D0204670BD004C00408A
:105B50000148006870470000541D002000B5014650
:105B6000FFF7F6FF884203D2FFF7F2FF091A00E0C1
:105B70000021084600BD02460023002109E0505CD8
:105B8000302804D15B1C042B02DB0120704700236A
:105B9000491C0829F3DB0020F8E710B5024607206E
:105BA0000AE00123834013400BB1312300E030238E
:105BB000C0F107040B55401E0028F2DA00200872DD
:105BC00010BD0000FCF7E4FFFFF7C2FFC830244916
:105BD0000860FFF7BDFFC830224908600021084671
:105BE000FDF7BCFF20A0FFF733FA37E02049086932
:105BF000804700F0A9F81A480068FFF7AFFF30B9F6
:105C0000FFF7A6FFC83016490860FDF7A3FB15484B
:105C10000068FFF7A3FF08BBFFF79AFFC8301149E0
:105C20000860FDF777FE50B9FDF7B3FE1148006834
:105C300008B9012000E000200E4908600EE00020B5
:105C40000C4908600C48D0F8B00208B9012000E007
:105C5000002008491C310860FDF762FEC6E700001D
:105C60001C01002020010020726573657400000093
:105C70007403002094824342008043427FB505466E
:105C80000C4601210804FDF775FD0295ADF80440AE
:105C90000020ADF80600ADF80C008DF80E0001A94B
:105CA0000D48FEF7C9F918208DF8000001208DF885
:105CB000010000208DF8020001208DF803006846E5
:105CC000FDF77CF8012211460348FEF7A5F90121F2
:105CD0000148FEF784F97FBD004001402DE9F04105
:105CE00004460D462046FAF7A7FA0646002223E0AE
:105CF000A05C302805DB392803DCA0F13003D9B2E1
:105D000010E0412805DB462803DCA0F13703D9B2B7
:105D100008E0612805DB662803DCA0F15703D9B24F
:105D200000E00BE0074B1F881B885B1CDFF814C0EA
:105D3000ACF80030E955521CB242D9DB00BFBDE8D7
:105D4000F0810000901E002010B59EB0642105A8CF
:105D5000FAF751FAFE480078102874D2DFE810F004
:105D6000730010003400AE001D0170014602720283
:105D7000DE0217034303D00303041D048204A604B8
:105D800000200490F3480221426804A89047F14A99
:105D9000507891688847C820FFF7F6FDEE49086AF9
:105DA00080474FF49670FFF7EFFDEB48026BEB482E
:105DB0000188EB48007890474FF4C870FFF7E4FD86
:105DC0000220E349087010E21020E64988700120A3
:105DD000C870E5480169E34888470020E2498871B6
:105DE000E249087011E04FF4FA70FFF7CDFD4FF46F
:105DF000FA70FFF7C9FDDD480078401CDB490870E8
:105E0000084600781E2800DB03E0D7488079012887
:105E1000E9D100BF0020D4498871D548C169D5486F
:105E20008847C820FFF7B0FDD148C169D1488847ED
:105E3000C820FFF7A9FDCD480078282804DB002002
:105E4000CA49087020E0BCE300200390049003A935
:105E5000C848FFF743FF9DF80D009DF80C1040EA7D
:105E60000110C54908709DF80F009DF80E1040EA1A
:105E70000110C14948709DF811009DF8101040EACA
:105E80000110BD49887000BF002406E0BA48015DDA
:105E9000BAA0FFF7DDF8601CC4B2032CF6DBAE48F5
:105EA000026BAE480188AE48007890474FF4967078
:105EB000FFF76AFD0320A6490870FCE3B648446872
:105EC000B6480378B6480278B64801780D20A04756
:105ED0004FF49670FFF758FDB34AD0789168884721
:105EE00013E04FF4FA70FFF74FFD4FF4FA70FFF72D
:105EF0004BFD9E480078401C9C490870084600787D
:105F0000052802DB0020087003E09748407801284C
:105F1000E7D100BF002094494870084680780128E6
:105F200007D100208870A049C878CA68012190472D
:105F300021E08D48C078012808D100208A49C87026
:105F40009949C878CA680321904714E086480079C7
:105F5000012808D10020844908719349C878CA688B
:105F60000221904707E000207F4908718E49C878D8
:105F7000CA6802219047884884688848037888481E
:105F80000278884801780D20A0474FF49670FFF7FB
:105F9000FBFC04206E4908708DE34FF4FA70FFF7A4
:105FA000F3FC4FF4FA70FFF7EFFCFEF715FE4FF429
:105FB000FA70FFF7E9FC4FF4FA70FFF7E5FC4FF4D5
:105FC000FA70FFF7E1FC7948018879A0FFF740F803
:105FD0007148036A71480278714801787148007805
:105FE00098475D484FF48C718269192090474FF4AF
:105FF000FA70FFF7C9FC6848036A68480278684885
:10600000017868480078984753484FF48C7182694A
:10601000192090474FF4FA70FFF7B6FC5E48036A08
:106020005E4802785E4801785E48007898474A48A2
:10603000FA218269192090470520454908703AE302
:1060400001205D49C870484801695B4888474FF4A2
:10605000FA70FFF799FC4FF4FA70FFF795FC4FF4D4
:10606000FA70FFF791FCFEF7C7FF3F484079002820
:1060700056D139484FF49671C269142090474FF4B5
:10608000FA70FFF781FC4FF4FA70FFF77DFC0020F7
:106090004A49087034480169474888474FF4FA7004
:1060A000FFF772FC4FF4FA70FFF76EFC4FF4FA70D2
:1060B000FFF76AFCFEF7A0FF2B48407950BB26484B
:1060C000C821C269192090474FF4FA70FFF75CFCB1
:1060D0004FF4FA70FFF758FC002038490870224846
:1060E0000169354888474FF4FA70FFF74DFC4FF4CB
:1060F000FA70FFF749FC4FF4FA70FFF745FCFEF722
:106100007BFF1548C8218269192090474FF4C87059
:10611000FFF73AFC10484FF49671826914209047BB
:106120004FF49670FFF730FC0F48407928B90120F2
:106130000D49487122A0FEF78BFF0B4840790128DA
:1061400050D10020084948711C4908703CE000000B
:1061500048020020DC0B00204409002046020020F9
:1061600044020020FE0600206C060020520200209F
:10617000D004002080060020550200205769726577
:106180006C6573735F4B616971696D613A2530327B
:1061900078200D0A000000002C0D00204C02002089
:1061A0004B0200204A020020B80F002054170020A4
:1061B0006469733A25642000B60600202308002095
:1061C0006161612020000000FEF716FFFD49FEA07E
:1061D000FEF73EFFFE49FCA0FEF73AFFFD49FAA09C
:1061E000FEF736FF0620FC49087064E2FB48008891
:1061F0004FF6FF7303EA4001F948426AF948007814
:1062000090474FF49670FFF7BFFBF5484FF47A7153
:1062100042691E2090474FF49670FFF7B5FBEF4898
:1062200000884FF6FF7303EA4001ED48826AED48AB
:10623000007890474FF49670FFF7A6FB0720E649D9
:10624000087038E2E6484FF4967182691920904749
:10625000E549086880474FF4FA70FFF795FBE3497A
:10626000C8688047002409E04FF4FA70FFF78CFB00
:106270004FF4FA70FFF788FB601CC4B2052CF3DB07
:10628000D7484FF49671C2691E209047D3480088C2
:106290004FF6FF7303EA4001D148426AD1480078C3
:1062A00090474FF49670FFF76FFBCD4801691E20B1
:1062B00088474FF49670FFF767FBC9484FF4FA71AF
:1062C000C269142090474FF49670FFF75DFBC448F5
:1062D0000169142088474FF49670FFF755FBC048BA
:1062E00040F2622182691E209047BD4840F262213F
:1062F00082691E2090474FF49670FFF745FBB8491E
:10630000086A80474FF4FA70FFF73EFB4FF4FA70CB
:10631000FFF73AFB0820B0490870CCE1B448416A65
:10632000B44888474FF4FA70FFF72EFB4FF4FA7029
:10633000FFF72AFB4FF4FA70FFF726FB4FF4FA70D1
:10634000FFF722FBA54800884FF6FF7303EA4001E0
:10635000A348426AA348007890474FF49670FFF72D
:1063600013FB9F49086A80474FF4FA70FFF70CFB54
:106370009B48026B994801889A48007890474FF4EF
:106380009670FFF701FB09209349087093E1C8203C
:10639000FFF7FAFAFDF7D2FC97A00068049097483F
:1063A00004A9426901209047C820FFF7EDFA9348FD
:1063B00004A9426901209047C820FFF7E5FA884800
:1063C000C26A86480188874800789047C820FFF74E
:1063D000DBFA8349086A8047C820FFF7D5FA0A200C
:1063E0007D49087067E102208549C87085480169C8
:1063F0008348884700208349487288728249087020
:1064000011E04FF4FA70FFF7BFFA4FF4FA70FFF79C
:10641000BBFA7D480078401C7B490870084600782C
:10642000322800DB07E07748407A012803D075481E
:10643000807A0128E5D100BF002072494872887235
:106440000390049071A00068029071A00068019010
:106450006D4800783C2803DB00206B49087036E06B
:1064600003A96C48FFF73AFC9DF80D009DF80C104D
:1064700040EA0110C0B28DF808009DF80F009DF8A9
:106480000E1040EA0110C0B28DF809009DF811000D
:106490009DF8101040EA0110C0B28DF80A005E4865
:1064A00000783038C0B240F0F0008DF804005A484F
:1064B00040783038C0B240F0F0008DF80500564802
:1064C00080783038C0B240F0F0008DF806004B48BC
:1064D00002A9426902209047C820FFF755FA4F48A9
:1064E0000221426801A890474A494DA0FEF7B0FD3D
:1064F00049494BA0FEF7ACFD0B2037490870DAE0A4
:10650000002407E04B49086980476420FFF73CFA04
:10651000601CC4B2032CF5DB00203B49087016E078
:106520004FF4FA70FFF730FA4FF4FA70FFF72CFAD5
:10653000C820FFF729FA34480078401C3249087017
:1065400008460078642802DB0020087003E0394820
:10655000C0780028E4D000BF00203649C8700C2065
:106560001D490870A7E01D4800884FF6FF7303EA35
:1065700040011B48426A1B48007890474FF49670D0
:10658000FFF702FA2C49C86880474FF49670FFF76E
:10659000FBF90D20104908708DE028490878CA6879
:1065A00001219047C820FFF7EFF90C4800884FF60B
:1065B000FF7303EA40010A48426A0A48007890479C
:1065C0003EE077E0B023002025730D0A00000000B4
:1065D000E22300201424002048020020460200206C
:1065E00044090020440200203417002070130020CA
:1065F00024120020812400205A8D8D00740E00206A
:10660000DE0600206C06002052020020A1D2E3002A
:10661000F3F5F1008D06002094060020DC0B00202D
:106620004772617068436F756E743A2573200D0A66
:1066300000000000D00400209C0A0020EC10002084
:106640004FF49670FFF7A0F91C48016901208847B4
:106650001A490878CA681A49097890470E201949DA
:10666000087028E01848816800208847C820FFF794
:106670008BF91548816800208847C820FFF784F906
:106680001248016801208847C820FFF77DF90F48AC
:1066900041680F488847C820FFF776F90B484168E2
:1066A0000B4888470F200749087004E0102005496F
:1066B000087000E000BF00BF1EB010BDEC1000204D
:1066C0000405002048020020DC0B0020CC14002030
:1066D0005502002070B5024600231AE0002012E0A7
:1066E00032F81060451C32F81550AE4209DD32F820
:1066F0001040451C32F8155022F81050451C22F865
:106700001540451CE8B24D1EED1A8542E8DC5D1CC3
:10671000EBB24D1E9D42E1DC70BD000070B5054638
:106720000C460F480560006841420D480068404231
:10673000FBF70FFF06E04FF42F70FFF725F9A4F5E4
:106740002F7084B2B4F52F7FF5DA2046FFF71CF9DD
:1067500000210846FDF702FA6420FFF715F970BD25
:106760009C1E002070B505460C460E480560016869
:106770000068FBF7EEFE06E04FF42F70FFF704F918
:10678000A4F52F7084B2B4F52F7FF5DA2046FFF719
:10679000FBF800210846FDF7E1F96420FFF7F4F863
:1067A00070BD00009C1E002010B51548807928B1EE
:1067B0000022134B9A710320022100BF1048C079B8
:1067C00010B100200E49C8710D48007A28B1002090
:1067D0000B4908720BA0FEF73BFC0948407A68B1F0
:1067E00000200749487201200749087007480068DF
:1067F00008B9012000E000200449086010BD000035
:10680000980300204633000048020020BC82434227
:1068100070B504460D466420FFF7B6F808480460DA
:10682000016800684042FBF794FE2846FFF7ACF889
:1068300000210846FDF792F96420FFF7A5F870BD26
:106840009C1E002070B504460D466420FFF79CF89E
:1068500008480460016800684042FBF77AFE284659
:10686000FFF792F800210846FDF778F96420FFF75A
:106870008BF870BD9C1E002070B505460C46642048
:10688000FFF782F809480560006841420748006840
:10689000FBF75FFE2046FFF777F800210846FDF77B
:1068A0005DF96420FFF770F870BD00009C1E0020A9
:1068B00070B505460C466420FFF766F80948056088
:1068C0000068414207480068FBF743FE2046FFF797
:1068D0005BF800210846FDF741F96420FFF754F802
:1068E00070BD00009C1E002010B5044600200D491C
:1068F00008700D4908700D4908700D4908700D4960
:1069000008700D49087001200C4908700C4804609B
:1069100001680068FBF71DFE00BF024800780128EF
:10692000FBD110BD8E1E00208B1E0020881E002073
:10693000891E00208A1E00208C1E00208D1E002033
:106940009C1E002010B50446FF2C0AD1002060498F
:10695000887301205F49087000210846FDF7FEF8A2
:1069600086E0E72C08D15C4800685C4908605A481A
:1069700000685B4908607BE0F72C01D0F32C0AD15A
:106980005548006814305549086053480068283855
:10699000534908606CE0FB2C01D0F92C0AD14E4819
:1069A000006828304D4908604B4800683C384C4925
:1069B00008605DE0FD2C01D0FC2C0AD1464800683F
:1069C0003C3046490860444800685A3844490860E9
:1069D0004EE0FE2C0AD14048006850303F49086024
:1069E0003D48006878383E49086041E0EF2C01D00E
:1069F000CF2C0AD13848006814303949086036482D
:106A0000006828383549086032E0DF2C01D09F2C1F
:106A10000AD1314800682830314908602E480068A2
:106A20003C382E49086023E0BF2C01D03F2C0AD10E
:106A3000294800683C302A490860274800685A38CD
:106A40002649086014E07F2C0AD1234800685030A2
:106A5000234908602048006878382049086007E02A
:106A60001D4800681D4908601B4800681C490860F3
:106A7000FF2C20D1184800681849086016480068A3
:106A80001749086017480088B0F5966F0DDD0020A3
:106A90001449088000210846FDF760F800201249DB
:106AA000087004200B49087008E00E480088401C5C
:106AB0000C49088002E000200A4908800448807BD5
:106AC00028B10748016805480068FBF742FD10BD82
:106AD000440900208E1E00209C1E0020941E0020D1
:106AE000981E0020901E00208D1E002010B56420EE
:106AF000FEF74AFF084A907A116988476420FEF73A
:106B000043FF05484FF4CD7182691E2090476420F1
:106B1000FEF73AFF10BD00004409002070B505469D
:106B20000C4600201E4908701E4908701E49087056
:106B30001E4908701E4908701E49087001201E4930
:106B400008701E48056000201D49088001201D496D
:106B500008701A4801680068FBF7FBFC13E018484E
:106B60000088A0420FDB00210846FCF7F7FF002059
:106B70001349088013490870012009490870002052
:106B80000D49087003E0064800780128E7D100BFEE
:106B90004FF4FA70FEF7F8FEFCF732FF70BD00000C
:106BA0008E1E00208B1E0020881E0020891E0020C3
:106BB0008A1E00208C1E00208D1E00209C1E00209E
:106BC000C01E0020C21E002010B504460020084947
:106BD000087001200749887307480460016800684D
:106BE000FBF7B7FC00BF024800780128FBD110BDBD
:106BF0008E1E0020440900209C1E00202DE9FC4729
:106C000004460020009001900027002500268046C1
:106C1000364988714871364903C9CDE900010D2C08
:106C200003D10D208DF8010004E0052C02D10520D0
:106C30008DF8010002208DF802008DF8030000207D
:106C40008DF804008DF805009DF805309DF80420AE
:106C50009DF803109DF80200DFF89890D9F800C065
:106C6000E04707468DF806700D2C20D10EE0082174
:106C70006846FCF7A9FFC820FEF786FE681CC5B26F
:106C80000A2D03DD1CA0FEF7E3F903E01748807925
:106C90000028ECD000BF15488679314617A0FEF7D2
:106CA000D7F90020114988713046BDE8FC87052CD2
:106CB00019D10BE008216846FCF786FFC820FEF7D3
:106CC00063FE681CC5B20A2D00DD03E00748407969
:106CD0000028EFD000BF054890F805800020034948
:106CE00048714046E1E70020DFE70000462400202D
:106CF00000110020740300204E4F0000523A25641A
:106D0000200000002DE9FC4704460020009001907F
:106D10000025324903C9CDE900010D2C03D10D2016
:106D20008DF8010004E0052C02D105208DF801004A
:106D300002208DF8020001208DF8030000208DF85C
:106D400004008DF805009DF805309DF804209DF89D
:106D500003109DF80200DFF88890D9F800C0E047E2
:106D600006468DF806600D2C19D10BE00821684607
:106D7000FCF72AFF6420FEF707FE681CC5B2032D4E
:106D800000DD03E01748007A0028EFD000BF154867
:106D9000077A0020134908723846BDE8FC87052CA5
:106DA00019D10BE008216846FCF70EFF6420FEF7BE
:106DB000EBFD681CC5B2032D00DD03E00948C07976
:106DC0000028EFD000BF074890F807800020054951
:106DD000C8714046E1E70020DFE700000011002015
:106DE000740300204624002070B5064630484FF456
:106DF00048714269192090474FF4FA70FEF7C4FDBC
:106E00002B484FF44871C269192090474FF4FA702B
:106E1000FEF7BAFD26484FF44871426919209047A1
:106E20004FF4FA70FEF7B0FD21484FF44871C26983
:106E3000192090470025002435E01E48816830461F
:106E400088470546012D04D0032D10D0042D28D1EC
:106E50001FE034B916484FF4C871C2691E2090472C
:106E600004E0012C01D0022C00D102251AE03CB92B
:106E700001240F484FF4FA71C2691E20904707E0C1
:106E8000012C05D10A484FF49671C2691C20904725
:106E900008E002240648C821826912209047022592
:106EA00000E000BF00BF022DC7D1FCF7A9FD70BDF7
:106EB00044090020EC1000202DE9FC4104460D4659
:106EC0000020009001902A4903C9CDE900010D2C52
:106ED00003D10D208DF8010004E0052C02D105201E
:106EE0008DF8010001208DF802008DF8035000207C
:106EF0008DF804008DF805009DF805309DF80420FC
:106F00009DF803109DF80200DFF868C0DCF80070FF
:106F1000B84706468DF80660002708E00821684655
:106F2000FCF752FE6420FEF72FFD781CC7B2032F3A
:106F3000F4DB11484168204688470D2C0AD102E055
:106F4000C820FEF721FD0C48416820468847A8422A
:106F5000F6D10BE0052C09D102E0C820FEF714FDA4
:106F60000548416820468847A842F6D1BDE8FC8123
:106F70000011002074030020EC1000202DE9FC41DA
:106F80000446002000900190184903C9CDE9000192
:106F900008208DF80200012C03D101208DF8030098
:106FA00010E0022C03D101208DF804000AE0032C2C
:106FB00003D102208DF8030004E0042C02D102204A
:106FC0008DF804009DF805309DF804209DF803100D
:106FD0009DF80200064F3E68B04705468DF8065002
:106FE00008216846FCF7F0FDBDE8FC81B00A0020EE
:106FF0007403002010B501202749087134E02748A8
:10700000807801280ED1C820FEF7BEFC002023495D
:107010008870214908712249086A8047C820FEF714
:10702000B3FC25E01E484FF4AF71C26914209047AD
:10703000C820FEF7A9FC1948807801280ED1FA2053
:10704000FEF7A2FC00201549887013490871144905
:10705000086A8047C820FEF797FC09E010484FF403
:10706000AF718269142090470C4880780028C6D000
:1070700000BF0A48807801280DD1FA20FEF784FC71
:10708000002006498870044908710549086A80474C
:10709000C820FEF779FC10BD9C0A00204624002081
:1070A000440900202DE9F04105460E46174601200F
:1070B0003549087142E035488078012815D1C8204B
:1070C000FEF762FC0020314988702F490871304872
:1070D00044683048037830480278304801781E20F0
:1070E000A047C820FEF750FC2CE02D484FF4C87193
:1070F000C26914209047C820FEF746FC23488078D8
:10710000012815D1FA20FEF73FFC00201F498870A6
:107110001D4908711E4844681E4803781E480278BD
:107120001E4801781E20A047C820FEF72DFC09E06C
:107130001B484FF4C8718269142090471348807827
:107140000028B8D000BF11488078012819D1FA2052
:10715000FEF71AFC00200D4988700B490871104891
:10716000B421826928209047094844680948037877
:1071700009480278094801781E20A047C820FEF778
:1071800003FCBDE8F08100009C0A0020462400209A
:107190002C0D00204C0200204B0200204A0200204F
:1071A0004409002070B5044666181644F018C61746
:1071B00000EB16663612A0EB0626F5B2284670BD27
:1071C0001F4909681F4AD2F8142241EA42011D4AA8
:1071D000D2F8182241EA82011A4AD2F81C2241EA66
:1071E000C20141F0F001C943C8B217494978414092
:1071F0000140154A11701146487009789278114083
:1072000011B10121104A91710F4909780E4AD278C3
:10721000114011B101210C4AD1710B4909780A4A78
:107220001279114011B10121074A117206490978FA
:10723000054A5279114011B10121034A5172704738
:107240001002444200004442980300202DE9FC4112
:1072500004460D460020009001901D4903C9CDE968
:107260000001012D03D101208DF8020004E0022D60
:1072700002D102208DF8020020788DF8030060789A
:107280008DF80400A0788DF805009DF805309DF874
:1072900004209DF803109DF80200DFF838C0DCF8E8
:1072A0000070B84706468DF80660002708E0082100
:1072B0006846FCF789FC6420FEF766FB781CC7B2C1
:1072C000032FF4DB4FF4FA70FEF75EFBBDE8FC81A0
:1072D000D40B0020740300202DE9FC41044600205B
:1072E00000900190234903C9CDE9000104208DF8E5
:1072F000020000208DF80300642094FBF0F00A21C6
:1073000090FBF1F201FB1200C0B28DF804000A20DC
:1073100094FBF0F100FB114194FBF0F00A2290FB8A
:10732000F2F302FB130001EB0010C0B28DF8050070
:107330009DF805309DF804209DF803109DF802008B
:107340000D4F3D68A84706468DF80660002508E009
:1073500008216846FCF738FC6420FEF715FB681C22
:10736000C5B2032DF4DB4FF4FA70FEF70DFBBDE858
:10737000FC810000D40B0020740300202DE9FC41A7
:1073800005460020009001901F4903C9CDE9000186
:1073900003208DF8020000208DF804008DF8050010
:1073A00025B1012D06D0022D0CD107E000208DF86B
:1073B000030007E001208DF8030003E002208DF8B0
:1073C000030000BF00BF9DF805309DF804209DF824
:1073D00003109DF802000D4F3E68B04704468DF83B
:1073E0000640002608E008216846FCF7EDFB642013
:1073F000FEF7CAFA701CC6B2032EF4DB4FF4967087
:10740000FEF7C2FABDE8FC81D40B00207403002013
:107410002DE9F041044663792279E178A078074F9D
:107420003E68B0470546A57108212046FCF7C0FB21
:107430006420FEF7A9FABDE8F08100007403002083
:1074400030B58DB005466846F8F7F6FEC4B2214661
:107450006846FCF775FB0DB030BD000070B58EB00E
:1074600004460D462B46224606A101A8FDF700FE64
:1074700001A8F8F7E1FEC6B2314601A8FCF760FBAF
:107480000EB070BD434D44322D333A202523782D64
:107490002523780030B589B00446202101A8F8F7EB
:1074A000AAFE2B495220FBF784FE00284ED1002172
:1074B0000846FCF753FB0020264908704FF4FA7089
:1074C000FEF762FA01212046FCF758F82248F8F747
:1074D000B3FE48B921480078401C20490870204973
:1074E0001D48F8F7BEFE24E01E48F8F7A5FE70B967
:1074F0001B491948F8F7A7FE48B118480078401C06
:107500001649087016491748F8F7ABFE11E01648FF
:10751000F8F792FE68B912491248F8F794FE40B1A4
:107520000E480078401C0D4908700D490E48F8F7C8
:1075300098FE0B4A0DA101A8FDF79AFD01A8F8F7E6
:107540007BFEC5B2294601A8FCF7FAFA09B030BDA6
:10755000011C00208D1E0020A1240020250D0020EC
:1075600050240020B2240020C32400202573200DC5
:107570000A0000002DE9F04105460F469046FBF752
:1075800042FEFBF7D5FC2A495220FBF712FE0028E9
:107590004CD101212846FBF7F1FF264926A0FDF733
:1075A00057FD00262348F8F747FEC6B200242AE01C
:1075B0002048005D2B281BD01E48005D2D2817D0C9
:1075C0001C48005D2A2813D01A48005D2F280FD0D0
:1075D0001848005D5E280BD01648005D282807D0AB
:1075E0001448005D292803D01248005D252808D1E1
:1075F000112210491448F8F7E5FD012013490870DD
:1076000003E0601CC4B2B442D2DB00BF0F48007874
:10761000012805D1112207490B48F8F7D3FD04E0F2
:10762000112204490A48F8F7CDFD00BFBDE8F081FA
:10763000011C002050240020524541445F53746FC8
:1076400072653A25730D0A0071240020520D002046
:107650008124002070B505460C46FCF7D1F9494855
:10766000007810B92846FCF719F966E0464952201F
:10767000FBF79FFD002860D100210846FCF76EFA59
:107680000020424908704FF4FA70FEF77DF9404837
:10769000007810B93F48047010E03D480078012898
:1076A00004D13D4800783B49087007E0384800782D
:1076B000022803D13948007836490870012135483D
:1076C0000078FBF75BFF3648F8F7B6FD48B930485D
:1076D0000078401C2E49087032493148F8F7C1FD46
:1076E00024E03148F8F7A8FD70B92E492C48F8F786
:1076F000AAFD48B126480078401C25490870294950
:107700002948F8F7AEFD11E02848F8F795FD68B96B
:1077100024492548F8F797FD40B11D480078401CE2
:107720001B4908701F492148F8F79BFD2846FCF7C4
:10773000B5F84FF4FA70FEF727F9124800780128DF
:1077400094D11048007801281AD11948C16911480C
:10775000007888471748C821826928209047144834
:10776000C1690C48007888471248C82182692820DE
:1077700090470F48C169074800788847FCF740F9EF
:1077800070BD00001F0D0020011C00208D1E002078
:10779000250D0020510D00204C0200204D0200203C
:1077A000A124002050240020B2240020C324002063
:1077B0002C0D0020440900202DE9F04780460D469D
:1077C00016461F46FCF71CF94448007810B940469D
:1077D000FCF764F8FBF717FDFBF7AAFB43E0404911
:1077E0005220FBF7E6FC00283DD100210846FCF7BB
:1077F000B5F900203B49087001212846FBF7BEFE81
:1078000039493AA0FDF724FC4FF000093648F8F753
:1078100013FD00F0FF0900241CE03348005D2B2815
:107820000BD03148005D2D2807D02F48005D2A2855
:1078300003D02D48005D2F2805D111222A492F4859
:10784000F8F7C0FC04E0112227492D48F8F7BAFCEC
:10785000601CC4B24C45E0DB4046FCF71FF8C82072
:10786000FEF792F800BF1D4800780128B7D11B48E9
:107870000078012830D14FF4FA70FEF785F82148DE
:107880003A463146036A284698471F484FF48C71A0
:107890008269192090474FF4FA70FEF775F819487D
:1078A0003A463146036A2846984717484FF48C7188
:1078B0008269192090474FF4FA70FEF765F8114875
:1078C0003A463146036A284698470F48FA218269AA
:1078D00019209047FCF794F8BDE8F0871F0D0020B1
:1078E000011C00208D1E00205024002052454144E0
:1078F0005F53746F72653A25730D0A00712400207E
:10790000812400202C0D0020440900202DE9F0479F
:1079100006460D4690469946FCF772F8FBF773FC55
:10792000FBF706FB2A48007810B93046FBF7B6FF94
:1079300045E028495220FBF73CFC00283FD10021BC
:107940000846FCF70BF90020234908704FF4FA7041
:10795000FEF71AF801212846FBF710FE1F4920A068
:10796000FDF776FB00271D48F8F766FCC7B2002438
:107970001CE01A48005D2B280BD01848005D2D280C
:1079800007D01648005D2A2803D01448005D2F2830
:1079900005D1112211491648F8F714FC04E0112210
:1079A0000E491448F8F70EFC601CC4B2BC42E0DB80
:1079B0003046FBF773FFC820FDF7E6FF00BF044821
:1079C00000780128B5D1FCF71BF8BDE8F08700006E
:1079D0001F0D0020011C00208D1E002050240020BF
:1079E000524541445F53746F72653A25730D0A0026
:1079F0007124002081240020F0B589B006460C4691
:107A00001546FBF7FDFF202101A8F8F7F4FB002045
:107A1000514908800120514908703046FBF73EFF6C
:107A200000204F49087088E04B480088A0420FDBD7
:107A300000210846FCF792F8002047490880474992
:107A4000087001204649087000204649087079E016
:107A500045495220FBF7ADFB00286ED100210846B6
:107A6000FCF77CF800203C4908803C4908703D49FF
:107A7000087001203A4908704FF4FA70FDF784FF4E
:107A80003A48007810B93A48057010E03748007855
:107A9000012804D1374800783549087007E0334899
:107AA0000078022803D13448007831490870012158
:107AB0002F480078FBF762FD3048F8F7BDFB48B966
:107AC0002A480078401C294908702D492B48F8F7AE
:107AD000C8FB24E02B48F8F7AFFB70B928492748CA
:107AE000F8F7B1FB48B121480078401C1F490870E5
:107AF00023492448F8F7B5FB11E02348F8F79CFB2D
:107B000068B91F491F48F8F79EFB40B11748007835
:107B1000401C164908701A491B48F8F7A2FB184A7E
:107B20001AA101A8FDF7A4FA01A8F8F785FBC7B2CE
:107B3000394601A8FCF704F804E009480078012858
:107B40007FF472AF00BF4FF4FA70FDF71DFFFBF733
:107B500057FF09B0F0BD0000C01E0020C21E00206B
:107B60008E1E00208D1E0020011C0020250D0020EF
:107B7000500D00204C0200204D020020A1240020C6
:107B800050240020B2240020C32400202573200D9F
:107B90000A0000002DE9F04107460C4615461E4636
:107BA000DDF81880FBF72CFF0020494908800120F0
:107BB000484908703846FBF771FE002046490870B6
:107BC000FBF721FBFBF7B4F979E041480088A042BC
:107BD0000FDB00210846FBF7C1FF00203C4908806D
:107BE0003C49087001203C49087000203B4908705E
:107BF00069E03B495220FBF7DCFA00285FD1002105
:107C00000846FBF7ABFF0020314908803149087076
:107C1000324908700120304908704FF49670FDF722
:107C2000B3FE01212846FBF7A9FC2E492E48F8F7A0
:107C30000AFB00BB2D48F8F7FFFA00283ED1FBF7FE
:107C4000E2FAFBF775F926495220FBF7B2FA002851
:107C500034D101213046FBF791FC24492248FDF73D
:107C600049FF23480078401C214908701F4921A082
:107C7000FDF7EEF922E023491B48F8F7E4FAE8B9EA
:107C80002148F8F7D9FAC8B9FBF7BDFAFBF750F964
:107C900013495220FBF78DFA80B901214046FBF7CA
:107CA0006DFC19491048FDF709FF11480078401C88
:107CB0000F490870144915A0FDF7CAF903E00648FA
:107CC0000078012881D100BFFBF79AFEBDE8F08162
:107CD000C01E0020C21E00208E1E00208D1E00200F
:107CE000011C00204E02002050240020712400209E
:107CF000250D0020524541445F52464944313A2502
:107D0000730D0A0050020020812400205245414496
:107D10005F52464944323A25730D0A0070B5064653
:107D20000C463046FBF7BAFD27E017495220FBF717
:107D300040FA10BB00210846FBF710FF0020134952
:107D4000087000250EE00120114908606420FDF74D
:107D50001BFE00200F49C1F894026420FDF714FEB9
:107D6000681CC5B20A2DEEDB02212046FBF706FC9B
:107D70004FF4FA70FDF708FE03E007480078012889
:107D8000D3D100BF70BD0000011C00208D1E00205B
:107D900094824342008043428E1E002010B5044668
:107DA00004495220FBF705FA02212046FBF7E6FBC7
:107DB00010BD0000011C00202DE9F041044663794C
:107DC0002279E178A078074F3E68B0470546A57153
:107DD00008212046FBF7F8FE3220FDF7D5FDBDE86F
:107DE000F08100007403002010B504462046FCF723
:107DF00039FC10BD10B505210148FCF743FC10BD4E
:107E0000441700202DE9FC4104460D460020009057
:107E100001902B4903C9CDE90001012C03D10B20AE
:107E20008DF801000AE0022C03D108208DF8010032
:107E300004E0032C02D112208DF8010050208DF8AF
:107E4000020000208DF80300642095FBF0F00A2169
:107E500090FBF1F201FB1200C0B28DF804000A2081
:107E600095FBF0F100FB115195FBF0F00A2290FB1D
:107E7000F2F302FB130001EB0010C0B28DF8050015
:107E80009DF805309DF804209DF803109DF8020030
:107E9000DFF830C0DCF80070B84706468DF80660A1
:107EA000002708E008216846FBF78EFE6420FDF7F6
:107EB0006BFD781CC7B2032FF4DBBDE8FC8100002A
:107EC000940E0020740300202DE9FC4104460D4669
:107ED000002000900190204903C9CDE90001012C48
:107EE00003D10B208DF801000AE0022C03D10820F9
:107EF0008DF8010004E0032C02D112208DF801005E
:107F000040208DF8020028788DF8030068788DF8FD
:107F10000400A8788DF805009DF805309DF8042030
:107F20009DF803109DF80200DFF830C0DCF8007007
:107F3000B84706468DF80660002708E00821684625
:107F4000FBF742FE6420FDF71FFD781CC7B2032F2C
:107F5000F4DBBDE8FC810000940E002074030020D7
:107F60002DE9FC4104460E461E4903C9CDE9000136
:107F7000012C03D10B208DF801000AE0022C03D163
:107F800008208DF8010004E0032C02D112208DF8A6
:107F9000010010208DF8020000208DF803008DF8FC
:107FA00004608DF803009DF805309DF804209DF8CD
:107FB00003109DF80200DFF830C0DCF80070B8470D
:107FC00005468DF80650002708E008216846FBF7B3
:107FD000FBFD6420FDF7D8FC781CC7B2032FF4DB4F
:107FE000BDE8FC81940E0020740300202DE9FC41C3
:107FF00004460D46002000900190214903C9CDE9B7
:108000000001012C03D10B208DF801000AE0022CA5
:1080100003D108208DF8010004E0032C02D11220C6
:108020008DF8010010208DF80200012D04D0022DE2
:1080300006D0032D0CD107E001208DF8030000BF0E
:1080400002208DF8030000BF03208DF8030000BF5D
:1080500000BF00BF9DF805309DF804209DF8031077
:108060009DF80200DFF81CC0DCF80070B847064637
:108070008DF8066008216846FBF7A6FDBDE8FC8187
:10808000940E0020740300202DE9FC4105460C46A7
:10809000002000900190364903C9CDE90001012D6F
:1080A00003D10B208DF801000AE0022D03D1082036
:1080B0008DF8010004E0032D02D112208DF801009B
:1080C00020208DF8020020788DF8030060788DF86C
:1080D0000400A0788DF805009DF805309DF8042077
:1080E0009DF803109DF80200DFF888C0DCF80070EE
:1080F000B84706468DF80660002708E00821684664
:10810000FBF762FD6420FDF73FFC781CC7B2032F2C
:10811000F4DB4FF49670FDF737FC21208DF8020058
:10812000E0788DF8030020798DF8040060798DF8EF
:1081300005009DF805309DF804209DF803109DF87A
:108140000200DFF830C0DCF80070B84706468DF852
:108150000660002708E008216846FBF735FD64202B
:10816000FDF712FC781CC7B2032FF4DBBDE8FC81DD
:10817000940E0020740300202DE9FC4104460E46B5
:10818000002000900190264903C9CDE90001012C8F
:1081900003D10B208DF801000AE0022C03D1082046
:1081A0008DF8010004E0032C02D112208DF80100AB
:1081B00030208DF80200012E04D0022E06D0032EAE
:1081C0000CD107E000208DF8030000BF01208DF8DE
:1081D000030000BF02208DF8030000BF00BF00BFF6
:1081E0009DF805309DF804209DF803109DF80200CD
:1081F000DFF830C0DCF80070B84705468DF806504F
:10820000002708E008216846FBF7DEFC6420FDF744
:10821000BBFB781CC7B2032FF4DBBDE8FC81000078
:10822000940E0020740300202DE9FC4104460D4605
:10823000002000900190294903C9CDE90001012CDB
:1082400003D10B208DF801000AE0022C03D1082095
:108250008DF8010004E0032C02D112208DF80100FA
:1082600060208DF80200072D1DD2DFE805F01C0408
:10827000080C1014180001208DF8030014E00220EF
:108280008DF8030010E003208DF803000CE00420BB
:108290008DF8030008E005208DF8030004E00620B7
:1082A0008DF8030000E000BF00BF9DF805309DF889
:1082B00004209DF803109DF80200DFF824C0DCF8CC
:1082C0000070B84706468DF8066008216846FBF73F
:1082D0007BFC6420FDF758FBBDE8FC81940E002078
:1082E000740300202DE9FC41044600203D4908703C
:1082F00048703D4948700090019000253B4903C9F2
:10830000CDE90001012C03D10E208DF8010004E01D
:10831000022C02D10F208DF8010001208DF80200FF
:108320009DF805309DF804209DF803109DF802008B
:10833000DFF8BCC0DCF80070B84706468DF8066070
:10834000012C15D10FE008216846FBF73DFCC82041
:10835000FDF71AFB681CC5B20F2D04DD00250020B7
:108360002049087003E01F4800780028EBD017E090
:10837000022C15D10FE008216846FBF725FCC82028
:10838000FDF702FB681CC5B20F2D04DD002500209F
:108390001449487003E0134840780028EBD000BF30
:1083A00000201049087048704FF4FA70FDF7ECFA9D
:1083B0004FF4FA70FDF7E8FA0B4801690D48884759
:1083C0004FF4FA70FDF7E0FA074801690948884759
:1083D0004FF4FA70FDF7D8FA034801690548884759
:1083E000BDE8FC81462400206C060020C80F002058
:1083F00074030020AE0600202DE9FC4104460E4621
:10840000224903C9CDE90001012C03D10E208DF8CA
:10841000010004E0022C02D10F208DF8010002209F
:108420008DF80200012E04D0022E06D0032E0CD1AE
:1084300007E001208DF8030008E002208DF803001A
:1084400004E003208DF8030000E000BF00BF9DF8AA
:1084500005309DF804209DF803109DF80200DFF818
:1084600030C0DCF80070B84705468DF8065000278C
:1084700008E008216846FBF7A7FBC820FDF784FA4F
:10848000781CC7B2032FF4DBBDE8FC81C80F0020C5
:10849000740300202DE9FC41044600200090019067
:1084A0002A48016800914068019010208DF8020070
:1084B00020788DF8030060788DF80400A0788DF89E
:1084C00005009DF805309DF804209DF803109DF8E7
:1084D00002001F4F3E68B04705468DF80650002643
:1084E00008E008216846FBF76FFB6420FDF74CFAB3
:1084F000701CC6B2032EF4DB11208DF80200E07868
:108500008DF8030020798DF8040060798DF805005E
:108510009DF805309DF804209DF803109DF8020099
:108520000B4F3E68B04705468DF80650002608E020
:1085300008216846FBF748FB6420FDF725FA701C0C
:10854000C6B2032EF4DBBDE8FC8100000E1600204D
:108550007403002010B500240CE00B48C1680B48E0
:108560008847601CC4B24FF49670FDF70DFA052CD5
:1085700000DB03E0044880780028EED000BF002034
:108580000149887010BD0000D004002005050020BE
:108590001FB501210846FBF7CDF84FF08040FBF7EF
:1085A00044FD0020ADF80C00ADF8060040F2E730C5
:1085B0000290A720ADF8040000208DF80E0001A95C
:1085C0004FF08040FBF738FD012211469007FBF782
:1085D00023FD4FF4A060FAF72DFC1C208DF800005D
:1085E00001208DF8030002208DF8010000208DF895
:1085F00002006846FAF7E2FB01218807FBF7EFFC6F
:108600001FBD00001FB501210220FBF793F8184899
:10861000FBF70BFD0020ADF80C00ADF8060040F2B2
:10862000E7300290A720ADF8040000208DF80E007E
:1086300001A90F48FBF700FD012211460C48FBF78A
:10864000EBFC4FF4A060FAF7F5FB1D208DF800005D
:1086500001208DF803008DF801008DF802006846B6
:10866000FAF7ACFB01210248FBF7B9FC1FBD000083
:108670000004004028B1012807D10121044A1170EB
:1086800004E00021024A117000E000BF00BF704703
:10869000A20300207CB504460020009001902049F0
:1086A00003C9CDE9000113208DF80100092C26D261
:1086B000DFE804F02505090D1115191D2100012021
:1086C0008DF802001CE002208DF8020018E0032063
:1086D0008DF8020014E004208DF8020010E005205F
:1086E0008DF802000CE006208DF8020008E007205B
:1086F0008DF8020004E008208DF8020000E000BFC1
:1087000000BF002508E006216846FAF7ABFA6420AE
:10871000FDF73AF9681CC5B2032DF4DB7CBD0000FF
:108720004C1200207CB505462846F7F785FD86B239
:10873000FF208DF8000031208DF80100002433E087
:10874000285D00F0800090B1285D8DF80200601C6B
:1087500084B2285D8DF80300B01EA04203DA5520D4
:108760008DF8040013E000208DF804000FE0285D70
:108770008DF8020000208DF80300B01EA04203DA3D
:1087800055208DF8040002E000208DF80400002040
:108790008DF8050006216846FAF764FA4FF4FA707E
:1087A000FDF7F2F8601C84B2B442C9DB7CBD000066
:1087B0007CB50446002000900190124903C9CDE920
:1087C000000132208DF80100012C02D0022C08D1CA
:1087D00003E001208DF8020004E002208DF8020081
:1087E00000E000BF00BF002508E006216846FAF758
:1087F00039FA6420FDF7C8F8681CC5B2032DF4DB14
:108800007CBD00004C1200201CB50020009001909F
:108810000B4903C9CDE9000116208DF801000120A4
:108820008DF80200002408E006216846FAF71AFADB
:108830006420FDF7A9F8601CC4B2032CF4DB1CBD56
:108840004C1200207CB50446002000900190144991
:1088500003C9CDE9000111208DF801000A2094FB25
:10886000F0F00A2190FBF1F201FB1200C0B28DF88A
:1088700002000A2094FBF0F100FB1140C0B28DF819
:108880000300002508E006216846FAF7EBF96420AA
:10889000FDF77AF8681CC5B2032DF4DB7CBD00003F
:1088A0004C1200207CB5044600200090019019492C
:1088B00003C9CDE9000112208DF80100062C18D261
:1088C000DFE804F01703070B0F1301208DF80200F7
:1088D00010E002208DF802000CE003208DF8020069
:1088E00008E004208DF8020004E005208DF8020065
:1088F00000E000BF00BF002508E006216846FAF747
:10890000B1F96420FDF740F8681CC5B2032DF4DB13
:108910007CBD00004C1200202DE9FC4104460D46B0
:1089200016460020009001900F4903C9CDE90001CF
:1089300017208DF8010001208DF802008DF803400A
:108940008DF804508DF80560002708E00621684680
:10895000FAF788F96420FDF717F8781CC7B2032FDF
:10896000F4DBBDE8FC8100004C1200207CB504461D
:108970000020009001901B4903C9CDE9000114209B
:108980008DF80100072C1DD2DFE804F01C04080C50
:108990001014180001208DF8020014E002208DF858
:1089A000020010E003208DF802000CE004208DF896
:1089B000020008E005208DF8020004E006208DF892
:1089C000020000E000BF00BF002508E00621684665
:1089D000FAF748F96420FCF7D7FF681CC5B2032DED
:1089E000F4DB7CBD4C1200207CB5044600200090D6
:1089F00001901B4903C9CDE9000115208DF8010044
:108A0000072C1DD2DFE804F01C04080C1014180019
:108A100001208DF8020014E002208DF8020010E021
:108A200003208DF802000CE004208DF8020008E01D
:108A300005208DF8020004E006208DF8020000E019
:108A400000BF00BF002508E006216846FAF70AF9D2
:108A50006420FCF799FF681CC5B2032DF4DB7CBDD4
:108A60004C1200202DE9FC4104460D46164600201C
:108A7000009001901D4903C9CDE9000120208DF827
:108A8000010020788DF8020060788DF80300A0784E
:108A90008DF80400E0788DF80500002708E0062135
:108AA0006846FAF7DFF86420FCF76EFF781CC7B25F
:108AB000032FF4DB10208DF8010020798DF80200DF
:108AC00060798DF803008DF804508DF8056000275B
:108AD00008E006216846FAF7C5F86420FCF754FF61
:108AE000781CC7B2032FF4DBBDE8FC814C120020D8
:108AF0002DE9FC410446002000900190224903C961
:108B0000CDE9000110208DF80200072C1DD2DFE80E
:108B100004F01C04080C1014180001208DF8030048
:108B200014E002208DF8030010E003208DF803000C
:108B30000CE004208DF8030008E005208DF8030008
:108B400004E006208DF8030000E000BF00BF9DF8A0
:108B500005309DF804209DF803109DF802000B4F8E
:108B60003E68B04705468DF80650002608E008210B
:108B70006846FBF729F86420FCF706FF701CC6B2B4
:108B8000032EF4DBBDE8FC81A81300207403002051
:108B900038B5044600200090FD208DF8000000202C
:108BA0008DF8010001208DF80200012C04D0022C68
:108BB00006D0032C0CD107E002208DF8030008E05A
:108BC00002208DF8030004E004208DF8030000E08B
:108BD00000BF00BF002508E004216846FAF7F4FF53
:108BE0006420FCF7D1FE681CC5B2032DF4DB38BD50
:108BF0002DE9FC410020009001900024174903C991
:108C0000CDE9000131208DF8020001208DF803002C
:108C10009DF805309DF804209DF803109DF8020092
:108C20000F4F3E68B04705468DF806500DE008210D
:108C30006846FAF7C9FF6420FCF7A6FE601CC4B2C0
:108C4000192C02DD0020BDE8FC810648C07801280F
:108C5000EDD100200349C8700120F4E7A8130020DB
:108C600074030020462400202DE9FC4100200090E0
:108C700001900024174903C9CDE9000141208DF876
:108C8000020001208DF803009DF805309DF80420B6
:108C90009DF803109DF802000F4F3E68B04705464F
:108CA0008DF806500DE008216846FAF78DFF642024
:108CB000FCF76AFE601CC4B2192C02DD0020BDE87E
:108CC000FC810648C0780228EDD100200349C87015
:108CD0000120F4E7A813002074030020462400209C
:108CE0002DE9FC410020009001900024164903C9A1
:108CF000CDE9000143208DF802009DF805309DF874
:108D000004209DF803109DF80200104F3E68B04704
:108D100005468DF806500DE008216846FAF754FF25
:108D20006420FCF731FE601CC4B2192C02DD002067
:108D3000BDE8FC810648C0780328EDD10020044935
:108D4000C8700120F4E70000A8130020740300207D
:108D5000462400207CB5002000900190124903C9F0
:108D6000CDE9000120208DF8020001208DF80300DC
:108D70009DF805309DF804209DF803109DF8020031
:108D80000A4E3468A04705468DF80650002408E0D6
:108D900008216846FAF718FF6420FCF7F5FD601C0F
:108DA000C4B2032CF4DB7CBDA813002074030020A4
:108DB0002DE9FC4104460D46164600200090019026
:108DC000154903C9CDE9000130208DF802008DF866
:108DD00003408DF804508DF805609DF805309DF82E
:108DE00004209DF803109DF80200DFF830C0DCF885
:108DF0000070B84780468DF80680002708E00821FB
:108E00006846FAF7E1FE6420FCF7BEFD781CC7B2A5
:108E1000032FF4DBBDE8FC81A813002074030020BD
:108E20002DE9FC4104460D461646002000900190B5
:108E3000154903C9CDE9000140208DF802008DF8E5
:108E400003408DF804508DF805609DF805309DF8BD
:108E500004209DF803109DF80200DFF830C0DCF814
:108E60000070B84780468DF80680002708E008218A
:108E70006846FAF7A9FE6420FCF786FD781CC7B2A5
:108E8000032FF4DBBDE8FC81A8130020740300204D
:108E90007CB505462846F7F7CFF984B2002000904C
:108EA0000190FD208DF80000A01C000A8DF8010043
:108EB000A01CC0B28DF8020001208DF80300002034
:108EC0008DF8040005216846FAF77EFEE1B22846D7
:108ED000FAF77AFE6420FCF757FD7CBD2DE9FC41D2
:108EE00004460E46002000900190254903C9CDE9B3
:108EF000000142208DF80200072C1DD2DFE804F0AB
:108F00001C04080C1014180000208DF8030014E055
:108F100001208DF8030010E002208DF803000CE022
:108F200003208DF8030008E004208DF8030004E01E
:108F300005208DF8030000E000BF00BF8DF804603D
:108F40009DF805309DF804209DF803109DF802005F
:108F5000DFF830C0DCF80070B84705468DF80650E1
:108F6000002708E008216846FAF72EFE6420FCF787
:108F70000BFD781CC7B2032FF4DBBDE8FC810000B9
:108F8000A81300207403002010B54FF4FA70FCF70A
:108F9000FBFC0A4A1278121DD0B2094A5168884770
:108FA0004FF4FA70FCF7F0FC4FF4FA70FCF7ECFCAD
:108FB0004FF4FA70FCF7E8FC10BD000070130020BD
:108FC0003417002010B54FF4FA70FCF7DDFC25488B
:108FD0004168012088474FF4FA70FCF7D5FC4FF444
:108FE000FA70FCF7D1FC4FF4FA70FCF7CDFC1E4888
:108FF00040780A2190FBF1F03030C4B21948416842
:10900000204688474FF49670FCF7BEFC154841682F
:10901000022088474FF49670FCF7B6FC124840785F
:109020000A2190FBF1F201FB12003030C4B20D486E
:109030004168204688474FF49670FCF7A5FC094824
:10904000416803208847002409E04FF4FA70FCF7D8
:109050009BFC4FF4FA70FCF797FC601CC4B2032C25
:10906000F3DB10BD34170020701300202DE9FC4104
:109070000446002000900190164903C9CDE9000183
:1090800002208DF8020020788DF8030060788DF8BA
:109090000400A0788DF805009DF805309DF80420A7
:1090A0009DF803109DF802000B4F3D68A847064647
:1090B0008DF80660002508E008216846FAF784FD6F
:1090C0006420FCF761FC681CC5B2032DF4DBBDE82D
:1090D000FC810000D8140020740300202DE9FC411D
:1090E0000446002000900190164903C9CDE9000113
:1090F00003208DF8020020788DF8030060788DF849
:109100000400A0788DF805009DF805309DF8042036
:109110009DF803109DF802000B4F3D68A8470646D6
:109120008DF80660002508E008216846FAF74CFD36
:109130006420FCF729FC681CC5B2032DF4DBBDE8F4
:10914000FC810000D8140020740300202DE9FC41AC
:109150000446002000900190164903C9CDE90001A2
:1091600001208DF80200012C02D18DF8030004E0EB
:10917000022C02D102208DF803009DF805309DF8E5
:1091800004209DF803109DF802000B4F3E68B04785
:1091900005468DF80650002608E008216846FAF7D3
:1091A00013FD6420FCF7F0FB701CC6B2032EF4DB49
:1091B000BDE8FC81D81400207403002010B53948A4
:1091C000007801286AD138480078552866D1364899
:1091D0004078012812D13448807809280CD2DFE881
:1091E00000F00B050607080B0B090A0005E004E078
:1091F00003E002E001E000E000BF4FE02A484078D1
:10920000022835D12848807808282FD2DFE800F0DE
:109210002E040A10161C222801202449087000F090
:1092200047F824E002202149087000F041F81EE0D0
:1092300003201E49087000F03BF818E004201B4989
:10924000087000F035F812E005201849087000F0A9
:109250002FF80CE006201549087000F029F806E008
:1092600007201249087000F023F800E000BF15E065
:109270000D484078032811D10B48807807280BD27D
:10928000DFE800F00A0405060708090005E004E02D
:1092900003E002E001E000E000BF00BF0020014960
:1092A000087010BD1D1C0020151C0020491700204F
:1092B0007CB50446002000900190AF208DF800009E
:1092C00006208DF801008DF8024002208DF8030081
:1092D00000208DF804008DF8050001208DF80600AF
:1092E000BB208DF80700002508E008216846FAF742
:1092F0006BFC6420FCF748FB681CC5B2032DF4DB53
:109300004FF49670FCF740FB7CBD000001000000AC
:10931000020000000400000008000000100000002F
:10932000200000004000000080000000000100005C
:10933000000200000004000000080000001000000F
:10934000002000000040000000800000000001003C
:1093500000000200000004000000080000001000EF
:10936000000020000000400000008000000000011C
:1093700000000002000000040000000800000010CF
:10938000000000200000004000000080FEFFFFFF02
:10939000FDFFFFFFFBFFFFFFF7FFFFFFEFFFFFFFFB
:1093A000DFFFFFFFBFFFFFFF7FFFFFFFFFFEFFFFAE
:1093B000FFFDFFFFFFFBFFFFFFF7FFFFFFEFFFFFDB
:1093C000FFDFFFFFFFBFFFFFFF7FFFFFFFFFFEFF8E
:1093D000FFFFFEFFFFFFFBFFFFFFF7FFFFFFEFFFBA
:1093E000FFFFDFFFFFFFBFFFFFFF7FFFFFFFFFFE6E
:1093F000FFFFFFFDFFFFFFFBFFFFFFF7FFFFFFEF9B
:10940000FFFFFFDFFFFFFFBFFFFFFF7F0008040C30
:10941000020A060E0109050D030B070F3031323326
:109420003435363738394142434445460000000060
:109430005094000800000020582100008008000817
:109440001098000858210020C80C0000A8500008FF
:10945000102200FF0CF300FF18E700FF5EA10305D8
:109460001445DE92673478A2FD27FF140100000046
:10947000FF14020610045503010D1302BB08110F5F
:109480001203084220081304031822040852001093
:109490001118200505BB550E3C12010833020118B6
:1094A00030040E02022830040E020320520F205214
:1094B0000F20520F20520F20520D70520D703004A9
:1094C0000D01034040040D0104205158520D585223
:1094D00005305205305205305205305205305205E4
:1094E00088130B10B822110811B0500512BB550A91
:1094F000E0200702A0A100004108A007A20000424E
:10950000BB000105FF2805182814085A004A01006D
:10951000020902123002152C0404FFA1B2C3300567
:1095200019301006A5710008C104101291850008B9
:1095300005860008A96700085D740008410410064C
:10954000D5660008751411E838040204087A080981
:10955000FFB8BBC7BFC3F1D6F78C0D2EB4031406FA
:10956000B97D0008556410067D4F00080D041407EE
:10957000D94C0008C54D6CBC044E0008DC031DF935
:1095800003253A2D010442020843A1A20843A2A3E5
:10959000082107210852A40852A51052011825736A
:1095A00007FF00BB9C0D2950051D2E04D7117488A0
:1095B000011F015755FF7146FF71500455FF030805
:1095C0005204085205085206085207085208085269
:1095D00009085210483D500306FFBBB60D20520348
:1095E00005FF22051A221C0C9001EE027C015A5A3A
:1095F00028002C02061C0AE96800081D6B0008659B
:10960000D8051E1DDC051006ED6A0008451412B1D0
:1096100018121108127904100645690008C92405BA
:10962000FF580D1958083C04010302D70310067DAA
:109630006F0008F5041FA570D0050EFF0CB2030DD6
:109640001F9009575504241DE7081F4D7200071E7F
:1096500073FC060AFF726C051B34EC09413142327F
:1096600043334434720622C8DE6D7E061C06760043
:1096700008B9774C081005790008F9041F957BE8B4
:10968000031D6408129D041E95BC094F757558088A
:1096900007FF1C946C0D1CD8031D070E1F617F185B
:1096A0000511041F898010051E810C051E7E0C0B00
:1096B00011041F2982E4030EFF00E4030522442164
:1096C000F11700E53007FFF983340D23E4031E0D85
:1096D0001D0A1C06056D0008FD9C070407FFB96EF6
:1096E0000008E96D380D23B00E1F658AB0081E888A
:1096F000800711041E95B00E176D893C11041209E4
:109700001012190C1006B187000825040EFFFFA0E7
:109710000E0D28A00E16F15417558D3C1104100E95
:10972000218E0008F18B0008698C0008DD0C12E125
:10973000081291081291141F898FB40E11040BFFA7
:109740005506A80D1FF8081B4D919C169044110456
:1097500007FF550A300D23DA0D1F3D3DD4035C0C85
:109760008400086159625A8D8D55073A0A0DFFC46D
:10977000030D1AC0131EF5F40912E9041ABD701086
:1097800006B1920008FA010FFFA1002E160D350652
:109790001205FF350D28851105FF210D21F8151043
:1097A0000A10014000440040004804124C041250CA
:1097B0000405FF380D20DE1391019D92031EFD87E5
:1097C000186DFE0ECE00E70405FF540D2484181D0D
:1097D000A80D2204040405FF06070809340D3316FA
:1097E000060D251B1805FF5C0D2E7207100AC0031D
:1097F000E0078002E007A0041007E000E007000196
:10980000081104AD191B06FF30580936B4000000DA
:040000050800018965
:00000001FF
