:020000040800F2
:10000000202E00209D010008A5010008A70100087E
:10001000A9010008AB010008AD01000800000000C4
:10002000000000000000000000000000AF01000818
:10003000B101000800000000B3010008B50100088C
:10004000B7010008B7010008B7010008B7010008B0
:10005000B7010008B7010008B7010008B7010008A0
:10006000B7010008B7010008AD250008B701000876
:10007000B7010008B7010008B7010008B701000880
:10008000B7010008B7010008B7010008B701000870
:10009000B7010008B7010008B7010008B701000860
:1000A000253E0008453E0008B7010008B7010008DA
:1000B000753E00082D3F0008B7010008B701000891
:1000C000B7010008B7010008B7010008B701000830
:1000D000B701000879440008D5440008B7010008BA
:1000E000B7010008B7010008B7010008B701000810
:1000F000B7010008B7010008B7010008B701000800
:10010000B7010008B7010008B7010008B7010008EF
:1001100069440008B7010008893F0008B53F00089E
:10012000B7010008B7010008B7010008B7010008CF
:10013000B7010008B7010008B7010008B7010008BF
:10014000B7010008B7010008B7010008B7010008AF
:10015000B7010008B7010008B7010008A54500086D
:10016000B7010008B7010008B7010008B70100088F
:10017000B7010008B7010008B7010008B70100087F
:10018000B7010008B7010008DFF80CD000F064FBED
:1001900000480047E95B0008202E00200648804701
:1001A00006480047FEE7FEE7FEE7FEE7FEE7FEE75C
:1001B000FEE7FEE7FEE7FEE7BD3D00088901000817
:1001C00040EA01039B0703D009E008C9121F08C0D9
:1001D000042AFAD203E011F8013B00F8013B521E59
:1001E000F9D27047D2B201E000F8012B491EFBD2D0
:1001F00070470022F6E710B513460A460446194632
:10020000FFF7F0FF204610BD10B5044604E00B7860
:1002100000F8013B03B1491C521EF8D2204610BD24
:10022000CAB2401E10F8011F8A4202D00029F9D13B
:1002300000207047421C10F8011B0029FBD1801AD6
:10024000704710B5002200E0521C835C8C5CA34216
:1002500001D1002BF8D1D8B2E1B2401A10BD03464B
:1002600011F8012B00F8012B002AF9D1184670472C
:100270002DE9FE4F804681EA0300C00F0C46009036
:1002800021F0004123F00045B8EB0200A94105D25E
:100290004046214690461C460B46024623F000404D
:1002A000104347D0270DC7F30A00C3F30A51029049
:1002B000401A019040286BDAC3F3130040F4801B0E
:1002C0000098924620B10023D2EB030A63EB0B0B9C
:1002D00001985946C0F14002504600F0C7F9064661
:1002E0000D4650465946019A00F0DFF910EB080020
:1002F0006141002487EA115284EAE7731A4340D02F
:10030000009A62B3019A012A4FEA075215DC001BDA
:1003100061EB02014FF0004202EA0752CDE90042D0
:10032000001C41F5801132462B4600F016FA03B04E
:10033000BDE8F08F40462146F9E7001B61EB020162
:10034000001C41F5801300185B412018A2F500172E
:1003500047EB030140EAD570B6196D4111E06D0815
:100360004FEA360645EAC0754FEA0752001B61EBBB
:100370000201001C41F5801149084FEA30000019C4
:10038000514132462B4603B0BDE8F04F00F0D6B9DC
:100390000098012240000023D0EB020263EBE073DF
:1003A000009821464FEAE074B8EB000061EB0401CD
:1003B000E9E783F000435BE781F0004158E72DE96E
:1003C000FE4F81EA030404F0004421F00041009450
:1003D0004FF0000B23F0004350EA01045ED052EAD4
:1003E00003045BD0C3F30A54C1F30A552C44A4F2AE
:1003F000F3340194A0FB0254C1F3130141F48011C2
:10040000C3F3130343F4801301FB024400FB034EC8
:10041000840A970A44EA815447EA8357A4FB076891
:1004200002958D0A05FB07854FEA932C04FB0C54BB
:100430002705029D4FEA065847EA1637B5EB08052F
:100440006EEB070C870E920E47EA811742EA831281
:10045000A7FB0201B6EB0B0164EB00042B0D43EA92
:100460000C335E1844EB1C50DA465146E7FB0201A0
:10047000C5F313044FEA0B3343EA14534FEA043233
:10048000019C43EA0603A4F10C040294009CCDE90C
:1004900000B400F062F903B0BDE8F08F002001461F
:1004A000F9E72DE9F04D81EA030404F0004B21F057
:1004B000004514464FF0000A23F0004150EA0502BF
:1004C00020D054EA01021DD0C5F30A570246C5F3F5
:1004D0001303C1F31300C1F30A5640F4801543F42B
:1004E0008013A7EB0608101BD64608F2FD3873EB05
:1004F000050002D308F1010801E092185B41B8F150
:10050000000F03DA00200146BDE8F08D00204FF413
:100510008011064684460EE0171B73EB050705D3D2
:10052000121B63EB050306434CEA010C49084FEA32
:10053000300092185B4150EA0107EDD152EA030006
:1005400012D082EA040083EA0501084305D0101B9B
:10055000AB4106D20122002306E000224FF0004307
:1005600002E06FF0010253101AEB06004CEB085149
:1005700010EB0A0041EB0B01BDE8F04D00F0DEB8D6
:1005800000F0004230F000400AD0C10D01F560716A
:10059000C0F3160042EA0151C208400711437047F8
:1005A00000200146704701F0004330B421F00041C3
:1005B00050EA010206D00A0DA2F56072C1F31301E0
:1005C000002A02DC30BC00207047440F44EAC1041A
:1005D000C100E01830BC00EBC25000F078B830B574
:1005E0000B46014600202022012409E021FA02F5F1
:1005F0009D4205D303FA02F5491B04FA02F528448B
:10060000151EA2F10102F1DC30BD2DE9F05F0546B7
:10061000002092469B4688460646814640241BE0C1
:10062000284641464746224600F02FF853465A4690
:10063000C01A914110D311461846224600F016F810
:100640002D1A67EB01084F4622460120002100F0D9
:100650000DF817EB00094E41201EA4F10104DFDC68
:10066000484631462A464346BDE8F09F202A04DB2F
:10067000203A00FA02F1002070479140C2F12003B5
:1006800020FA03F3194390407047202A04DB203AF4
:1006900021FA02F00021704721FA02F3D040C2F1A2
:1006A00020029140084319467047202A06DBCB17E9
:1006B000203A41FA02F043EAE07306E041FA02F31D
:1006C000D040C2F1200291400843194670470029EA
:1006D000A8BF7047401C490008BF20F001007047C8
:1006E00010B4B0FA80FC00FA0CF050EA010404BF28
:1006F00010BC704749B1CCF1200421FA04F411FA7E
:100700000CF118BF012121430843A3EB0C01CB1DC1
:100710004FEA00614FEA102042BF002010BC704732
:1007200000EBC35010440029A4BF10BC7047401C0C
:10073000490008BF20F0010010BC704710B5141E1E
:1007400073F1000408DA401C41F1000192185B418A
:100750001A4301D120F0010010BD2DE9F04D924661
:100760009B4611B1B1FA81F202E0B0FA80F2203278
:100770009046FFF77BFF04460F4640EA0A0041EA35
:100780000B0153465A46084313D0114653EA010061
:1007900019D0C8F140025046FFF777FF05460E46D4
:1007A000504659464246FFF761FF084305D00120F5
:1007B00004E020463946BDE8F08D0020054346EAB6
:1007C000E0762C4337430A986305E40AA0EB08005F
:1007D0000022FD0A44EA47540A3002D500200146AF
:1007E000E9E7010510196941DDE90845001969418A
:1007F000BDE8F04DA2E7C1F30A52C1F3130140F284
:10080000FF3341F480119A4202DA0020014670471A
:1008100040F233439A42A2F2334202DC5242FFF7E3
:1008200034BFFFF723BF000030B5041E71F1000490
:1008300004DB4FF00044404264EB0101141E73F1ED
:10084000000405DB1C464FF00043524263EB0403F7
:10085000994208BF904230BD064C074D06E0E06863
:1008600040F0010394E8070098471034AC42F6D3F7
:10087000FFF78EFC549400087494000870B58D182E
:1008800010F8014B14F0030201D110F8012B2311D1
:1008900006D110F8013B03E010F8016B01F8016B81
:1008A000521EF9D1ABB110F8012B04F00C048A1AD6
:1008B0000C2C03D0A2EB84129B1C08E010F8014B17
:1008C000A2EB0422F8E712F8014B01F8014B5B1E82
:1008D000F9D5A942D4D3002070BDCA430260704745
:1008E00021B1826842F00102826003E0826822F056
:1008F00001028260704700000021084A1168084A1E
:100900001140D0E900231A4383681A43C3681A438D
:100910001143044AC2F80413704700000423014045
:10092000E030FCFF0020014000B58DB001210846F9
:1009300002F0EEFE0121080202F01AFF40200190B1
:1009400003208DF8080000208DF80B0001A917483E
:1009500001F069FF0020039004900690059003A821
:10096000FFF7CAFF0121080202F012FF00214FF435
:10097000807002F00DFF00208DF8200007908DF8A8
:10098000210009900B9001208DF8300007A908483C
:1009900000F01EF8062301221946054800F042F82F
:1009A00001210348FFF79CFF0DB000BD000002408D
:1009B000002001400146C86C80B27047024600200A
:1009C00013680B400BB1012000E0002070470000CD
:1009D00030B50246002000235068104C20400D79AD
:1009E0000C6844EA05242043506090680C4C204079
:1009F000D1E903542C438D682C434D7944EA4504D6
:100A000020439060D06A20F470000C7D641EE4B234
:100A1000234340EA0350D06230BD0000FFFEFFFCDC
:100A2000FDF7FFC0F0B504460D4600200021092D5A
:100A300011DDE068A5F10A0606EB4607072606FA6F
:100A400007F18843A5F10A0606EB460603FA06F10C
:100A50000843E0600CE0206905EB4507072606FA2D
:100A600007F1884305EB450603FA06F108432061C8
:100A7000072A0FDA606B561E06EB86071F2606FA5A
:100A800007F18843561E06EB860605FA06F1084371
:100A9000606322E00D2A0FDA206BD61F06EB860773
:100AA0001F2606FA07F18843D61F06EB860605FACD
:100AB00006F10843206310E0E06AA2F10D0606EBA0
:100AC00086071F2606FA07F18843A2F10D0606EBFA
:100AD000860605FA06F10843E062F0BD816841F040
:100AE000804181607047000070B500232A4A127867
:100AF0000B2A03DA0022294C22704BE0002044E04C
:100B0000274A125C552A3ED1254C421CA25CEE2A93
:100B100039D100F10A02A25CBB2A34D12546841CDB
:100B20002D5D1F4EC41C345D2544041D345D2544D9
:100B3000441D345D2544841D345D2544C41D345D4D
:100B4000254400F10804345D2A19D41702EB14641B
:100B50002412A2EB0424E3B2344600F10902A25CA1
:100B60009A420DD1002105E00A180D4CA25C625496
:100B70004A1CD1B20B29F7DB0122084C227002E09B
:100B80000022064C2270421CD0B2034A12780A3A64
:100B90008242B5DA70BD00003C210020220800200E
:100BA0008C28002010B500F009F8012003F0B6F8F9
:100BB00000200149086010BDBC0243421CB5012160
:100BC000422002F0A5FD4020009001208DF8040095
:100BD00000208DF8060003208DF8050069460A48BC
:100BE00001F021FE4FF40040009001208DF8040038
:100BF00000208DF8060003208DF8050069460248A4
:100C000001F011FE1CBD00000004024010B502F00E
:100C10003BFF012008490860022004F0F1FE07486C
:100C2000D0F81C02C4B2002003490860022004F07E
:100C3000E7FE204610BD00009882404200804042FE
:100C400070B5044602F030FF00251BE004F080067A
:100C50001EB101200E49086002E000200C49086026
:100C60006006040E01200A49091F0860022004F0F2
:100C7000C7FE00200749C1F89802022004F0C0FE18
:100C8000681CC5B2082DE1DBFFF7C0FF70BD000096
:100C90009C8240420080404210B502F005FF0120D6
:100CA000094908600949C1F89802042004F0A8FE27
:100CB000002005490860042004F0A2FE002003493A
:100CC000C1F8980210BD00009C8240420080404262
:100CD00010B502F0E9FE002007490860012007492D
:100CE000C1F89802042004F08BFE0120024908603C
:100CF000042004F085FE10BD9C82404200804042EA
:100D000010B503F0F7FB10BD10B504460B48844244
:100D100009D10121480602F01BFD00214FF00070AF
:100D200002F016FD08E00121880602F011FD002105
:100D30004FF0806002F00CFD10BD00000064004028
:100D400010B50021837A012202FA03F13D4A1268AC
:100D500042F001023B4B1A603A4A1C3212688A4345
:100D6000384B1C331A60027BCAB9364A0C321268FF
:100D70008A43344B0C331A604288C38842EA0343E7
:100D8000304A4032847A42F834300288838842EA1A
:100D900003432C4A4032847A02EBC4025360027B44
:100DA000012A19D1274A0C3212680A43254B0C3309
:100DB0001A604288038842EA0343224A4032847A16
:100DC00042F83430C288838842EA03431D4A4032E5
:100DD000847A02EBC4025360C27A3AB9194A121DEE
:100DE00012688A43174B1B1D1A6006E0154A121D34
:100DF00012680A43134B1B1D1A60028932B9114A4B
:100E0000143212688A430F4B14331A600289012A84
:100E100006D10C4A143212680A430A4B14331A6082
:100E2000427B012A06D1074A1C3212680A43054B4D
:100E30001C331A60034A126822F00102014B1A6047
:100E400010BD0000006600401AB143690B434361C6
:100E500002E043698B434361704730B5024600208E
:100E60000023146824F002041460146844F00104A0
:100E7000146000E05B1C546804F001041CB94FF6D8
:100E8000FF74A342F6D1546804F001040CB90020A9
:100E90006CE08C79012C04D1146844F08004146057
:100EA00003E0146824F080041460CC79012C04D190
:100EB000146844F04004146003E0146824F0400413
:100EC00014600C7A012C04D1146844F020041460DE
:100ED00003E0146824F0200414604C7A012C04D13F
:100EE000146844F01004146003E0146824F0100443
:100EF00014608C7A012C04D1146844F00804146046
:100F000003E0146824F008041460CC7A012C04D1A6
:100F1000146844F00404146003E0146824F004042A
:100F200014608C78A407CD7844EA05640D7944EA0E
:100F300005444D7944EA05540D886D1E2C43D46157
:100F4000146824F001041460002300E05B1C546862
:100F500004F001041CB14FF6FF74A342F6D15468AB
:100F600004F001040CB1002000E0012030BD024675
:100F7000002019B9D36803F0030006E0012903D16A
:100F8000136903F0030000E00020704710B500F57E
:100F9000D87303EB01131B6803F004031372137A75
:100FA00053B900F5D87303EB01131B6840F2FF74CB
:100FB00004EA5353136009E000F5D87303EB0113FF
:100FC0001B686FF0604404EAD303536000F5D873E4
:100FD00003EB01131B6803F00203537200F5D8738F
:100FE00003EB01135B6803F00F03937200F5D873F2
:100FF00003EB01135B681B0AD37400F5D87303EB92
:1010000001139B68D37200F5D87303EB01139B683F
:101010001C0A147300F5D87303EB01139B681C0CB6
:10102000547300F5D87303EB01139B681B0E937385
:1010300000F5D87303EB0113DB68D37300F5D873A5
:1010400003EB0113DB681C0A147400F5D87303EB7F
:101050000113DB681C0C547400F5D87303EB011307
:10106000DB681B0E937421B9C36843F02003C3608F
:1010700003E0036943F02003036110BD10B502468D
:101080000020936803F08063B3F1806F00D110E01B
:10109000936803F00063B3F1006F01D1012008E011
:1010A000936803F08053B3F1805F01D1022000E028
:1010B0000420042874D002F5C07303EB00131B68EE
:1010C00003F0010402F5C07303EB00131C600B7AFC
:1010D0007BB94B7A0C8843EA445302F5C07404EBA5
:1010E00000142468234302F5C07404EB0014236049
:1010F00010E00B7A4C6843EAC4034C7A234302F5B0
:10110000C07404EB00142468234302F5C07404EB9C
:10111000001423608B7A03F00F038B7202F5C07307
:1011200003EB00135B6823F00F0402F5C07303EBBD
:1011300000135C6002F5C07303EB00135B688C7AEC
:10114000234302F5C07404EB001463608B7B1C0620
:101150004B7B44EA03440B7B44EA0323CC7A2343CE
:1011600002F5C07404EB0014A3608B7C1C064B7C5E
:1011700044EA03440B7C44EA0323CC7B234302F57B
:10118000C07404EB0014E36002F5C07303EB0013BA
:101190001B6843F0010402F5C07303EB00131C60ED
:1011A00010BD000010B50246002321B1012907D06F
:1011B00002290FD109E090681D4C00EA04030BE0FE
:1011C00090681C4C00EA040306E090681A4C00EAA0
:1011D000040301E0002300BF00BF184C181BA3420A
:1011E00016D007DC83B16FF08060184470B102281C
:1011F00018D111E0B0F5007F10D0114C204448B157
:10120000B0F5003F0ED10BE002230DE000230BE010
:10121000002309E0002307E0012305E0012303E0A8
:10122000012301E0002300BF00BFD8B210BD0000C1
:101230000300000400030008000003100001000880
:101240000001FFF72DE9F0410746884615460421C5
:10125000052001F06DF90021012003F011FD80212E
:101260000A2002F0D5FC002405E0395D092003F0D6
:1012700007FD601CC4B24445F7DB0321012003F0E5
:10128000FFFCFF2400BF052002F06CFB0646601E39
:10129000C4B21CB106F004000028F4D0222002F0F1
:1012A00061FB2870212002F05DFB68700020BDE822
:1012B000F08100002DE9FF4705460E464FF0000A79
:1012C00006B10DB94FF0010A9448007800F00F0004
:1012D000032801DD4FF0010A90480078C0F300199F
:1012E000BAF1000F19D000208DF80A008DF80B001C
:1012F00001208DF80C000020ADF80000ADF80200D0
:10130000ADF80400ADF80600ADF8080001208DF836
:101310000D006846FFF714FDFEE00020ADF8080060
:1013200001208DF80D004FF000080024F2E07B480A
:10133000007800F00F0030B101283BD002287BD0AC
:10134000032874D19CE000208DF80B008DF80C0070
:1013500035F824004B460022114600F0E1F8ADF8C4
:10136000020005EB840148884B460022114600F03C
:10137000D7F8ADF80600601CC0B20446B04213DADC
:1013800035F824004B460022114600F0C9F8ADF8AC
:10139000000005EB840148884B460022114600F00E
:1013A000BFF8ADF8040004E00020ADF80600ADF889
:1013B00004009CE001208DF80B0000208DF80C004B
:1013C00035F824004B460022114600F0A9F8ADF88C
:1013D0000200601CC0B20446B04207DA35F82400AF
:1013E0004B460022114600F09BF800E00020ADF8CB
:1013F0000600601CC0B20446B04207DA35F824008B
:101400004B460022114600F08BF800E00020ADF8BA
:101410000000601CC0B20446B04209DA35F824006E
:101420004B460022114600F07BF802E004E051E058
:101430000020ADF804005AE000208DF80B000120D8
:101440008DF80C0035F824004B460022114600F0C0
:1014500081F80746B8B2ADF80200380CADF80000CC
:1014600005EB840148884B460022114600F072F8D3
:101470000746B8B2ADF80600380CADF8040036E007
:1014800001208DF80B008DF80C0035F824004B4638
:101490000022114600F05EF80746B8B2ADF802002F
:1014A000380CADF80000601CC0B20446B04208DA47
:1014B00005EB840148884B460022114600F04AF8AB
:1014C00000E000200746B8B2ADF80600380CADF8D1
:1014D00004000CE00020ADF80200ADF80000ADF80B
:1014E0000600ADF8040034464FF0010A00BF00BF0B
:1014F0008DF80A806846FFF723FCB44202DA601CCC
:10150000C4B200E007E008F10100C0B280460D2837
:1015100000DB00E00BE700BFBDE8FF87C31E002033
:1015200010B50446C4F309040AB1102000E00020FD
:1015300002460BB1082000E00020034613B1C1F3BE
:10154000C13000E00020014642EA4410184308433D
:1015500080B210BD10B50446C4F309040AB10220DC
:1015600000E0002002460BB1042000E0002003460A
:1015700013B18803C00A00E00020014642EA44306B
:101580001843084310BD000010B500210148FFF7C3
:10159000EEFC10BD0064004070B50446002554B157
:1015A00000210648FFF7E3FC054625B1224600214D
:1015B0000248FFF7EBFC284670BD000000640040C5
:1015C0002DE9F04706460C4617469846DDF8209070
:1015D0004FF0000A15480760C0F804800020134946
:1015E0000872487208468472224631460B30FEF774
:1015F000E7FD0E490E48FFF741FD0546042D09D0D1
:101600004FF0010A29460A48FFF7CCFD012801D115
:101610004FF0020ABAF1010F04DBB9F1000F01D05B
:1016200089F800505046BDE8F087000030260020C1
:10163000006400400448006800F0E05008B1012058
:1016400070470020FCE700000864004000B500BFC0
:10165000FFF7F0FF0028FBD000BD10B501E000F05F
:1016600005F8FFF791FF0028F9D110BD10B5244807
:10167000FFF792FF2248C07C20B101280AD002283F
:1016800018D10FE01E48827A00F10B011D4801F0CD
:101690003EF824E01A48827A00F10B011A4801F062
:1016A00036F81CE01648827A00F10B01174801F069
:1016B0002EF814E01248C07C03280FDB1048C07CD1
:1016C00006280BDC0E48C07CC01E114901EBC0008F
:1016D0000B490B310A6802604968416000BF00BFD6
:1016E0000748C07C062809DC0548C07C094951F838
:1016F00020000949096808430749086010BD000037
:10170000A4270020582600206826002088260020D4
:10171000B827002030930008E41F002000B5034ADA
:101720005178107801F076FA00BD0000B82700204B
:101730007CB5012539E0002508221D491D4800F02F
:10174000D1FFC4B25CB1FFF781FF01A800234FF4C1
:101750007072214600901648FFF732FF01250822DB
:101760001349154800F0BEFFC4B25CB1FFF76EFF2D
:1017700001A800234FF42072214600900C48FFF787
:101780001FFF012508220A490C4800F0ABFFC4B234
:101790005CB1FFF75BFF01A800234FF428722146DC
:1017A00000900348FFF70CFF0125002DC3D17CBD3D
:1017B000E81F0020582600207826002098260020C8
:1017C000F8B5FFF737FF00285FD00026002559E065
:1017D0002E4890F9000030B101280ED002281ED00A
:1017E000032840D12DE000F05DF80746002F03DB11
:1017F0000126F8B200F07AF839E008222449254899
:1018000000F070FFC4B24CB10126234800234FF40E
:101810002072214600901E48FFF7D2FE27E00822E2
:101820001B491E4800F05EFFC4B24CB101261A48A5
:1018300000234FF42872214600901548FFF7C0FEA0
:1018400015E008221249164800F04CFFC4B24CB112
:101850000126114800234FF47072214600900C4875
:10186000FFF7AEFE03E0FF200849087000BF00BF8D
:1018700006480078401C40B20449087006B103E0F5
:10188000681CC5B2042DA3DD00BFF8BD1C200020DC
:10189000E81F0020782600201D2000209826002028
:1018A000582600204FF0FF30002109E001EB8102B3
:1018B000054B13F822200AB148B203E04A1CD1B20A
:1018C0000729F3DB00BF7047D8270020002007E07E
:1018D000002100EB8002044B03F82210411CC8B227
:1018E0000728F5DB70470000D8270020F8B504462C
:1018F000002004EB84050E4E06EB850500902B6955
:1019000004EB840506EB8505EA6804EB840516F80C
:10191000251004EB840506EB8505681CFFF750FED7
:10192000002004EB8401324602F82100F8BD0000DB
:10193000D82700202DE9F04104460F4615461E46E3
:10194000DDF81880072C1ADA04EB84000D4901F841
:10195000205004EB84010B4A02EB8101481C2A460B
:101960003946FEF72DFC04EB8400064901EB8000AC
:10197000C66004EB840001EB8000C0F81080BDE875
:10198000F0810000D827002010B50D4A32210D4803
:1019900000F02AF80C4A32210C4800F025F80C4AD5
:1019A00032210C4800F020F80B4A32210B4800F09D
:1019B0001BF80B4A32210B4800F016F810BD00004E
:1019C000A826002058260020DA26002068260020BD
:1019D0000C270020782600203E27002088260020A3
:1019E000702700209826002070B504460E46154644
:1019F0002660E5600021204600F0C3FE70BD0000B7
:101A000038B5FFF72AFE67E0FFF727FE002461E004
:101A1000344850F82400344909680840002857D059
:101A2000072C4CD2DFE804F0040C182427394500B9
:101A300000BF69462D4800F0B6FE0028F9D13EE00F
:101A400003E09DF8000000F04DFA6946284800F0D8
:101A5000AAFE0028F5D132E003E09DF8000000F076
:101A60008BFC6946234800F09EFE0028F5D126E055
:101A7000FFF754FE23E0204802F0EEFC1F490880E7
:101A800005E01E480088A0F561601C4908801B48DD
:101A90000088B0F5616FF4DA11E017480838007C6F
:101AA000022805D11448093002F0CEFC1449086020
:101AB00005E011480838007E012800D100BF00BFB2
:101AC000104850F824000849096808400649086091
:101AD000601CC4B2062C9BDD03480068002893D12B
:101AE00038BD000030930008E41F00205826002075
:101AF0006826002088260020C0270020F81F00202C
:101B0000F41F0020B093000810B5002006490860BB
:101B10000649087007210648FFF7CCFBFFF734FFA2
:101B2000FFF7D4FE10BD0000E41F0020C31E0020FC
:101B3000FA1F002070B5CB48007800285BD0CA4857
:101B4000006804F01DF8002855D1C8A003F07EFA03
:101B5000C948007855282AD1C7484078EE2826D1B0
:101B6000C5488078022822D1C348C4490978405C1E
:101B7000BB281CD1C1480078032832DBBE48C4789A
:101B8000A51DBE480078401CA8420FDB00F092FC67
:101B900018B10120BA49087005E0BAA003F056FA5E
:101BA0000020B74908700020AE49087019E0B2481B
:101BB000007855280DD1B0484078EE2809D1AE48BC
:101BC000807ABB2805D101F03DF90020A5490870B5
:101BD00007E0FEF789FFAA48007810B90020A14964
:101BE0000870A748007830B9A34880780A2802D046
:101BF00000209C490870A2480078002879D09E48AF
:101C00004078EE2876D19C488078072873D007DC8E
:101C1000072871D2DFE800F070142D304960880089
:101C200010286AD004DC082868D0092864D1D4E0E0
:101C300011286ED0A028F9D101209D49087008E133
:101C400001209B4948708C48C078012801D18870D8
:101C50000EE08948C078022803D101209449C87059
:101C600006E08548C078032802D101209049087118
:101C7000EFE001F023FCECE001208D4988717E4803
:101C8000C0788C4908707C48007948707A4840795F
:101C9000887079488079C8707748C079087176482B
:101CA000007A487100208871D3E001208049C87112
:101CB0007148C078804908706F48007948706E4854
:101CC000407988706C488079C8706B48C079087119
:101CD0006948007A4871BCE001207549087266487D
:101CE000C07801280BD1754908788A68022190478D
:101CF00019E0B5E0B1E033E0AAE085E04CE05E48F1
:101D0000C078022806D16D4948788A680221904738
:101D100009E090E05848C078032804D167498878E2
:101D20008A680221904794E0012061494872524834
:101D3000C078634908705048007948704E4840792F
:101D400088704D488079C8704B48C07908714A48FE
:101D5000007A4871002088715AA003F077F978E082
:101D60000120534988724448C07857490870424856
:101D7000007948704048407988703F488079C87041
:101D80003D48C07908713C48007A4871002088714C
:101D90004CA003F05BF95CE001204549C87236486D
:101DA000C07801280AD1344800794849087032487F
:101DB000407948703048807988700DE02E48C078AE
:101DC000022809D12C4800794049C8702A48407936
:101DD00008712948807948713BE001203449087333
:101DE0002548C0783A49087023480079487022484D
:101DF0004079887020488079C8701F48C079087180
:101E00001D48007A487124E00120294948731A4886
:101E1000C0783049087018480079487016484079F1
:101E2000887015488079C8701348C07908711248C5
:101E3000007A48710DE001201D4988730E48C07872
:101E4000254908700C48C17824A003F0FFF800E091
:101E500000BF00BF00200349087000200849087037
:101E600070BD00003D21002044210020416E6472BD
:101E70006F69642052783A008C2800203C210020B1
:101E8000220800204572726F723A20436865636BC6
:101E90005F5661726961626C654C656E5F5061632B
:101EA0006B6574206661696C65640D0A0000000052
:101EB0006C0600208006002087060020740E00209B
:101EC0008D06002025732000940600209B0600202C
:101ED000A1060020A7060020AD060020253032789C
:101EE0002000000010B504460F48007870B903F0D8
:101EF00041FE0A300D49086000200D4908700D4868
:101F0000097844540120084908700BE0084800781B
:101F1000C82807DA06480078401CC0B20449087097
:101F200004490C5410BD00003D2100204421002034
:101F30003C2100208C28002010B586B0FE48007897
:101F400000286ED0FD48006803F01AFE002868D112
:101F5000FB48407803280AD1F9488078012806D147
:101F6000F7480079052802D10120F6494872F44863
:101F70004078F5490978884205D0F1484078F2491F
:101F80004978884211D1EE488078032819D1EC486D
:101F9000C078012815D1EA484078EB490978884291
:101FA00004D1E7480079E74908728CE0E4484078BA
:101FB000E54949788842F8D1E1480079E149C8719A
:101FC00081E0DF48807803287DD1DD48C078022891
:101FD00079D1DB484078DC490978884240D1D8483B
:101FE0000079012806D1D6484079012802D1D54987
:101FF000887122E0D2480079022806D1D048407981
:10200000022802D1CF49887117E0CD480079012814
:1020100008D1CB484079022804D10320C9498871EE
:102020000BE087E1C6480079022806D1C448407910
:10203000012802D10420C3498871142101A8FEF7A8
:10204000D8F8C0488279C1A101A803F00FF801A80F
:10205000FEF7F0F8C4B2214601A801F06FFD32E0AE
:10206000B7484078B849497888422CD1B4480079BB
:10207000012806D1B2484079012802D1B1494871FE
:1020800021E0AF480079022806D1AD484079022806
:1020900002D1AC49487116E0A9480079012807D15E
:1020A000A7484079022803D10320A64948710AE0D5
:1020B000A3480079022806D1A1484079012802D11D
:1020C0000420A04948719E484078102825D19C489A
:1020D0008078102801D1012000E000209849C978BB
:1020E000012900D100E00021884216D194480079EE
:1020F000312803D10120934908710EE090480079FE
:10210000322803D102208F49087106E08C480079FB
:10211000332802D103208B490871894840780C2864
:1021200014D187488078012810D18548C0780128CB
:102130000CD183480079062808D18148407928B914
:1021400084480079012801D17E4988707C48407814
:102150000E2803D07A4840780F282CD17848407850
:102160000E2812D176488078012824D17448C0788E
:10217000012820D172484079E8B9714800790728D0
:1021800019D101206F49087015E06D4840780F287B
:1021900011D16B48807801280DD16948C078012899
:1021A00009D16748407930B965480079072802D1DC
:1021B00001206449487062484078062835D160485B
:1021C000807802280FD15E48C078634948715C4826
:1021D0000179614881715A4841795F48C171012094
:1021E0005849C87021E05648807803280FD15448D8
:1021F000C07859498870524801795748C170504891
:1022000041795548017102204E49C8700DE04C4893
:102210008078042809D14A48C0784F490870484856
:102220000079487003204749C8704548407807281E
:1022300007D143488078012803D14148C0784749F5
:1022400008703F484078012871D13D488078A02827
:1022500012D13B48C078012806D14149C8700846D0
:10226000C1684048884762E03548C07802285ED19E
:1022700001203B4988705AE031488078A12803D179
:102280002F48C078A22852D02D488078A22803D1A8
:102290002B48C078A3284AD029488078A32810D199
:1022A00001202F4908712648C0782F49087024481A
:1022B0000079487022484079887021488079C87038
:1022C00035E01F488078A42807D11D48C0782649EA
:1022D00008711B480079487129E019488078A528C1
:1022E00025D01748807801280AD11548C0781F49A1
:1022F000087013480079487011484079887016E0DA
:102300000F488078022804D10D48C0781849087019
:102310000DE00B488078032809D10948C078154999
:102320000870074800794870054840798870002097
:102330000149087006B010BD3F210020482100204F
:102340005429002046240020EC100020433A256444
:10235000200000009C0A002070130020FC150020C3
:10236000D00400200D050020F8040020FE04002009
:10237000040500200105002010B504460F48007830
:1023800070B903F0F7FB0A300D49086000200D49D1
:1023900008700D48097844540120084908700BE082
:1023A00008480078C82807DA06480078401CC0B200
:1023B0000449087004490C5410BD00003F2100205E
:1023C000482100203E210020542900207FB50546E9
:1023D0000C460121202001F0ABF90295ADF8044034
:1023E0000020ADF80600ADF80C008DF80E0001A934
:1023F0000D4801F01FFE37208DF8000000208DF8F9
:10240000010001208DF802008DF80300684600F0FD
:10241000D3FC01221146044801F0FCFD01210248D1
:1024200001F0DBFD7FBD00000014004010B5FFF798
:10243000E7FAFFF77DF9FFF7C3F910BD1CB50121DD
:102440004FF4C07001F064F9F020009000208DF886
:10245000040001208DF807006946144800F0E3F9F4
:102460004FF47040009001208DF8040000208DF89A
:10247000060001208DF8070003208DF8050069464D
:102480000B4800F0D0F92020009001208DF80400C6
:1024900000208DF8060001208DF8070003208DF83C
:1024A00005006946024800F0BEF91CBD002002404C
:1024B000001C024070B500231B480078042801DA94
:1024C000002070BD1948C17809B90020F9E7C22978
:1024D00001DD0020F5E78C1D13480078401CA04268
:1024E00001DA0020EDE7481D104D285CBB2801D023
:1024F0000020E6E70D488078CDB24319002206E0BF
:10250000101D0A4D285C184483B2501CC2B28A4286
:10251000F6DBDDB2081D054E305C854201D000209F
:10252000CFE70120CDE700003C2100208C280020CF
:1025300070B505460C460026284601F013FA0646FB
:1025400026EA0401284602F09BFB002070BD70B50E
:1025500005460C46002D06DB642D00DD6425052DA7
:102560000BDA052509E015F1640F01DA6FF0630558
:1025700015F1050F01DD6FF00405002C06DB642C5E
:1025800000DD6424052C0BDA052409E014F1640F46
:1025900001DA6FF0630414F1050F01DD6FF004043C
:1025A0002146284601F0D8FA70BD000010B5102071
:1025B00000F03CF8012825D11021134800F09EF9C5
:1025C000E8B90021114801F008FD114890ED000A1A
:1025D000B8EE400A0F4880ED000AD0ED000A9FEDEA
:1025E0000E1AB3EE040A10EE810A80ED000A90ED97
:1025F000000ABCEEC00A10EE100A0849088010203C
:1026000000F00EF810BD0000000402400010004071
:10261000501700204C170020F628DC3F54170020EC
:102620000149086070470000143C01400146002049
:10263000034A12680A400AB1012000E000207047F6
:10264000143C0140002123498279002A3AD00A46ED
:10265000126803689A430B461A600A1D12680368E1
:102660009A430B1D1A60027911440A6803681A43E1
:102670000A60184A0832126803689A43154B0833F7
:102680001A601A1D126803689A43124B0C331A60C1
:102690004279102A0ED11A1F126803681A430D4B93
:1026A00008331A601A1D126803681A43094B0C3369
:1026B0001A600DE00749427911440A6803681A4319
:1026C0000A6005E0027911440A6803689A430A60C7
:1026D00070470000003C014010B500F0E3FBFEF73E
:1026E00023F910BDF0B507460C461646002564B127
:1026F00006E06119384600F056F800B904E06D1C98
:10270000301EA6F10106F4D100BF2846F0BDF0B599
:1027100007460D461646002406E0295D384600F0BF
:102720006CF800B904E0641C301EA6F10106F4D177
:1027300000BF2046F0BD30B504460025204600F01D
:102740004AF870B1D4E90001401E814203D1A0686B
:1027500038B1012505E0D4E90101401C814200D0D7
:102760000125284630BD30B504460025204600F03E
:1027700032F820B1D4E90110884200D00125284662
:1027800030BD70B504460D4664B12068012809D9F2
:102790000020A0602068401E60602A462168E06832
:1027A000FDF720FD70BD70B504460D46002685B1CD
:1027B0002046FFF7C0FF60B16068401C6060216880
:1027C000884201D3002060606168E068405C287046
:1027D0000126304670BD0146002069B10A68012A11
:1027E0000AD9CA6842B10B688A689A4204D2D1E910
:1027F00000329A4200D20120704770B504460D465F
:1028000000262046FFF7AFFF58B1A168481CA06022
:10281000E06845542168A068884201D30020A06088
:102820000126304670BDF0B50A4600210023002481
:1028300000BF3DE0012505FA01F3156805EA030430
:102840009C4234D105684F000326BE40B543056065
:1028500015794E00B5400668354305601579012DA0
:1028600002D01579022D16D185684F000326BE408F
:10287000B543856055794E00B5408668354385601F
:10288000456801268E40B5434560456896798E407F
:10289000B6B235434560C5684F000326BE40B54318
:1028A000C560D5794E00B540C6683543C560491C42
:1028B0001029BFD3F0BDF0B5002300244D07ED0E65
:1028C00002FA05F3CE1000F1200555F826504E0708
:1028D000F70E0F26BE40B543CF1000F1200646F894
:1028E0002750CE1000F1200555F8265045EA030484
:1028F000CE1000F1200545F82640F0BD024600202C
:1029000013690B400BB1012000E0002070474183A8
:1029100070470183704742694A4042617047000036
:1029200010B502210848FDF7D8FF0748FEF7D6F892
:1029300000BF02210448FEF741F80028F9D0024800
:10294000FEF738F810BD00000020014070B50446C5
:102950000025002607E0FFF7E3FF0544052003F00C
:1029600025F8701CC6B2A642F5DBB5FBF4F080B2C8
:1029700070BD00000146002021B107290AD00829B6
:102980000ED10AE0074A5278064B1B7802EB03226D
:1029900090B205E0034A507802E0024A107800BF86
:1029A00000BF7047F01F002010B5154800780128BF
:1029B00010D101F04BF81349096888421ED300205A
:1029C0000F4908700320104908700021084601F0E3
:1029D000C3F813E00D48007801280FD101F036F854
:1029E00008490968884209D3002008490870032073
:1029F000054908700021084601F0AEF810BD00003E
:102A00008B1E0020A01E00208E1E00208C1E002089
:102A100000B589B00121212000F07AFE09220B21A6
:102A20004248FFF748FF09220C214048FFF743FFC7
:102A30004FF4C050079002208DF820008DF821003F
:102A400000208DF8220001208DF8230007A93748C7
:102A5000FFF7E9FE4FF48060079001208DF8200019
:102A600002208DF8210000208DF8220001208DF831
:102A7000230007A92E48FFF7D6FE002000F05EF8DD
:102A80000121480600F054FE2A48FEF73DF90020D7
:102A90008DF8160001208DF8170000208DF8180021
:102AA00001208DF8190000208DF81A0001208DF802
:102AB0001B0000208DF812008DF8130001208DF806
:102AC000140002208DF815000720ADF8100004A9AD
:102AD0001848FEF7C2F900208DF80A008DF80B00A7
:102AE00001208DF80C000020ADF80000ADF80200C8
:102AF000ADF80400ADF80600ADF8080001208DF82F
:102B00000D006846FEF71CF912200B49086048606A
:102B100000204872087201208872002202210548B4
:102B2000FEF792F9FEF7F0FF09B000BD0000024089
:102B300000140240006400406428002010B50446E0
:102B40002CB94FF480610548FFF7E1FE04E04FF433
:102B500080610248FFF7DDFE10BD00000014024056
:102B600010B5FFF763FC10BD10B504462CB14FF44F
:102B700080710548FFF7CDFE04E04FF480710248F4
:102B8000FFF7C5FE10BD0000002002401CB500206C
:102B9000009001904FF4A06000F04AF9A82002F0E4
:102BA000E7FE01F0A3FA00F03BF8FFF747FC01F065
:102BB000D2FFFFF72DFFFDF7F5FFFEF7A1F8FFF7B6
:102BC0008BFD01F057FE53210720FFF7FFFBA721E4
:102BD00040F2E73003F064F8A72140F2E73001F05B
:102BE000BDFA00F0D4FE0A49886880470849C868E1
:102BF000804701F0EFFF0821684600F031F8082116
:102C0000684600F0DFFF0821684600F0CFFF1CBDDA
:102C100074030020014A107051707047F01F0020AB
:102C20001CB50121202000F073FD4FF400600090DE
:102C300001208DF8040000208DF8060001208DF899
:102C4000070003208DF8050069460348FFF7EBFDF8
:102C50000120024908601CBD00140240AC824242BF
:102C60002DE9F041074688460020294908600920DF
:102C700002F09CFE01202749C1F8AC02042002F0BA
:102C800095FE4FF4FA7002F0BBFE00202049086068
:102C900000242EE0002528E0385D284100F00106E0
:102CA00076B900201A4908604FF40C7002F0A8FEB3
:102CB00001201849C1F8AC024FF40C7002F0A0FEDC
:102CC000012E10D10020124908604FF40C7002F060
:102CD00097FE01200F49C1F8AC0202F067FE40F2F6
:102CE000B22002F08DFE681CC5B2082DD4DB601C3A
:102CF000C4B24445CEDB0020054908604FF40C7097
:102D000002F07EFE01200349C1F8AC02BDE8F0816B
:102D1000AC8242420080424210B500F072FA08B123
:102D2000FE2010BD00F0FCF8022002F03FFE00F093
:102D3000FDF8412000F00AF808B1FE20F1E701207B
:102D4000014908700020ECE7001C002010B5044683
:102D5000412C25D108210846FFF7EAFB3D2111202F
:102D600001F08EFF8621172001F08AFF7F212620A7
:102D700001F086FF1E212D2001F082FF00212C2072
:102D800001F07EFF8D212A2001F07AFF3E212B20C9
:102D900001F076FF0A2002F009FE00F0C7F801E01A
:102DA000FF2010BD0020FCE702468A4201D9501ADC
:102DB0007047881AFCE7000070B5002100230F223D
:102DC000C4781CB3174C246804F4E064C4F5E064D0
:102DD000C4F30721C1F10404E3B20A4144789C40E2
:102DE000E1B28478144021430C07210E0E4C057883
:102DF0006155047804F01F050124AC4005786D117D
:102E0000AD0005F1E025C5F8004109E0047804F0C3
:102E10001F050124AC40054D0678761145F8264083
:102E200070BD00000CED00E000E400E080E100E097
:102E300002490143024A1160704700000000FA0590
:102E40000CED00E014498978134AD2781144124AF3
:102E500012791144104A527911440F4A927911445F
:102E60000D4AD27911440C4A127A8818C11700EB26
:102E700011610912A0EB0121084A11800648407A2D
:102E800011460988884203D101200549087002E0F3
:102E900000200349087070478C2800202608002075
:102EA0002208002010B52DED048BB0EE080A16485C
:102EB00080ED000A90ED000ADFED140A20EE200AF2
:102EC00080ED000A9FED120A124880ED000A90ED95
:102ED000000ADFED0E0A20EE200A10EE101A084656
:102EE000FDF74EFB41EC190B9FED0B0B53EC102B38
:102EF000FDF7D7FA41EC180BFDF755FB05490860C3
:102F0000BDEC048B10BD0000801800200000C842FA
:102F100000CC0D417C180020000000000070A7408C
:102F200010B503211420FFF703FB10BD10B51420CA
:102F300000F018FD044604F0030018B90321142022
:102F400000F066FE10BDF0B587B0054600270821E9
:102F50000846FFF7EDFA00210D2001F091FE8021D7
:102F60000E20FFF7E5FA93208DF8040020208DF85D
:102F7000050006A801AB022201A900900C2000F078
:102F800051F8064686B9002407E001A8005D2855DF
:102F900001A8005D4740601CC4B2042CF5DB01A809
:102FA000005DB84200D0FE2680210E2000F030FEE9
:102FB000304607B0F0BD2DE9F04387B006460F4616
:102FC000904699468DF804608DF80570002406E05F
:102FD00018F8041001AAA01C1154601CC4B2062CDD
:102FE000F6DB002407E019F8041001AA04F1080038
:102FF0001154601CC4B2062CF5DB06A801AB0C22F0
:1030000001A900900E2000F00DF805462DB908200A
:1030100000F0A8FC00F0080000B9FE25284607B023
:10302000BDE8F0832DE9FE4F0646884691469A4654
:10303000DDF830B0FE2002900020019000900C2EB0
:1030400006D00E2E09D1122001901020009005E02C
:10305000772001903020009000E000BF00BF019871
:1030600040F08001022001F00BFE80210420FFF7D8
:103070005FFA0021012001F003FE80210A2000F008
:10308000C7FD002505E018F80510092001F0F8FD3E
:103090006D1C4D45F7D33146012001F0F1FD0C2E9A
:1030A00003D180210D2000F0B3FD4FF4167500BF51
:1030B000042000F057FC04466D1E35B104F00100F9
:1030C00018B9009820400028F2D080210D20FFF789
:1030D0002FFA95B3062000F045FC00F01B0068BBFA
:1030E000002002900198204000F0010008B1FF206C
:1030F00002900C2E24D10A2000F034FC04460C204F
:1031000000F030FC00F007072FB1601E07EBC00095
:10311000CBF8000002E0E000CBF8000004B9012485
:10312000122C00DD1224002505E0092000F01AFC15
:103130000AF805006D1CA542F7D301E0FE200290BD
:1031400080210C2000F064FD0021012001F098FD99
:103150000298BDE8FE8FF0B587B006460D463020D8
:103160008DF804008DF805600DF10602022101A81A
:10317000FEF768F806A801AB042201A900900C2014
:10318000FFF750FF074677B9069890280BD1002427
:1031900004E001A8005D2855601CC4B2102CF8DBC7
:1031A0000020285500E0FE27384607B0F0BD70B576
:1031B00088B005460C4608210846FFF7B9F90721F3
:1031C0000D2001F05DFD0321142000F021FD8DF89C
:1031D000085007A802AB012202A900900C20FFF7BB
:1031E00021FF06464EB90798102806D19DF8080021
:1031F00020709DF80900607000E0FE26304608B09F
:1032000070BD10B500F08FFB08B1FE2010BD0F217E
:10321000012001F035FD3D21112001F031FD1E217D
:103220002D2001F02DFD00212C2001F029FD8D2104
:103230002A2001F025FD3E212B2001F021FD402117
:10324000152001F01DFD0020E0E770B588B00546AF
:1032500093208DF8080070208DF8090000208DF86B
:103260000E0000240BE0295D02AAA01C11549DF859
:103270000E00295D48408DF80E00601CC4B2042C7D
:10328000F1DB0DF10F02072102A8FDF7DBFF08219A
:103290000846FFF74DF907A802AB092202A90090E2
:1032A0000C20FFF7BFFE064626B90798182801D163
:1032B000002600E0FE26304608B070BDF0B587B0AD
:1032C00006460F46A0208DF804008DF805600DF12C
:1032D0000602022101A8FDF7B5FF06A801AB0422F2
:1032E00001A900900C20FFF79DFE054645B9069800
:1032F000042805D19DF8040000F00F000A2800D032
:10330000FE250DBB002404E0385D01A90855601CB2
:10331000C4B2102CF8DB05AA102101A8FDF792FF1A
:1033200006A801AB122201A900900C20FFF77AFE3B
:10333000054645B90698042805D19DF8040000F01B
:103340000F000A2800D0FE25284607B0F0BD000077
:1033500010B50320FFF7FAFA5149088008460088A3
:1033600000F0FCFC4E4908804E4801884C4800881B
:10337000FFF71AFD4C4908704A480088F0BB4B48DB
:10338000D0ED000A4648008800EE100AB8EE400A68
:1033900020EE800ABCEEC00A10EE100A40490880F8
:1033A0000846008800EE100AB8EE400A4048D0ED0A
:1033B000000AB4EEE00AF1EE10FA03D200203D4913
:1033C000087016E03648008800EE100AB8EE400A91
:1033D0003748D0ED000A30EE600ABCEEC00A10EEAD
:1033E000100A3449087008460078642801DD64201A
:1033F0000870304800783049087000E004E0084662
:103400000178012000F084FB2548008825490880C8
:10341000254800780A2842DD2448D0ED000A2048DB
:10342000008800EE100AB8EE400A20EE800ABCEEDA
:10343000C00A10EE100A1A4908800846008800EEFB
:10344000100AB8EE400A1A48D0ED000AB4EEE00ABD
:10345000F1EE10FA03D200201649087016E0104869
:10346000008800EE100AB8EE400A1148D0ED000ABC
:1034700030EE600ABCEEC00A10EE100A0D4908706A
:1034800008460078642801DD642008700948007847
:103490000949087008460178012000F039FB10BD89
:1034A00086180020881800208A1800207C18002028
:1034B00080180020841800207818002070B51F485C
:1034C0000178491C1EA001F0C1FD214D281FC678BE
:1034D000002410E0295D1FA001F0B8FD285D1F4900
:1034E000097801EBC10202EB01111D4A02EBC10197
:1034F0000855601CC4B2B442ECDB002017490978BF
:1035000001EBC10202EB0111154A02EBC1010855A2
:1035100014A001F09BFD11480078401C0F49087071
:103520000846007810490978884205DB0FA001F0B1
:103530008DFD01200F49487170BD00003C21002025
:10354000416E64726F69642052783A5B25645D0055
:103550009028002025303278200000002308002029
:10356000582100200D0A00004902002062626220FA
:10357000200000006C0600202DE9F04104460D46B5
:103580002046E11704EB91718910032202EB8101BF
:10359000CEB22B48FFF7D7FC00284FD12848FFF7C1
:1035A00054FE00284AD1264B264A31466020FFF7B8
:1035B00002FD002842D1B44204D100250D2122A0F1
:1035C00000F0BCFA022D01D0032D1BD12249204668
:1035D000FFF774FE18B9112120A000F0AFFA002700
:1035E0000EE0012022490860642002F0DFF900208B
:1035F0002049C1F89402642002F0D8F9781CC7B2BF
:10360000032FEEDB012D01D0032D17D11A492046DF
:10361000FFF7A1FD90B900270EE0012014490860D2
:10362000642002F0C3F900201249C1F8940264201A
:1036300002F0BCF9781CC7B2032FEEDBBDE8F081C5
:10364000031C0020071C0020414444525F45525295
:103650004F52210A00000000080D00205752495423
:10366000455F52464944202D204F4B0D0A00000073
:1036700094824342008043425024002010B586B01B
:1036800004460121084600F043F80121102000F013
:103690006FF8072209211B48FFF70DF907220A21BD
:1036A0001848FFF708F94FF4C060049002208DF825
:1036B000140000208DF8160001208DF8170003205B
:1036C0008DF8150004A90F48FFF7ADF8009400200D
:1036D000ADF80C000C20ADF80A000020ADF8080091
:1036E000ADF80600ADF804006946074801F04EF851
:1036F0000121054800F0E1FF00200449087006B0F0
:1037000010BD00000000024000100140001C00201D
:1037100029B1064A12680243044B1A6004E0034AC6
:1037200012688243014B1A60704700003038024033
:1037300029B1064A12680243044B1A6004E0034AA6
:1037400012688243014B1A60704700004038024003
:1037500029B1064A12680243044B1A6004E0034A86
:1037600012688243014B1A60704700002038024003
:1037700029B1064A12680243044B1A6004E0034A66
:1037800012688243014B1A607047000044380240BF
:1037900029B1064A12680243044B1A6004E0034A46
:1037A00012688243014B1A607047000024380240BF
:1037B000F0B5002100220024022500260223324F0A
:1037C0003F6807F00C0121B1042905D0082937D141
:1037D00005E02E4F076036E02D4F076033E02A4F9B
:1037E0003F1F3F68C7F38056274F3F1F3F6807F0D2
:1037F0003F036EB1264FB7FBF3F7DFF88CC0ACF197
:10380000040CDCF800C0CCF3881C07FB0CF40CE0C3
:103810001E4FB7FBF3F7DFF870C0ACF1040CDCF817
:1038200000C0CCF3881C07FB0CF4174F3F1F3F6808
:10383000C7F301477F1C7D00B4FBF5F7076002E08A
:10384000124F076000BF00BF0F4F3F6807F0F00145
:103850000909104F7A5C0768D74047600A4F3F68F4
:1038600007F4E051890A0B4F7A5C4768D7408760BC
:10387000054F3F6807F46041490B064F7A5C476883
:10388000D740C760F0BD0000083802400024F400B3
:1038900040787D015C1D002010B5044600200B49D6
:1038A00008700B4908700B4908700B4908700B49E8
:1038B00008700B49087001200A4908700A48046022
:1038C00001680068FEF743FE10BD00008E1E002058
:1038D0008B1E0020881E0020891E00208A1E0020CA
:1038E0008C1E00208D1E00209C1E002006480078A3
:1038F000012805D105480088401C0449088002E0E1
:103900000020024908807047C21E0020C01E00200F
:103910000148007870470000001C002010B51420FA
:1039200000F020F810BD38B5FE25002000900024DE
:1039300000BF12E0552000F051F942F210716846C4
:1039400000F032F838B9552000F048F9642002F050
:103950002DF8002503E0601C84B2642CEADB00BF74
:1039600068B238BD38B5044604F03F0040F080042A
:10397000204600F033F942F21071684600F014F866
:1039800005460DB1FF2038BD9DF80000FBE710B5DE
:103990004FF41650FFF772FE4FF4FA7002F006F87B
:1039A000FFF7BAF910BD000070B504460D4602F0ED
:1039B000E1F84FF4FA61B5FBF1F146180AE00A4864
:1039C000008800F0200028B1074800F049FF20706F
:1039D000002070BD304602F0D3F80028EFD1034933
:1039E00008700120F5E7000000100140001C0020D5
:1039F00010B5FEF7D9FF00F0E1FB10BD10B50020B7
:103A00000A4908700A4908700A4908700A4908708A
:103A10000A4908700A4908700A49087000210846D6
:103A200000F09AF800200849086010BD881E0020A8
:103A3000891E00208B1E00208C1E00208D1E002061
:103A40008E1E00201F0D0020A01E00200C480068C4
:103A50000C4A1268904205DD09480068094A12685C
:103A6000811A04E007480068054A1268811AB1F516
:103A7000004F02D94FF6FF70411A88B2704700001C
:103A8000F41F0020B41E00201CB5802000900020F0
:103A90008DF8040001208DF8070069460148FEF703
:103AA000C2FE1CBD000402401CB580200090012015
:103AB0008DF8040000208DF8060003208DF8050025
:103AC00069460248FEF7AFFE1CBD0000000402403C
:103AD00030B500228B071C0F0F2303FA04F20B4BA7
:103AE0008C1053F824309343084C8D1044F8253043
:103AF00023468C1053F824308C07240F00FA04F46A
:103B00002343024C8D1044F8253030BD0838014065
:103B10007CB505460C4603208DF8040001208DF885
:103B200005008DF8064000204FF4F073032201A930
:103B300000901046FDF7FEFE7CBD000070B5044607
:103B40000D462A4621460348FEF7E1FD642001F0B8
:103B50002DFF70BD582600207CB504460D46E0B20E
:103B60008DF80400E0B28DF80500E8B28DF806008B
:103B7000E8B28DF80700FDF75DFD78B1002003463F
:103B800020220421009001A8FDF71AFD0020202327
:103B9000024601A90090FDF7CDFE06E0002020239B
:103BA000042201A90090FDF7C5FE7CBD70B5044656
:103BB0000D462A4621460248FEF7A9FD70BD0000C9
:103BC0007826002070B504460D462A462146024854
:103BD000FEF79DFD70BD00009826002010B504463C
:103BE0000A48008800BF0948008800F080000128CA
:103BF000F9D02146054800F038FE00BF40210348B7
:103C000000F067FD0128F9D110BD0000001001404F
:103C100070B505460C4600262846FFF7A3FE06466B
:103C200046EA0401284601F02BF8002070BD000090
:103C30000CB50020019000903448006840F48030BA
:103C40003249086000BF3148006800F4003000903D
:103C50000198401C0190009818B90198B0F5A04F48
:103C6000F1D12A48006800F4003010B10120009022
:103C700001E0002000900098012846D12348403000
:103C8000006840F0805021494031086020480068B9
:103C900040F440401E4908601C48083000681B4939
:103CA000083108600846006840F400400860084693
:103CB000006840F4A05008601648091F0860081FFB
:103CC000006840F08070091F086000BF0F4800685E
:103CD00000F000700028F9D040F205700E4908602D
:103CE0000A480830006820F00300084908310860DD
:103CF0000846006840F00200086000BF0348083032
:103D0000006800F00C000828F8D10CBD0038024013
:103D10000070004019544007003C024010B50446B2
:103D2000FCF7BAFF4620FCF78BFF2046FCF788FF24
:103D3000FCF7CEFF10BD000010B5002408E00621FE
:103D40000548FEF78DFF642001F030FE601CC4B210
:103D5000032CF4DB10BD00000816002010B502464D
:103D600000230B48828200210BE0094C481C34F8E8
:103D7000100024F81100204630F81100184483B2D6
:103D8000491C0A29F1DB0A2093FBF0F080B210BD38
:103D9000F0250020042808D14FF0E021096941F006
:103DA00004014FF0E022116107E04FF0E0210969C2
:103DB00021F004014FF0E0221161704710B5154861
:103DC000006840F47000134908601348006840F030
:103DD00001001149086000200F49083108600E48B1
:103DE00000680E4908400C4908600D48091D08602C
:103DF000081F006820F48020091F08600020064981
:103E00000C310860FFF714FF4FF000600149803962
:103E1000086010BD88ED00E000380240FFFFF6FEAC
:103E20001030002410B50121054800F0E2F8012807
:103E300001D1FFF7DDFD0121014800F0CBF810BDF5
:103E40000040014010B50121084800F0D2F80128D7
:103E500006D107480068401C05490860FFF746FD89
:103E60000121024800F0B6F810BD000000440140F6
:103E7000541D002010B50121880700F0BAF8012870
:103E800040D123480078401C21490870214800781F
:103E9000401C2049087020480078401C1E490870CA
:103EA00008460078322804DB002008701B49886827
:103EB0008047174800780A2805DB0020144908705D
:103EC00017494868804713480078FA281ADB002011
:103ED000104908701348007850B14FF480611248BF
:103EE000FEF719FD4FF400610F48FEF714FD09E0DD
:103EF0004FF480610C48FEF70CFD4FF400610A4856
:103F0000FEF707FD0121880700F064F810BD0000EE
:103F1000AF030020B0030020B103002034170020BD
:103F200074030020A2030020001C024010B50121F0
:103F3000124800F05EF801281BD111480078401C9F
:103F40000F4908700F480078401C0E4908700C4853
:103F50000078022804DB002009490870FDF7ECFF17
:103F600008480078032804DB002006490870FDF7A4
:103F7000E1FD0121014800F02DF810BD00040040D2
:103F8000AD030020AE03002010B50121074800F06A
:103F900030F8012804D106480068401C0449086034
:103FA0000121024800F016F810BD0000001000408A
:103FB0005017002010B50121054800F01AF801281B
:103FC00001D1FEF7CDFD0121014800F003F810BD3D
:103FD00000140040CA430282704721B1028842F0B7
:103FE0000102028004E002884FF6FE731A4002804C
:103FF000704730B50246002000230024158A05EAE8
:104000000103958905EA010413B10CB1012000E018
:10401000002030BD1AB183890B43838102E083897C
:104020008B438381704701894FF6F87211400181FB
:104030007047000000220288184B98420ED0184B9F
:1040400098420BD0B0F1804F08D0164B984205D063
:10405000154B984202D0154B984204D14FF68F73FE
:104060001A404B881A43124B984207D0114B984282
:1040700004D04FF6FF431A400B891A4302804B6865
:10408000C3620B880385054B984202D0044B9842CB
:1040900001D18B7A0386012383827047000001409F
:1040A000000401400004004000080040000C0040F3
:1040B00000100040001400401CB501210420FFF74F
:1040C00027FB4FF40050009001208DF804008DF87C
:1040D000070069460448FEF7A6FB4FF4005102486A
:1040E000FEF717FC1CBD00000008024010B500F0F0
:1040F00005F8FFF7E1FF00F017F810BD1CB501212E
:104100004020FFF705FB4FF48070009000208DF8F1
:10411000040001208DF8070069460248FEF783FB82
:104120001CBD0000000002401CB501218020FFF7EB
:10413000EFFA4FF44060009001208DF804008DF8F4
:10414000070069460448FEF76EFB4FF440610248E1
:10415000FEF7DFFB1CBD0000001C02407FB50546DA
:104160000C4601214804FFF703FB0295ADF804401B
:104170000020ADF80600ADF80C008DF80E0001A986
:104180000D48FFF757FF19208DF8000000208DF82B
:1041900001008DF8020001208DF803006846FEF74B
:1041A0000BFE012211460448FFF734FF01210248AB
:1041B000FFF713FF7FBD00000044014010B50B481E
:1041C0000078012806D10820FEF7D4FBC4B22046AF
:1041D00000F010F80648807B38B10820FEF7CAFBD3
:1041E000C4B20348416B2046884710BD8D1E002095
:1041F000440900203EB504466946204601F0DFFC34
:10420000684601F0CAFCD0B1002084490870844996
:10421000087001208349087000210846FFF79CFCC4
:104220000120814908708148008881490880002068
:104230007E490880FFF70AFC7E490860BDE0E72C54
:1042400008D17D4800687D4908607B4800687C494A
:104250000860B2E0F72C01D0F32C0AD17648006850
:104260001E30764908607448006828387449086030
:10427000A3E0FB2C01D0F92C0AD16F48006828304C
:104280006E4908606C4800683C386D49086094E0ED
:10429000FD2C01D0FC2C0AD1674800683C306749EE
:1042A0000860654800685A386549086085E0FE2C5A
:1042B0000AD1614800685030604908605E48006873
:1042C00078385F49086078E0EF2C01D0CF2C0AD114
:1042D000594800681E305A49086057480068283815
:1042E0005649086069E0DF2C01D09F2C0AD1524862
:1042F00000682830524908604F4800683C384F49F0
:1043000008605AE0BF2C01D03F2C0AD14A4800680F
:104310003C304B490860484800685A3847490860B3
:104320004BE07F2C0AD14448006850304449086073
:10433000414800687838414908603EE004F01800C0
:10434000182805D104F08000A0B104F0010088B164
:10435000F82C0FD01F2C0DD0F02C0BD00F2C09D027
:10436000072C07D0C02C05D0032C03D0802C01D003
:10437000012C1AD100202949087001202949087010
:1043800000210846FFF7E8FB01202749087027486D
:1043900000882749088000202449088020490870A7
:1043A000FFF754FB2349086007E0234800682349CE
:1043B00008602148006822490860FF2C20D11E486F
:1043C00000681E4908601C4800681D4908601D48B7
:1043D0000088B0F5966F0DDD00201A490880002195
:1043E0000846FFF7B9FB00200C49087004200D496E
:1043F000087008E013480088401C1249088002E059
:104400000020104908800548007828B10C48016850
:104410000A480068FEF79BF83EBD00008D1E002094
:10442000C21E00208E1E00201F0D0020C01E002076
:10443000B01E0020A81E00209C1E0020941E0020FC
:10444000981E0020901E002002460021517810780E
:1044500040EA012108467047024600211178507851
:1044600040EA01210846704710B5024800F0D0FA32
:1044700010BD0000C425002010B51248007800BB14
:1044800040F22551104800F031F9012819D10E48A9
:1044900000F0E6F90D490E4A127888540C4800786D
:1044A000401C0B49087008460078022804DB0020F5
:1044B000087001200349087040F22551024800F0BD
:1044C000EDF810BD72180020001001407418002093
:1044D0007318002010B540F22551054800F006F988
:1044E000012804D140F22551014800F0D7F810BD51
:1044F0000044004000B587B001210420FFF708F90F
:1045000001212020FFF734F9082206212348FEF775
:10451000D2F9082207212148FEF7CDF9C0200590E5
:1045200002208DF8180000208DF81A0003208DF865
:10453000190001208DF81B0005A91848FEF773F932
:104540004FF4E13001900020ADF810000C20ADF8E0
:104550000E000020ADF80C00ADF80A00ADF8080020
:1045600001A90F4800F012F9012240F225510C4830
:1045700000F0E6F847208DF8000000208DF80100DB
:104580008DF8020001208DF803006846FEF714FC48
:104590000121034800F091F807B000BD0008024077
:1045A0000014014010B540F22551284800F09EF853
:1045B000002845D0254800F053F9254908702548C2
:1045C000007878B908460078552839D1012021496A
:1045D00008701F48007820490870002048708870D3
:1045E000C8702DE01B480078012807D10220194926
:1045F0000870174800781849487021E0154800787D
:10460000022807D103201349087011480078124985
:10461000887015E00F48007803280AD100200D4962
:1046200008700B4800780C49C87001200B490870CD
:1046300006E000200749087008490870064908701C
:1046400040F22551014800F029F810BD0014014046
:10465000131C0020141C0020151C00201D1C002011
:1046600010B504462146054800F0FFF800BF802140
:10467000024800F02EF80028F9D010BD00140140C7
:1046800070B505460E46002400BF04E0285DFFF724
:10469000E7FF601CC4B2B442F8DB70BD10B5002265
:1046A000002340F66A14A14200D100BF0A1201247F
:1046B0009440A3B2DC43048010BD21B1828942F44E
:1046C0000052828104E082894DF6FF731A40828194
:1046D000704702460020B1F5007F00D100BF13886B
:1046E0000B400BB1012000E00020704770B502467E
:1046F000002400230025002040F66A16B14200D1B4
:1047000000BFC1F3421501F01F03012606FA03F3AF
:10471000012D02D19689334006E0022D02D1168A7E
:10472000334001E0968A33400C12012606FA04F465
:104730001688344013B10CB1012000E0002070BD98
:10474000F0B50346002400260025002040F66A1735
:10475000B94200D100BF1846C1F3421401F01F0650
:10476000012707FA06F5012C01D10C3004E0022CD8
:1047700001D1103000E014301AB107682F430760F0
:1047800002E00768AF430760F0BD00002DE9FF4776
:1047900005460E460024A14600BFA046B08900B1E0
:1047A00000BF2C8A24F44054F08804432C82AC8946
:1047B00041F20C608443B088318908437189084311
:1047C0000443AC81AC8A24F44074B0890443AC82C5
:1047D0006846FEF7EDFF2048854202D01F4885421B
:1047E00002D1DDF80C9001E0DDF80890A88900F412
:1047F000004040B109EBC90000EB091031684900E5
:10480000B0FBF1F707E009EBC90000EB09103168D4
:104810008900B0FBF1F76420B7FBF0F00401200938
:10482000642101FB1078A88900F4004040B13220D7
:1048300000EBC800B0FBF1F000F00700044308E013
:10484000322000EB08106421B0FBF1F000F00F0003
:1048500004432C81BDE8FF87001001400014014093
:1048600001468888C0F308007047C1F308028280BF
:104870007047000010B512481249C1F8B00032214B
:104880001048C0F8B4100021C0F8B810C0F8BC102F
:10489000C0F8C0100C49C0F8C4100221C0F8C810FC
:1048A0000021C0F8CC10C0F8D010C0F8D4100421FA
:1048B00080F8D81000200549087000F009F810BDF4
:1048C000E024002014250020A8190020A7190020AA
:1048D00000B587B0012140F20910FEF719FF012150
:1048E0004FF42020FEF724FF082200214148FDF765
:1048F000E2FF072206214048FDF7DDFF00208DF88A
:104900001A0001208DF81B0002208DF818000120EC
:10491000059002208DF8190005A93648FDF783FFA0
:1049200002208DF818004020059005A93248FDF7B7
:104930007AFF00208DF81A0001208DF81B008DF8F9
:1049400018000002059002208DF8190005A92B48D7
:10495000FDF769FF0020FEF707F94FF416500190AC
:104960000020ADF80800ADF80A00ADF80C00ADF875
:1049700010000820ADF80E0001A92148FFF706FF3E
:1049800001211F48FFF799FE34208DF80000022016
:104990008DF8010001208DF802008DF803006846B3
:1049A000FEF70AFA4FF4165001900420ADF80E00FD
:1049B00001A91448FFF7EAFE26208DF80000022026
:1049C0008DF801008DF8020001208DF80300684683
:1049D000FEF7F2F9012240F225510A48FFF7B0FE36
:1049E00001210848FFF769FE07A000F02FFB07B080
:1049F00000BD000000000240000C02400020024008
:104A0000004C004000440040746573740A000000CC
:104A100010B5044694F82810374A52F8210040F2A5
:104A20002771FFF763FE18B3E068401CE060D4E92B
:104A30000210884209D2E1682068405C94F828108E
:104A40002D4A52F82110888009E094F828102A4A4B
:104A500052F82100002240F22771FFF771FE94F80E
:104A60002810254A52F8210040F22771FFF716FE60
:104A700094F82810204A52F8210040F22551FFF7FF
:104A800035FE30B301F076F8606294F828001A49D8
:104A900051F8200080881949087094F82810164AA7
:104AA00052F8210040F22551FFF7F8FDD4E9061035
:104AB000884207D211480178E269501CE0616069C0
:104AC000815406E00E49206A884202D2206A401CC6
:104AD000206294F82810084A52F821000821FFF7B4
:104AE000F8FD38B194F82800034951F82000808877
:104AF0000449087010BD0000CC1A0020C81A00201C
:104B0000F0FFFF7FC91A00200EB501218803FEF7D0
:104B10002FFE04210120FEF7DBFF10200190002072
:104B20008DF808000C208DF8090001208DF80A008E
:104B300001A8FDF787FD0A208DF8000001208DF8FF
:104B4000010000208DF8020001208DF80300684666
:104B5000FEF732F90EBD10B500F008F85321092018
:104B600000F064F8FFF7D0FF10BD00001CB5012174
:104B70000320FEF7CDFD00220E211448FDF79BFE19
:104B800000220D211148FDF796FE4FF400400090E1
:104B900001208DF8040000208DF8060001208DF81A
:104BA000070003208DF8050069460848FDF73BFE25
:104BB0001020009000208DF8040001208DF80700DF
:104BC00069460348FDF72FFE1CBD000000000240AF
:104BD0000004024010B5012010490860032000F0D5
:104BE0000FFF00200E49C1F8BC0201210D48FFF75C
:104BF000F4F901210B48FFF7EDF900200A4908609C
:104C00001E2000F0D3FE012004490860052000F0BA
:104C1000CDFE00210348FFF7E0F910BDBC02404281
:104C20000000404200100040501700207FB50546AC
:104C30000C4601211020FEF77BFD0295ADF80440E3
:104C40000020ADF8060001A90C48FFF7F3F9362063
:104C50008DF8000001208DF801008DF802008DF81C
:104C600003006846FEF7A8F8012211460348FFF743
:104C7000D1F900210148FFF7B0F97FBD00100040D5
:104C800070B504460D462946204600F001F870BD77
:104C9000F8B504460D46032704F03F04002714E04E
:104CA0002046FEF79BFF42F210716846FEF77CFE3D
:104CB000064646B99DF80000844203D12846FEF717
:104CC0008DFF04E00226781CC7B2032FE8DB00BF8B
:104CD0003046F8BD2DE9FC410746002000900190C8
:104CE0000025334801680091406801900020314957
:104CF000C87152E0A3208DF802002F4800788DF88B
:104D000003002D4840788DF804002B4880788DF8FA
:104D100005009DF805309DF804209DF803109DF8CE
:104D20000200DFF898C0DCF80060B04704468DF858
:104D300006402048C168684688474FF4967000F0E6
:104D400035FEA4208DF802001B48C0788DF80300C2
:104D5000194800798DF80400174840798DF805004E
:104D60009DF805309DF804209DF803109DF8020081
:104D7000DFF848C0DCF80060B04704468DF8064014
:104D80000C48C16868468847681CC5B24FF49670E5
:104D900000F00CFE052D00DB03E00648C07900287A
:104DA000A8D000BF00200349C871BDE8FC81000005
:104DB00025050020D0040020800600207403002078
:104DC0002DE9FC41074600200090019000241E4878
:104DD0000168009140680190A2208DF802001B48F4
:104DE000C0788DF80300194800798DF80400174841
:104DF00040798DF805009DF805309DF804209DF858
:104E000003109DF80200DFF848C0DCF80060B047EE
:104E100005468DF806500CE00E48C1686846884784
:104E2000601CC4B24FF4967000F0C0FD052C00DB8E
:104E300003E00848C0790028EED000BF00200549F3
:104E4000C871BDE8FC8100002D050020800600200F
:104E500074030020D00400202DE9F0418AB00646FA
:104E600028216846FBF7C5F90027B84616B90AB0ED
:104E7000BDE8F0813046FBF7DDF9C4B2142C00DD4B
:104E8000142455208DF8000002208DF80100A52083
:104E90008DF802008DF803402246314601A8FBF749
:104EA0008FF9022505E01DF805003844C7B2681CDB
:104EB000C5B2201DC0B2A842F5DCF9B2201D0DF824
:104EC0000010BB21601D0DF8001010E0A01DC1B244
:104ED0006846FEF777FE08F1010000F0FF084FF486
:104EE000967000F063FDB8F1050F00DB03E00548A4
:104EF000007A0028EAD000BF00200249087200BFF3
:104F0000B5E70000D00400202DE9FC41002000900E
:104F100001900024154801680091406801909DF8B7
:104F200005309DF804209DF803109DF80200104FF5
:104F30003E68B04705468DF806500CE00D48C16844
:104F400068468847601CC4B24FF4967000F02EFD8E
:104F5000052C00DB03E0074880790028EED000BF75
:104F6000002004498871BDE8FC8100001D05002077
:104F700074030020D00400202DE9FC4100200090A3
:104F8000019000241748016800914068019016487C
:104F900040788DF804009DF805309DF804209DF8B8
:104FA00003109DF80200114F3E68B04705468DF88A
:104FB00006500CE00E48C16868468847601CC4B2C1
:104FC0004FF4967000F0F2FC052C00DB03E008487B
:104FD00040790028EED000BF002005494871BDE8A7
:104FE000FC810000150500207013002074030020D0
:104FF000D004002010B500241DE004EBC40000EB39
:1050000004100F4911F8300050B904EBC40101EB52
:1050100004110B4A02EBC1000A4900F017FD00E041
:1050200008E0002004EBC40101EB0411044A02F87B
:10503000310000BF641C044800788442DDDB10BDF1
:1050400058210020B0230020490200200FB4054B56
:1050500010B503A9044A029800F0EEF810BC5DF800
:1050600014FB0000515B0008542100200FB4084BD2
:1050700010B504A902AA039800F0DEF8044602A9BC
:10508000002000F070FC204610BC5DF814FB00000E
:105090006759000802E008C8121F08C1002AFAD1A7
:1050A00070477047002001E001C1121F002AFBD1A8
:1050B000704700002DE9FF5F82B00021DDE9043078
:1050C000020DDDF840B0034318D044F61050A2F2B0
:1050D000FF3242431514119801281FD0A5EB0B0095
:1050E000401C5FEA000A4FF000064E4FDFF838918F
:1050F000B046504615D5CAF1000413E011980124BA
:105100004AA3012801D16FEA0B010298119AC0E964
:105110000031C0E9024206B0BDE8F09FCBF10000CB
:10512000DFE704460021404A491842EB0450CDE92C
:10513000001012E0E00707D032463B4640464946A1
:10514000FBF73DF98046894632463B4610461946F4
:10515000FBF735F906460F466410002CEAD1DDE96D
:105160000401DDE90023BAF1000F06DAFBF727F9A5
:1051700042464B46FBF723F905E0FBF792F942461E
:105180004B46FBF78EF904460E460022284BFBF7F0
:105190004BFB03D84FF0FF30014607E00022254BC0
:1051A00020463146FBF764F8FBF725FB102409E0A5
:1051B000002C0ADB0A220023FBF727FA039B30327C
:1051C0001A55641E50EA0102F2D1641C039AC4F11C
:1051D00011031444119A012A03D0012208430DD16E
:1051E0000AE0084304D000204FF0110B119072E741
:1051F000A3EB0B056D1E0DE05B4504DD4FF00002D7
:1052000005F1010504E003DA4FF00002A5F1010504
:10521000002AECD002981199C0E90231C0E900459A
:1052200079E70000000014400000F03F300000006B
:105230000000F0430000E03F2DE9FF4F95B09B4692
:105240008946064600250FE2252877D10024274607
:10525000F84A0121059400E0044316F8013F203B81
:1052600001FA03F01042F7D130782A2811D06FF0FC
:105270002F033078A0F13002092A16D8059A44F09D
:10528000020402EB820203EB42021044761C0590FA
:10529000EFE759F8042B0592002A03DA504244F450
:1052A0000054059044F00204761C30782E2816D164
:1052B00016F8010F44F004042A280DD06FF02F02D5
:1052C0003078A0F13003092B09D807EB870302EBF4
:1052D0004303C718761CF3E759F8047B761C307833
:1052E0006C280FD006DC4C2817D068280DD06A280F
:1052F00014D104E0742810D07A280FD10DE044F4C2
:1053000000140AE044F4801401E044F4401472787C
:10531000824202D104F58014761C761C307866280F
:105320000BD013DC582877D009DC002875D045282D
:10533000F6D04628F4D047281AD19DE118E063281A
:1053400035D0642879D0652812D195E1702873D0C2
:1053500008DC6728F1D069286FD06E280DD06F283F
:1053600006D1B5E073282CD0752875D0782874D074
:105370005A46179990476D1C75E1C4F302500228F4
:1053800009D003280DD0D9F8001004280DD00D60E5
:1053900009F1040967E1D9F80010EA17C1E90052E0
:1053A000F6E7D9F800100D80F2E70D70F0E719F874
:1053B000041B8DF8001000208DF80100EA46012042
:1053C00003E059F804AB4FF0FF3061074FF00001E4
:1053D00002D40DE008F101018846B9420FDA804598
:1053E000F8DB1AF808100029F4D108E008F10101EF
:1053F00088468142FADB1AF808100029F6D1059890
:105400005B46A0EB080721463846179A00F094FA4D
:10541000284400EB080507E04DE029E10DE01AF80B
:10542000010B5A4617999047B8F10108F7D25B462D
:1054300021463846179A13E142E00A220092C4F34B
:1054400002524FF0000A022A08D059F804CB032A6E
:105450004FEAEC710AD00DE029E02AE009F10701DA
:1054600021F00702F2E802C1914609E00FFA8CFC34
:105470004FEAEC71042A03D14FFA8CFC4FEAEC712D
:10548000002907DA0A460021DCF1000C61EB020179
:105490002D2202E0220504D52B228DF804200122C2
:1054A00003E0E20701D02022F7E7904659E00A2105
:1054B00002E010220DE010214FF0000A00910BE0F5
:1054C00010224FF0000A44F004040827009203E081
:1054D00008224FF0000A0092C4F30252022A05D0BB
:1054E00059F804CB0021032A08D009E009F107018B
:1054F00021F00702F2E802C1914605E01FFA8CFC98
:10550000042A01D10CF0FF0C4FF00008220728D527
:10551000702806D0009B83F0100353EA0A0305D0DD
:105520000EE040228DF80420012208E05CEA01022E
:1055300006D030228DF804208DF805000222904616
:10554000009B83F0080353EA0A030AD15CEA0102D4
:1055500001D1620705D530228DF804204FF00108F3
:105560007F1E582804D034A003900EA802900DE0AE
:1055700036A0F9E753466046009AFBF746F88446A2
:105580000398825C0298401E029002705CEA01005F
:10559000F0D1029806A9081A00F1200A600702D586
:1055A00024F4803400E00127574502DDA7EB0A0010
:1055B00000E0002000EB0A01009005984144401AE9
:1055C0000590E00306D45B462146179A059800F043
:1055D000B3F90544002706E001A85A46C05D1799B3
:1055E00090476D1C7F1C4745F6DBE0030CD55B46FE
:1055F0002146179A059800F09FF9054404E03020F1
:105600005A46179990476D1C0099481E0090002932
:10561000F5DC08E0029802995A460078491C02918C
:10562000179990476D1CBAF10001AAF1010AF1DC4B
:1056300065E1000009280100303132333435363756
:1056400038396162636465660000000030313233CE
:10565000343536373839414243444546000000006E
:1056600000F058F90544761C307800287FF4ECAD42
:1056700019B02846BDE8F08F620700D4062709F16B
:10568000070222F0070CFCE80223E14603F0004881
:105690005FEA080C02D00FF2702C0DE05FEA045CA8
:1056A00002D50FF2682C07E05FEAC47C02D00FF24B
:1056B000602C01E0AFF2700C4FF0FF3823F0004394
:1056C000CDF850C065280CD006DC452809D0462806
:1056D0001DD047283DD13DE0662818D067287ED1EF
:1056E00038E00021112F01DB112000E0781CCDE90A
:1056F000000106A90EA8FFF7DDFCDDE90F010E9AF7
:1057000003910021009207F1010A04914DE04FF04E
:1057100000400097CDE9011006A90EA8FFF7CAFCCA
:10572000DDE90F0203920E9B11990022DDF80CA017
:105730000093049211B9791C00EB010AB7EB0A003F
:1057400004D4C0F1FF3007F1010A0490AAEB07006E
:10575000019044E0012F00DA01270021112F01DD23
:10576000112000E03846CDE9000106A90EA8FFF798
:10577000A1FCDDE90F010E9A039100210491009232
:10578000BA4621070CD40399514500DA8A46BAF18A
:10579000010F05DD009AAAF10101515C302908D002
:1057A000B84202DA10F1040F06DA0121CDE9011046
:1057B00015E0AAF10101E9E7002805DC049901449C
:1057C0000491AAEB000102E0411C514500DD8A462C
:1057D0000499401A401C01904FF0004002902007AD
:1057E00004D40198504501DBCDF8048000208DF8E9
:1057F0004F0002980DF14F07B0F1004F25D02B203C
:105800000E9002984FF0020800280CDA40420290F5
:105810002D200E9007E00A210298FAF7E0FE3031C1
:10582000029007F8011DB8F10001A8F10108F2DCAF
:1058300002980028EFD1791E0E980870307800F099
:10584000200040F0450007F8020D12A8C01B00F12F
:1058500007081498007800B1012000EB0A010198B4
:1058600001EBE07105984144401A401E0590E003A9
:1058700006D45B462146179A059800F05DF805446A
:105880001498007818B15A46179990476D1CE00398
:1058900024D55B462146179A059800F04DF805443B
:1058A0001CE00498002807DBDDE90301884203DDE2
:1058B0000098405C179901E0179930205A469047AC
:1058C000049805F10105401C04900198401E0190C8
:1058D00004D12E205A46179990476D1CBAF1000149
:1058E000AAF1010ADDDC05E017F8010B5A46179909
:1058F00090476D1CB8F10001A8F10108F4DC5B468B
:105900002146179A0598ABE62D0000002B000000F9
:10591000200000002DE9F041044600251E461746F0
:10592000880404D405E039462020B0476D1C641E6D
:10593000F9D52846BDE8F0812DE9F041044600255F
:105940001E469046C80301D5302700E02027880472
:1059500004D505E041463846B0476D1C641EF9D5B4
:105960002846BDE8F0810A68531C0B601070704730
:1059700010B504466FF00400FEF70CFAE11704EBD3
:105980005171C1F3C701074A11701046007800EB4E
:105990004001C1EBC0104FF6FF7101EAC00002499F
:1059A000088010BD321C0020341C0020014601B9C3
:1059B0007047124A12884A434FF0E0235A6100228E
:1059C0009A611A46126942F001021A6100BF4FF053
:1059D000E022106900F001021AB100F48032002ABE
:1059E000F5D04FF0E022126922F001024FF0E023DF
:1059F0001A6100229A6100BFDAE70000341C00201F
:105A00000146114A12784A434FF0E0235A610022BE
:105A10009A611A46126942F001021A6100BF4FF002
:105A2000E022106900F001021AB100F48032002A6D
:105A3000F5D04FF0E022126922F001024FF0E0238E
:105A40001A6100229A617047321C00202DE9F05F34
:105A500083460F4628215846FAF7E2FB05462921DE
:105A60005846FAF7DDFB8046002425B1B8F1000F57
:105A700001D0A84503D800203870BDE8F09FA8EBFE
:105A80000500461E322E00DB31263246691C2046B8
:105A9000FAF7BAFB0020A0552046FAF7CBFB00F03E
:105AA000FF0A4FF00009002016E0215C412902DBCB
:105AB000215C5A2905DD215C61290BDB215C62290F
:105AC00008DCB9F1030F05DC235C49464A1C02F0EF
:105AD000FF097B54411CC8B25045E6DB0120CCE7EE
:105AE00070B502460B46002100200AE0145C302C01
:105AF00006DB145C392C03DC165C0C46491C1E5575
:105B0000401C145C0CB13129F0DB0020585409B161
:105B1000012070BD0020FCE770B502460B46002155
:105B200000200AE0145C312C06DB145C342C03DC0E
:105B3000165C0C46491C1E55401C145C0CB13129E6
:105B4000F0DB0020585409B1012070BD0020FCE7B3
:105B500070B504460D46A1B20548FEF786FE00BFAB
:105B600080210348FEF7B5FD0028F9D0204670BD1E
:105B7000004C00400148006870470000541D0020A0
:105B800000B50146FFF7F6FF884203D2FFF7F2FFA8
:105B9000091A00E00021084600BD0246002300214A
:105BA00009E0505C302804D15B1C042B02DB01208F
:105BB00070470023491C0829F3DB0020F8E710B5E3
:105BC000024607200AE00123834013400BB1312332
:105BD00000E03023C0F107040B55401E0028F2DA24
:105BE0000020087210BD0000FCF7D0FFFFF7C2FFD5
:105BF000C83024490860FFF7BDFFC830224908605B
:105C000000210846FDF7A8FF20A0FFF71FFA37E0A4
:105C100020490869804700F0A9F81A480068FFF792
:105C2000AFFF30B9FFF7A6FFC83016490860FDF78F
:105C30008FFB15480068FFF7A3FF08BBFFF79AFF2B
:105C4000C83011490860FDF763FE50B9FDF79FFEAB
:105C50001148006808B9012000E000200E490860E2
:105C60000EE000200C4908600C48D0F8B00208B9DA
:105C7000012000E0002008491C310860FDF74EFEBD
:105C8000C6E700001C01002020010020726573653A
:105C90007400000074030020948243420080434259
:105CA0007FB505460C4601210804FDF761FD02950C
:105CB000ADF804400020ADF80600ADF80C008DF8FA
:105CC0000E0001A90D48FEF7B5F918208DF8000067
:105CD00001208DF8010000208DF8020001208DF8D0
:105CE00003006846FDF768F8012211460348FEF7F5
:105CF00091F901210148FEF770F97FBD0040014094
:105D00002DE9F04104460D462046FAF793FA06467F
:105D1000002223E0A05C302805DB392803DCA0F159
:105D20003003D9B210E0412805DB462803DCA0F19E
:105D30003703D9B208E0612805DB662803DCA0F14F
:105D40005703D9B200E00BE0074B1F881B885B1C90
:105D5000DFF814C0ACF80030E955521CB242D9DB70
:105D600000BFBDE8F0810000901E002010B59EB07D
:105D7000642105A8FAF73DFAFE480078102874D28D
:105D8000DFE810F0730010003400AE001D01700158
:105D900046027202DE0217034303D00303041D040C
:105DA0008204A60400200490F3480221426804A85B
:105DB0009047F14A507891688847C820FFF7F6FD70
:105DC000EE49086A80474FF49670FFF7EFFDEB4805
:105DD000026BEB480188EB48007890474FF4C8709D
:105DE000FFF7E4FD0220E349087010E21020E649C5
:105DF00088700120C870E5480169E34888470020A1
:105E0000E2498871E249087011E04FF4FA70FFF737
:105E1000CDFD4FF4FA70FFF7C9FDDD480078401C56
:105E2000DB490870084600781E2800DB03E0D748ED
:105E300080790128E9D100BF0020D4498871D54874
:105E4000C169D5488847C820FFF7B0FDD148C1696E
:105E5000D1488847C820FFF7A9FDCD4800782828F9
:105E600004DB0020CA49087020E0BCE30020039056
:105E7000049003A9C848FFF743FF9DF80D009DF863
:105E80000C1040EA0110C54908709DF80F009DF8FC
:105E90000E1040EA0110C14948709DF811009DF8AC
:105EA000101040EA0110BD49887000BF002406E0D0
:105EB000BA48015DBAA0FFF7C9F8601CC4B2032C50
:105EC000F6DBAE48026BAE480188AE4800789047DA
:105ED0004FF49670FFF76AFD0320A6490870FCE3B3
:105EE000B6484468B6480378B6480278B6480178A0
:105EF0000D20A0474FF49670FFF758FDB34AD078B5
:105F00009168884713E04FF4FA70FFF74FFD4FF4A4
:105F1000FA70FFF74BFD9E480078401C9C490870C2
:105F200008460078052802DB0020087003E0974847
:105F300040780128E7D100BF002094494870084606
:105F40008078012807D100208870A049C878CA68E5
:105F50000121904721E08D48C078012808D1002018
:105F60008A49C8709949C878CA680321904714E0E3
:105F700086480079012808D1002084490871934996
:105F8000C878CA680221904707E000207F4908715D
:105F90008E49C878CA680221904788488468884832
:105FA000037888480278884801780D20A0474FF48C
:105FB0009670FFF7FBFC04206E4908708DE34FF4E8
:105FC000FA70FFF7F3FC4FF4FA70FFF7EFFCFEF7FF
:105FD00001FE4FF4FA70FFF7E9FC4FF4FA70FFF797
:105FE000E5FC4FF4FA70FFF7E1FC7948018879A0ED
:105FF000FFF72CF87148036A7148027871480178FC
:106000007148007898475D484FF48C718269192077
:1060100090474FF4FA70FFF7C9FC6848036A684874
:1060200002786848017868480078984753484FF4E8
:106030008C718269192090474FF4FA70FFF7B6FC13
:106040005E48036A5E4802785E4801785E480078E0
:1060500098474A48FA218269192090470520454906
:1060600008703AE301205D49C870484801695B48FF
:1060700088474FF4FA70FFF799FC4FF4FA70FFF776
:1060800095FC4FF4FA70FFF791FCFEF7B3FF3F4821
:106090004079002856D139484FF49671C2691420CE
:1060A00090474FF4FA70FFF781FC4FF4FA70FFF756
:1060B0007DFC00204A4908703448016947488847F8
:1060C0004FF4FA70FFF772FC4FF4FA70FFF76EFCB2
:1060D0004FF4FA70FFF76AFCFEF78CFF2B4840790B
:1060E00050BB2648C821C269192090474FF4FA7066
:1060F000FFF75CFC4FF4FA70FFF758FC00203849BA
:10610000087022480169354888474FF4FA70FFF754
:106110004DFC4FF4FA70FFF749FC4FF4FA70FFF7AB
:1061200045FCFEF767FF1548C82182691920904792
:106130004FF4C870FFF73AFC10484FF4967182692B
:10614000142090474FF49670FFF730FC0F484079C9
:1061500028B901200D49487122A0FEF777FF0B48AE
:106160004079012850D10020084948711C49087025
:106170003CE0000048020020DC0B00204409002025
:106180004602002044020020FE0600206C0600208B
:1061900052020020D004002080060020550200207A
:1061A000576972656C6573735F4B616971696D6185
:1061B0003A25303278200D0A000000002C0D002016
:1061C0004C0200204B0200204A020020B80F0020A1
:1061D000541700206469733A25642000B606002035
:1061E000230800206161612020000000FEF702FF0B
:1061F000FD49FEA0FEF72AFFFE49FCA0FEF726FFA0
:10620000FD49FAA0FEF722FF0620FC49087064E26F
:10621000FB4800884FF6FF7303EA4001F948426AE1
:10622000F948007890474FF49670FFF7BFFBF548A8
:106230004FF47A7142691E2090474FF49670FFF731
:10624000B5FBEF4800884FF6FF7303EA4001ED48C5
:10625000826AED48007890474FF49670FFF7A6FBEE
:106260000720E649087038E2E6484FF496718269E3
:1062700019209047E549086880474FF4FA70FFF706
:1062800095FBE349C8688047002409E04FF4FA70A1
:10629000FFF78CFB4FF4FA70FFF788FB601CC4B269
:1062A000052CF3DBD7484FF49671C2691E20904746
:1062B000D34800884FF6FF7303EA4001D148426A91
:1062C000D148007890474FF49670FFF76FFBCD48A8
:1062D00001691E2088474FF49670FFF767FBC94895
:1062E0004FF4FA71C269142090474FF49670FFF78B
:1062F0005DFBC4480169142088474FF49670FFF78E
:1063000055FBC04840F2622182691E209047BD487B
:1063100040F2622182691E2090474FF49670FFF789
:1063200045FBB849086A80474FF4FA70FFF73EFB17
:106330004FF4FA70FFF73AFB0820B0490870CCE13F
:10634000B448416AB44888474FF4FA70FFF72EFB0F
:106350004FF4FA70FFF72AFB4FF4FA70FFF726FBB1
:106360004FF4FA70FFF722FBA54800884FF6FF7341
:1063700003EA4001A348426AA348007890474FF4DB
:106380009670FFF713FB9F49086A80474FF4FA7035
:10639000FFF70CFB9B48026B994801889A480078EC
:1063A00090474FF49670FFF701FB0920934908705E
:1063B00093E1C820FFF7FAFAFDF7BEFC97A000684A
:1063C0000490974804A9426901209047C820FFF72C
:1063D000EDFA934804A9426901209047C820FFF7CD
:1063E000E5FA8848C26A864801888748007890475D
:1063F000C820FFF7DBFA8349086A8047C820FFF707
:10640000D5FA0A207D49087067E102208549C870E5
:10641000854801698348884700208349487288720B
:106420008249087011E04FF4FA70FFF7BFFA4FF499
:10643000FA70FFF7BBFA7D480078401C7B49087072
:1064400008460078322800DB07E07748407A0128C8
:1064500003D07548807A0128E5D100BF0020724939
:10646000487288720390049071A00068029071A035
:10647000006801906D4800783C2803DB00206B49E0
:10648000087036E003A96C48FFF73AFC9DF80D0050
:106490009DF80C1040EA0110C0B28DF808009DF87C
:1064A0000F009DF80E1040EA0110C0B28DF80900EF
:1064B0009DF811009DF8101040EA0110C0B28DF84F
:1064C0000A005E4800783038C0B240F0F0008DF825
:1064D00004005A4840783038C0B240F0F0008DF8DF
:1064E0000500564880783038C0B240F0F0008DF892
:1064F00006004B4802A9426902209047C820FFF7D6
:1065000055FA4F480221426801A890474A494DA0D8
:10651000FEF79CFD49494BA0FEF798FD0B2037493B
:106520000870DAE0002407E04B49086980476420DE
:10653000FFF73CFA601CC4B2032CF5DB00203B499A
:10654000087016E04FF4FA70FFF730FA4FF4FA7063
:10655000FFF72CFAC820FFF729FA34480078401CCE
:106560003249087008460078642802DB0020087071
:1065700003E03948C0780028E4D000BF0020364945
:10658000C8700C201D490870A7E01D4800884FF610
:10659000FF7303EA40011B48426A1B48007890479A
:1065A0004FF49670FFF702FA2C49C86880474FF401
:1065B0009670FFF7FBF90D20104908708DE028490F
:1065C0000878CA6801219047C820FFF7EFF90C4806
:1065D00000884FF6FF7303EA40010A48426A0A48FE
:1065E000007890473EE077E0B023002025730D0A45
:1065F00000000000E22300201424002048020020B4
:1066000046020020440900204402002034170020E4
:106610007013002024120020812400205A8D8D0048
:10662000740E0020DE0600206C06002052020020BE
:10663000A1D2E300F3F5F1008D06002094060020BE
:10664000DC0B00204772617068436F756E743A25E9
:1066500073200D0A00000000D00400209C0A0020D6
:10666000EC1000204FF49670FFF7A0F91C48016968
:10667000012088471A490878CA681A49097890475A
:106680000E201949087028E01848816800208847C2
:10669000C820FFF78BF91548816800208847C8207B
:1066A000FFF784F91248016801208847C820FFF7E6
:1066B0007DF90F4841680F488847C820FFF776F9F1
:1066C0000B4841680B4888470F200749087004E0D1
:1066D00010200549087000E000BF00BF1EB010BDCB
:1066E000EC1000200405002048020020DC0B0020F4
:1066F000CC1400205502002070B5024600231AE099
:10670000002012E032F81060451C32F81550AE42FD
:1067100009DD32F81040451C32F8155022F81050AF
:10672000451C22F81540451CE8B24D1EED1A854265
:10673000E8DC5D1CEBB24D1E9D42E1DC70BD00004B
:1067400070B505460C460F480560006841420D488B
:1067500000684042FBF7FBFE06E04FF42F70FFF7A6
:1067600025F9A4F52F7084B2B4F52F7FF5DA204611
:10677000FFF71CF900210846FDF7EEF96420FFF74A
:1067800015F970BD9C1E002070B505460C460E48DC
:10679000056001680068FBF7DAFE06E04FF42F7031
:1067A000FFF704F9A4F52F7084B2B4F52F7FF5DA62
:1067B0002046FFF7FBF800210846FDF7CDF96420DD
:1067C000FFF7F4F870BD00009C1E002010B51548BE
:1067D000807928B10022134B9A710320022100BF57
:1067E0001048C07910B100200E49C8710D48007AD8
:1067F00028B100200B4908720BA0FEF727FC0948BE
:10680000407A68B1002007494872012007490870A2
:106810000748006808B9012000E00020044908602A
:1068200010BD0000980300204633000048020020FD
:10683000BC82434270B504460D466420FFF7B6F8AB
:1068400008480460016800684042FBF780FE284663
:10685000FFF7ACF800210846FDF77EF96420FFF74A
:10686000A5F870BD9C1E002070B504460D4664203E
:10687000FFF79CF808480460016800684042FBF795
:1068800066FE2846FFF792F800210846FDF764F9F6
:106890006420FFF78BF870BD9C1E002070B5054684
:1068A0000C466420FFF782F8094805600068414201
:1068B00007480068FBF74BFE2046FFF777F80021FA
:1068C0000846FDF749F96420FFF770F870BD000035
:1068D0009C1E002070B505460C466420FFF766F844
:1068E000094805600068414207480068FBF72FFE31
:1068F0002046FFF75BF800210846FDF72DF96420DC
:10690000FFF754F870BD00009C1E002010B504462F
:1069100000200D4908700D4908700D4908700D4997
:1069200008700D4908700D49087001200C49087065
:106930000C48046001680068FBF709FE00BF0248CC
:1069400000780128FBD110BD8E1E00208B1E002078
:10695000881E0020891E00208A1E00208C1E002018
:106960008D1E00209C1E002010B50446FF2C0AD16D
:1069700000206049887301205F49087000210846A3
:10698000FDF7EAF886E0E72C08D15C4800685C492E
:1069900008605A4800685B4908607BE0F72C01D02A
:1069A000F32C0AD155480068143055490860534803
:1069B00000682838534908606CE0FB2C01D0F92CA2
:1069C0000AD14E48006828304D4908604B4800689D
:1069D0003C384C4908605DE0FD2C01D0FC2C0AD10C
:1069E000464800683C3046490860444800685A38C8
:1069F000444908604EE0FE2C0AD1404800685030FF
:106A00003F4908603D48006878383E49086041E0E9
:106A1000EF2C01D0CF2C0AD1384800681430394906
:106A200008603648006828383549086032E0DF2CB5
:106A300001D09F2C0AD131480068283031490860C4
:106A40002E4800683C382E49086023E0BF2C01D056
:106A50003F2C0AD1294800683C302A490860274861
:106A600000685A382649086014E07F2C0AD1234870
:106A70000068503023490860204800687838204971
:106A8000086007E01D4800681D4908601B48006851
:106A90001C490860FF2C20D118480068184908607C
:106AA000164800681749086017480088B0F5966FC7
:106AB0000DDD00201449088000210846FDF74CF840
:106AC00000201249087004200B49087008E00E48A5
:106AD0000088401C0C49088002E000200A49088018
:106AE0000448807B28B10748016805480068FBF727
:106AF0002EFD10BD440900208E1E00209C1E00208B
:106B0000941E0020981E0020901E00208D1E002044
:106B100010B56420FEF74AFF084A907A1169884749
:106B20006420FEF743FF05484FF4CD7182691E20B3
:106B300090476420FEF73AFF10BD00004409002092
:106B400070B505460C4600201E4908701E490870A5
:106B50001E4908701E4908701E4908701E490870B9
:106B600001201E4908701E48056000201D4908804C
:106B700001201D4908701A4801680068FBF7E7FC0E
:106B800013E018480088A0420FDB00210846FCF7FC
:106B9000E3FF0020134908801349087001200949C8
:106BA000087000200D49087003E0064800780128AD
:106BB000E7D100BF4FF4FA70FEF7F8FEFCF71EFFB6
:106BC00070BD00008E1E00208B1E0020881E00203D
:106BD000891E00208A1E00208C1E00208D1E002091
:106BE0009C1E0020C01E0020C21E002010B50446BE
:106BF000002008490870012007498873074804608D
:106C000001680068FBF7A3FC00BF02480078012878
:106C1000FBD110BD8E1E0020440900209C1E0020C8
:106C20002DE9FC4704460020009001900027002534
:106C300000268046364988714871364903C9CDE936
:106C400000010D2C03D10D208DF8010004E0052C6E
:106C500002D105208DF8010002208DF802008DF888
:106C6000030000208DF804008DF805009DF8053024
:106C70009DF804209DF803109DF80200DFF898901D
:106C8000D9F800C0E04707468DF806700D2C20D1DA
:106C90000EE008216846FCF795FFC820FEF786FE47
:106CA000681CC5B20A2D03DD1CA0FEF7CFF903E076
:106CB000174880790028ECD000BF15488679314606
:106CC00017A0FEF7C3F90020114988713046BDE8CE
:106CD000FC87052C19D10BE008216846FCF772FFF0
:106CE000C820FEF763FE681CC5B20A2D00DD03E074
:106CF000074840790028EFD000BF054890F805808C
:106D00000020034948714046E1E70020DFE700002A
:106D10004624002000110020740300204E4F000084
:106D2000523A2564200000002DE9FC47044600206B
:106D3000009001900025324903C9CDE900010D2CD6
:106D400003D10D208DF8010004E0052C02D10520AF
:106D50008DF8010002208DF8020001208DF803005B
:106D600000208DF804008DF805009DF805309DF891
:106D700004209DF803109DF80200DFF88890D9F8F0
:106D800000C0E04706468DF806600D2C19D10BE0D7
:106D900008216846FCF716FF6420FEF707FE681C12
:106DA000C5B2032D00DD03E01748007A0028EFD0BC
:106DB00000BF1548077A0020134908723846BDE81D
:106DC000FC87052C19D10BE008216846FCF7FAFE78
:106DD0006420FEF7EBFD681CC5B2032D00DD03E067
:106DE0000948C0790028EFD000BF074890F8078015
:106DF00000200549C8714046E1E70020DFE70000B8
:106E000000110020740300204624002070B50646BF
:106E100030484FF448714269192090474FF4FA7096
:106E2000FEF7C4FD2B484FF44871C2691920904702
:106E30004FF4FA70FEF7BAFD26484FF448714269E4
:106E4000192090474FF4FA70FEF7B0FD21484FF437
:106E50004871C269192090470025002435E01E487A
:106E60008168304688470546012D04D0032D10D097
:106E7000042D28D11FE034B916484FF4C871C269F7
:106E80001E20904704E0012C01D0022C00D10225E5
:106E90001AE03CB901240F484FF4FA71C2691E2070
:106EA000904707E0012C05D10A484FF49671C2695A
:106EB0001C20904708E002240648C821826912205D
:106EC0009047022500E000BF00BF022DC7D1FCF7AC
:106ED00095FD70BD44090020EC1000202DE9FC4117
:106EE00004460D460020009001902A4903C9CDE9CF
:106EF00000010D2C03D10D208DF8010004E0052CBC
:106F000002D105208DF8010001208DF802008DF8D6
:106F1000035000208DF804008DF805009DF8053021
:106F20009DF804209DF803109DF80200DFF868C06A
:106F3000DCF80070B84706468DF80660002708E0C8
:106F400008216846FCF73EFE6420FEF72FFD781C02
:106F5000C7B2032FF4DB11484168204688470D2C47
:106F60000AD102E0C820FEF721FD0C484168204606
:106F70008847A842F6D10BE0052C09D102E0C820D1
:106F8000FEF714FD0548416820468847A842F6D11F
:106F9000BDE8FC810011002074030020EC100020EB
:106FA0002DE9FC410446002000900190184903C9D6
:106FB000CDE9000108208DF80200012C03D1012049
:106FC0008DF8030010E0022C03D101208DF804009D
:106FD0000AE0032C03D102208DF8030004E0042C06
:106FE00002D102208DF804009DF805309DF80420A0
:106FF0009DF803109DF80200064F3E68B047054615
:107000008DF8065008216846FCF7DCFDBDE8FC81E0
:10701000B00A00207403002010B501202749087130
:1070200034E02748807801280ED1C820FEF7BEFC46
:10703000002023498870214908712249086A804745
:10704000C820FEF7B3FC25E01E484FF4AF71C269BB
:1070500014209047C820FEF7A9FC19488078012821
:107060000ED1FA20FEF7A2FC0020154988701349C2
:1070700008711449086A8047C820FEF797FC09E0A8
:1070800010484FF4AF718269142090470C48807803
:107090000028C6D000BF0A48807801280DD1FA2008
:1070A000FEF784FC002006498870044908710549F0
:1070B000086A8047C820FEF779FC10BD9C0A0020B2
:1070C00046240020440900202DE9F04105460E46E3
:1070D000174601203549087142E03548807801287B
:1070E00015D1C820FEF762FC0020314988702F4975
:1070F0000871304844683048037830480278304896
:1071000001781E20A047C820FEF750FC2CE02D4837
:107110004FF4C871C26914209047C820FEF746FC9E
:1071200023488078012815D1FA20FEF73FFC002083
:107130001F4988701D4908711E4844681E4803781D
:107140001E4802781E4801781E20A047C820FEF77E
:107150002DFC09E01B484FF4C87182691420904748
:10716000134880780028B8D000BF114880780128E3
:1071700019D1FA20FEF71AFC00200D4988700B493E
:1071800008711048B4218269282090470948446852
:107190000948037809480278094801781E20A04769
:1071A000C820FEF703FCBDE8F08100009C0A002027
:1071B000462400202C0D00204C0200204B02002011
:1071C0004A0200204409002070B50446661816449F
:1071D000F018C61700EB16663612A0EB0626F5B2BD
:1071E000284670BD1F4909681F4AD2F8142241EA97
:1071F00042011D4AD2F8182241EA82011A4AD2F805
:107200001C2241EAC20141F0F001C943C8B217494A
:10721000497841400140154A11701146487009787B
:107220009278114011B10121104A91710F490978EA
:107230000E4AD278114011B101210C4AD1710B498B
:1072400009780A4A1279114011B10121074A1172D5
:1072500006490978054A5279114011B10121034AC2
:1072600051727047100244420000444298030020CB
:107270002DE9FC4104460D460020009001901D4977
:1072800003C9CDE90001012D03D101208DF80200D1
:1072900004E0022D02D102208DF8020020788DF842
:1072A000030060788DF80400A0788DF805009DF843
:1072B00005309DF804209DF803109DF80200DFF8CA
:1072C00038C0DCF80070B84706468DF80660002725
:1072D00008E008216846FCF775FC6420FEF766FBB1
:1072E000781CC7B2032FF4DB4FF4FA70FEF75EFB95
:1072F000BDE8FC81D40B0020740300202DE9FC4183
:107300000446002000900190234903C9CDE9000103
:1073100004208DF8020000208DF80300642094FB07
:10732000F0F00A2190FBF1F201FB1200C0B28DF8DF
:1073300004000A2094FBF0F100FB114194FBF0F0F3
:107340000A2290FBF2F302FB130001EB0010C0B223
:107350008DF805009DF805309DF804209DF8031078
:107360009DF802000D4F3D68A84706468DF806605F
:10737000002508E008216846FCF724FC6420FEF79D
:1073800015FB681CC5B2032DF4DB4FF4FA70FEF751
:107390000DFBBDE8FC810000D40B0020740300202D
:1073A0002DE9FC4105460020009001901F4903C9CA
:1073B000CDE9000103208DF8020000208DF80400C3
:1073C0008DF8050025B1012D06D0022D0CD107E066
:1073D00000208DF8030007E001208DF8030003E092
:1073E00002208DF8030000BF00BF9DF805309DF816
:1073F00004209DF803109DF802000D4F3E68B04731
:1074000004468DF80640002608E008216846FCF78F
:10741000D9FB6420FEF7CAFA701CC6B2032EF4DB57
:107420004FF49670FEF7C2FABDE8FC81D40B002041
:10743000740300202DE9F041044663792279E17854
:10744000A078074F3E68B0470546A5710821204641
:10745000FCF7ACFB6420FEF7A9FABDE8F081000060
:107460007403002030B58DB005466846F8F7E2FE9B
:10747000C4B221466846FCF761FB0DB030BD000088
:1074800070B58EB004460D462B46224606A101A8D3
:10749000FDF7ECFD01A8F8F7CDFEC6B2314601A814
:1074A000FCF74CFB0EB070BD434D44322D333A20F7
:1074B0002523782D2523780030B589B00446202176
:1074C00001A8F8F796FE2B495220FBF770FE002822
:1074D0004ED100210846FCF73FFB002026490870EA
:1074E0004FF4FA70FEF762FA01212046FCF744F8E7
:1074F0002248F8F79FFE48B921480078401C2049EF
:10750000087020491D48F8F7AAFE24E01E48F8F745
:1075100091FE70B91B491948F8F793FE48B1184815
:107520000078401C1649087016491748F8F797FE6E
:1075300011E01648F8F77EFE68B912491248F8F7CC
:1075400080FE40B10E480078401C0D4908700D497E
:107550000E48F8F784FE0B4A0DA101A8FDF786FD41
:1075600001A8F8F767FEC5B2294601A8FCF7E6FABC
:1075700009B030BD011C00208D1E0020A124002078
:10758000250D002050240020B2240020C324002018
:107590002573200D0A0000002DE9F04105460F4635
:1075A0009046FBF72EFEFBF7C1FC2A495220FBF761
:1075B000FEFD00284CD101212846FBF7DDFF2649BE
:1075C00026A0FDF743FD00262348F8F733FEC6B298
:1075D00000242AE02048005D2B281BD01E48005DB7
:1075E0002D2817D01C48005D2A2813D01A48005DAA
:1075F0002F280FD01848005D5E280BD01648005D7C
:10760000282807D01448005D292803D01248005DBF
:10761000252808D1112210491448F8F7D1FD01207E
:107620001349087003E0601CC4B2B442D2DB00BF4F
:107630000F480078012805D1112207490B48F8F7B7
:10764000BFFD04E0112204490A48F8F7B9FD00BF64
:10765000BDE8F081011C0020502400205245414427
:107660005F53746F72653A25730D0A007124002010
:10767000520D00208124002070B505460C46FCF711
:10768000BDF94948007810B92846FCF705F966E0CD
:1076900046495220FBF78BFD002860D100210846A7
:1076A000FCF75AFA0020424908704FF4FA70FEF7CE
:1076B0007DF94048007810B93F48047010E03D481B
:1076C0000078012804D13D4800783B49087007E064
:1076D00038480078022803D13948007836490870C4
:1076E000012135480078FBF747FF3648F8F7A2FD3F
:1076F00048B930480078401C2E490870324931485A
:10770000F8F7ADFD24E03148F8F794FD70B92E4943
:107710002C48F8F796FD48B126480078401C2549CA
:10772000087029492948F8F79AFD11E02848F8F728
:1077300081FD68B924492548F8F783FD40B11D480B
:107740000078401C1B4908701F492148F8F787FD45
:107750002846FCF7A1F84FF4FA70FEF727F9124813
:107760000078012894D11048007801281AD11948CE
:10777000C1691148007888471748C82182692820C4
:1077800090471448C1690C48007888471248C821BE
:107790008269282090470F48C169074800788847C8
:1077A000FCF72CF970BD00001F0D0020011C00200B
:1077B0008D1E0020250D0020510D00204C020020C0
:1077C0004D020020A124002050240020B2240020DB
:1077D000C32400202C0D0020440900202DE9F0478F
:1077E00080460D4616461F46FCF708F944480078C7
:1077F00010B94046FCF750F8FBF703FDFBF796FB8A
:1078000043E040495220FBF7D2FC00283DD1002143
:107810000846FCF7A1F900203B49087001212846E1
:10782000FBF7AAFE39493AA0FDF710FC4FF000091A
:107830003648F8F7FFFC00F0FF0900241CE033484D
:10784000005D2B280BD03148005D2D2807D02F4834
:10785000005D2A2803D02D48005D2F2805D1112274
:107860002A492F48F8F7ACFC04E0112227492D489B
:10787000F8F7A6FC601CC4B24C45E0DB4046FCF7C0
:107880000BF8C820FEF792F800BF1D4800780128C9
:10789000B7D11B480078012830D14FF4FA70FEF7B9
:1078A00085F821483A463146036A284698471F48DA
:1078B0004FF48C718269192090474FF4FA70FEF7EB
:1078C00075F819483A463146036A284698471748DA
:1078D0004FF48C718269192090474FF4FA70FEF7CB
:1078E00065F811483A463146036A284698470F48DA
:1078F000FA21826919209047FCF780F8BDE8F087EB
:107900001F0D0020011C00208D1E0020502400208F
:10791000524541445F53746F72653A25730D0A00F6
:1079200071240020812400202C0D00204409002017
:107930002DE9F04706460D4690469946FCF75EF85D
:10794000FBF75FFCFBF7F2FA2A48007810B93046E3
:10795000FBF7A2FF45E028495220FBF728FC00284E
:107960003FD100210846FCF7F7F8002023490870B2
:107970004FF4FA70FEF71AF801212846FBF7FCFDD8
:107980001F4920A0FDF762FB00271D48F8F752FCB5
:10799000C7B200241CE01A48005D2B280BD0184801
:1079A000005D2D2807D01648005D2A2803D0144812
:1079B000005D2F2805D1112211491648F8F700FC67
:1079C00004E011220E491448F8F7FAFB601CC4B217
:1079D000BC42E0DB3046FBF75FFFC820FDF7E6FF67
:1079E00000BF044800780128B5D1FCF707F8BDE8CE
:1079F000F08700001F0D0020011C00208D1E0020BC
:107A000050240020524541445F53746F72653A25FB
:107A1000730D0A007124002081240020F0B589B084
:107A200006460C461546FBF7E9FF202101A8F8F7AA
:107A3000E0FB002051490880012051490870304680
:107A4000FBF72AFF00204F49087088E04B48008868
:107A5000A0420FDB00210846FCF77EF800204749D2
:107A600008804749087001204649087000204649AF
:107A7000087079E045495220FBF799FB00286ED148
:107A800000210846FCF768F800203C4908803C4982
:107A900008703D49087001203A4908704FF4FA70A7
:107AA000FDF784FF3A48007810B93A48057010E0B5
:107AB00037480078012804D13748007835490870E4
:107AC00007E033480078022803D134480078314970
:107AD000087001212F480078FBF74EFD3048F8F779
:107AE000A9FB48B92A480078401C294908702D494B
:107AF0002B48F8F7B4FB24E02B48F8F79BFB70B950
:107B000028492748F8F79DFB48B121480078401CD8
:107B10001F49087023492448F8F7A1FB11E02348C6
:107B2000F8F788FB68B91F491F48F8F78AFB40B18E
:107B300017480078401C164908701A491B48F8F786
:107B40008EFB184A1AA101A8FDF790FA01A8F8F7D0
:107B500071FBC7B2394601A8FBF7F0FF04E0094802
:107B6000007801287FF472AF00BF4FF4FA70FDF780
:107B70001DFFFBF743FF09B0F0BD0000C01E002051
:107B8000C21E00208E1E00208D1E0020011C002021
:107B9000250D0020500D00204C0200204D02002039
:107BA000A124002050240020B2240020C32400205F
:107BB0002573200D0A0000002DE9F04107460C4610
:107BC00015461E46DDF81880FBF718FF00204949CE
:107BD00008800120484908703846FBF75DFE002008
:107BE00046490870FBF70DFBFBF7A0F979E0414827
:107BF0000088A0420FDB00210846FBF7ADFF002004
:107C00003C4908803C49087001203C49087000202C
:107C10003B49087069E03B495220FBF7C8FA00284D
:107C20005FD100210846FBF797FF0020314908800B
:107C300031490870324908700120304908704FF40A
:107C40009670FDF7B3FE01212846FBF795FC2E49FF
:107C50002E48F8F7F6FA00BB2D48F8F7EBFA0028A3
:107C60003ED1FBF7CEFAFBF761F926495220FBF72C
:107C70009EFA002834D101213046FBF77DFC2449CF
:107C80002248FDF749FF23480078401C214908702D
:107C90001F4921A0FDF7DAF922E023491B48F8F734
:107CA000D0FAE8B92148F8F7C5FAC8B9FBF7A9FA3C
:107CB000FBF73CF913495220FBF779FA80B901210F
:107CC0004046FBF759FC19491048FDF709FF1148D8
:107CD0000078401C0F490870144915A0FDF7B6F94B
:107CE00003E006480078012881D100BFFBF786FE3B
:107CF000BDE8F081C01E0020C21E00208E1E0020A4
:107D00008D1E0020011C00204E0200205024002067
:107D100071240020250D0020524541445F52464900
:107D200044313A25730D0A005002002081240020BE
:107D3000524541445F52464944323A25730D0A0088
:107D400070B506460C463046FBF7A6FD27E01749FE
:107D50005220FBF72CFA10BB00210846FBF7FCFE73
:107D600000201349087000250EE001201149086029
:107D70006420FDF71BFE00200F49C1F89402642027
:107D8000FDF714FE681CC5B20A2DEEDB0221204669
:107D9000FBF7F2FB4FF4FA70FDF708FE03E007482B
:107DA00000780128D3D100BF70BD0000011C002065
:107DB0008D1E002094824342008043428E1E00208C
:107DC00010B5044604495220FBF7F1F90221204680
:107DD000FBF7D2FB10BD0000011C00202DE9F04193
:107DE000044663792279E178A078074F3E68B0476E
:107DF0000546A57108212046FBF7E4FE3220FDF779
:107E0000D5FDBDE8F08100007403002010B50446E4
:107E10002046FCF725FC10BD10B505210148FCF7F4
:107E20002FFC10BD441700202DE9FC4104460D46EF
:107E30000020009001902B4903C9CDE90001012CDD
:107E400003D10B208DF801000AE0022C03D1082099
:107E50008DF8010004E0032C02D112208DF80100FE
:107E600050208DF8020000208DF80300642095FB5F
:107E7000F0F00A2190FBF1F201FB1200C0B28DF884
:107E800004000A2095FBF0F100FB115195FBF0F086
:107E90000A2290FBF2F302FB130001EB0010C0B2C8
:107EA0008DF805009DF805309DF804209DF803101D
:107EB0009DF80200DFF830C0DCF80070B8470646D5
:107EC0008DF80660002708E008216846FBF77AFE77
:107ED0006420FDF76BFD781CC7B2032FF4DBBDE80F
:107EE000FC810000940E0020740300202DE9FC4169
:107EF00004460D46002000900190204903C9CDE9B9
:107F00000001012C03D10B208DF801000AE0022CA6
:107F100003D108208DF8010004E0032C02D11220C7
:107F20008DF8010040208DF8020028788DF80300BC
:107F300068788DF80400A8788DF805009DF8053064
:107F40009DF804209DF803109DF80200DFF830C072
:107F5000DCF80070B84706468DF80660002708E098
:107F600008216846FBF72EFE6420FDF71FFD781CF4
:107F7000C7B2032FF4DBBDE8FC810000940E0020A3
:107F8000740300202DE9FC4104460E461E4903C936
:107F9000CDE90001012C03D10B208DF801000AE08E
:107FA000022C03D108208DF8010004E0032C02D13B
:107FB00012208DF8010010208DF8020000208DF8AD
:107FC00003008DF804608DF803009DF805309DF8DE
:107FD00004209DF803109DF80200DFF830C0DCF8A3
:107FE0000070B84705468DF80650002708E00821C4
:107FF0006846FBF7E7FD6420FDF7D8FC781CC7B2A4
:10800000032FF4DBBDE8FC81940E002074030020F4
:108010002DE9FC4104460D460020009001902149C5
:1080200003C9CDE90001012C03D10B208DF801001B
:108030000AE0022C03D108208DF8010004E0032C93
:1080400002D112208DF8010010208DF80200012DC0
:1080500004D0022D06D0032D0CD107E001208DF8AD
:10806000030000BF02208DF8030000BF03208DF83D
:10807000030000BF00BF00BF9DF805309DF804203D
:108080009DF803109DF80200DFF81CC0DCF80070BA
:10809000B84706468DF8066008216846FBF792FD52
:1080A000BDE8FC81940E0020740300202DE9FC4102
:1080B00005460C46002000900190364903C9CDE9E1
:1080C0000001012D03D10B208DF801000AE0022DE3
:1080D00003D108208DF8010004E0032D02D1122005
:1080E0008DF8010020208DF8020020788DF8030023
:1080F00060788DF80400A0788DF805009DF80530B3
:108100009DF804209DF803109DF80200DFF888C058
:10811000DCF80070B84706468DF80660002708E0D6
:1081200008216846FBF74EFD6420FDF73FFC781CF4
:10813000C7B2032FF4DB4FF49670FDF737FC212014
:108140008DF80200E0788DF8030020798DF80400A6
:1081500060798DF805009DF805309DF804209DF8A4
:1081600003109DF80200DFF830C0DCF80070B8475B
:1081700006468DF80660002708E008216846FBF7F0
:1081800021FD6420FDF712FC781CC7B2032FF4DB3D
:10819000BDE8FC81940E0020740300202DE9FC4111
:1081A00004460E46002000900190264903C9CDE9FF
:1081B0000001012C03D10B208DF801000AE0022CF4
:1081C00003D108208DF8010004E0032C02D1122015
:1081D0008DF8010030208DF80200012E04D0022E0F
:1081E00006D0032E0CD107E000208DF8030000BF5D
:1081F00001208DF8030000BF02208DF8030000BFAE
:1082000000BF00BF9DF805309DF804209DF80310C5
:108210009DF80200DFF830C0DCF80070B847054672
:108220008DF80650002708E008216846FBF7CAFCD5
:108230006420FDF7BBFB781CC7B2032FF4DBBDE85D
:10824000FC810000940E0020740300202DE9FC4105
:1082500004460D46002000900190294903C9CDE94C
:108260000001012C03D10B208DF801000AE0022C43
:1082700003D108208DF8010004E0032C02D1122064
:108280008DF8010060208DF80200072D1DD2DFE877
:1082900005F01C04080C1014180001208DF80300D0
:1082A00014E002208DF8030010E003208DF8030095
:1082B0000CE004208DF8030008E005208DF8030091
:1082C00004E006208DF8030000E000BF00BF9DF829
:1082D00005309DF804209DF803109DF80200DFF89A
:1082E00024C0DCF80070B84706468DF80660082107
:1082F0006846FBF767FC6420FDF758FBBDE8FC818E
:10830000940E0020740300202DE9FC410446002057
:108310003D49087048703D49487000900190002523
:108320003B4903C9CDE90001012C03D10E208DF892
:10833000010004E0022C02D10F208DF80100012081
:108340008DF802009DF805309DF804209DF803107B
:108350009DF80200DFF8BCC0DCF80070B8470646A4
:108360008DF80660012C15D10FE008216846FBF757
:1083700029FCC820FDF71AFB681CC5B20F2D04DDCF
:10838000002500202049087003E01F4800780028DD
:10839000EBD017E0022C15D10FE008216846FBF75F
:1083A00011FCC820FDF702FB681CC5B20F2D04DDCF
:1083B000002500201449487003E013484078002845
:1083C000EBD000BF00201049087048704FF4FA70DD
:1083D000FDF7ECFA4FF4FA70FDF7E8FA0B48016983
:1083E0000D4888474FF4FA70FDF7E0FA0748016935
:1083F000094888474FF4FA70FDF7D8FA0348016935
:1084000005488847BDE8FC81462400206C06002012
:10841000C80F002074030020AE0600202DE9FC41A7
:1084200004460E46224903C9CDE90001012C03D1BF
:108430000E208DF8010004E0022C02D10F208DF8EF
:10844000010002208DF80200012E04D0022E06D079
:10845000032E0CD107E001208DF8030008E0022074
:108460008DF8030004E003208DF8030000E000BF56
:1084700000BF9DF805309DF804209DF803109DF87D
:108480000200DFF830C0DCF80070B84705468DF810
:108490000650002708E008216846FBF793FBC82038
:1084A000FDF784FA781CC7B2032FF4DBBDE8FC812A
:1084B000C80F0020740300202DE9FC410446002071
:1084C000009001902A4801680091406801901020B6
:1084D0008DF8020020788DF8030060788DF8040094
:1084E000A0788DF805009DF805309DF804209DF8D2
:1084F00003109DF802001F4F3E68B04705468DF8F7
:108500000650002608E008216846FBF75BFB642064
:10851000FDF74CFA701CC6B2032EF4DB11208DF867
:108520000200E0788DF8030020798DF8040060796E
:108530008DF805009DF805309DF804209DF8031086
:108540009DF802000B4F3E68B04705468DF8065077
:10855000002608E008216846FBF734FB6420FDF79D
:1085600025FA701CC6B2032EF4DBBDE8FC810000C6
:108570000E1600207403002010B500240CE00B48F8
:10858000C1680B488847601CC4B24FF49670FDF771
:108590000DFA052C00DB03E0044880780028EED0BB
:1085A00000BF00200149887010BD0000D0040020E9
:1085B000050500201FB501210846FBF7B9F84FF06B
:1085C0008040FBF730FD0020ADF80C00ADF8060050
:1085D00040F2E7300290A720ADF8040000208DF8AB
:1085E0000E0001A94FF08040FBF724FD0122114647
:1085F0009007FBF70FFD4FF4A060FAF719FC1C2061
:108600008DF8000001208DF8030002208DF8010094
:1086100000208DF802006846FAF7CEFB012188079A
:10862000FBF7DBFC1FBD00001FB501210220FBF79B
:108630007FF81848FBF7F7FC0020ADF80C00ADF808
:10864000060040F2E7300290A720ADF804000020B9
:108650008DF80E0001A90F48FBF7ECFC0122114632
:108660000C48FBF7D7FC4FF4A060FAF7E1FB1D20A4
:108670008DF8000001208DF803008DF801008DF8C1
:1086800002006846FAF798FB01210248FBF7A5FCB7
:108690001FBD00000004004028B1012807D10121BE
:1086A000044A117004E00021024A117000E000BF8A
:1086B00000BF7047A20300207CB504460020009054
:1086C0000190204903C9CDE9000113208DF8010074
:1086D000092C26D2DFE804F02505090D1115191D16
:1086E000210001208DF802001CE002208DF802001C
:1086F00018E003208DF8020014E004208DF8020039
:1087000010E005208DF802000CE006208DF8020034
:1087100008E007208DF8020004E008208DF8020030
:1087200000E000BF00BF002508E006216846FAF718
:1087300097FA6420FDF73AF9681CC5B2032DF4DB03
:108740007CBD00004C1200207CB505462846F7F79A
:1087500071FD86B2FF208DF8000031208DF80100F8
:10876000002433E0285D00F0800090B1285D8DF892
:108770000200601C84B2285D8DF80300B01EA04288
:1087800003DA55208DF8040013E000208DF8040072
:108790000FE0285D8DF8020000208DF80300B01E68
:1087A000A04203DA55208DF8040002E000208DF885
:1087B000040000208DF8050006216846FAF750FAFB
:1087C0004FF4FA70FDF7F2F8601C84B2B442C9DBD2
:1087D0007CBD00007CB50446002000900190124949
:1087E00003C9CDE9000132208DF80100012C02D02F
:1087F000022C08D103E001208DF8020004E00220E1
:108800008DF8020000E000BF00BF002508E006214F
:108810006846FAF725FA6420FDF7C8F8681CC5B267
:10882000032DF4DB7CBD00004C1200201CB50020A1
:10883000009001900B4903C9CDE9000116208DF885
:10884000010001208DF80200002408E0062168469E
:10885000FAF706FA6420FDF7A9F8601CC4B2032CED
:10886000F4DB1CBD4C1200207CB5044600200090B7
:108870000190144903C9CDE9000111208DF80100D0
:108880000A2094FBF0F00A2190FBF1F201FB1200A8
:10889000C0B28DF802000A2094FBF0F100FB1140F9
:1088A000C0B28DF80300002508E006216846FAF7FB
:1088B000D7F96420FDF77AF8681CC5B2032DF4DB04
:1088C0007CBD00004C1200207CB5044600200090C6
:1088D0000190194903C9CDE9000112208DF801006A
:1088E000062C18D2DFE804F01703070B0F13012042
:1088F0008DF8020010E002208DF802000CE0032049
:108900008DF8020008E004208DF8020004E0052044
:108910008DF8020000E000BF00BF002508E006213E
:108920006846FAF79DF96420FDF740F8681CC5B267
:10893000032DF4DB7CBD00004C1200202DE9FC412E
:1089400004460D4616460020009001900F4903C9C9
:10895000CDE9000117208DF8010001208DF80200FB
:108960008DF803408DF804508DF80560002708E06D
:1089700006216846FAF774F96420FDF717F8781CA9
:10898000C7B2032FF4DBBDE8FC8100004C120020CD
:108990007CB504460020009001901B4903C9CDE935
:1089A000000114208DF80100072C1DD2DFE804F02F
:1089B0001C04080C1014180001208DF8020014E0AB
:1089C00002208DF8020010E003208DF802000CE078
:1089D00004208DF8020008E005208DF8020004E074
:1089E00006208DF8020000E000BF00BF002508E06F
:1089F00006216846FAF734F96420FCF7D7FF681CB3
:108A0000C5B2032DF4DB7CBD4C1200207CB50446BE
:108A10000020009001901B4903C9CDE900011520F9
:108A20008DF80100072C1DD2DFE804F01C04080CAF
:108A30001014180001208DF8020014E002208DF8B7
:108A4000020010E003208DF802000CE004208DF8F5
:108A5000020008E005208DF8020004E006208DF8F1
:108A6000020000E000BF00BF002508E006216846C4
:108A7000FAF7F6F86420FCF799FF681CC5B2032DDD
:108A8000F4DB7CBD4C1200202DE9FC4104460D4670
:108A900016460020009001901D4903C9CDE9000150
:108AA00020208DF8010020788DF8020060788DF884
:108AB0000300A0788DF80400E0788DF80500002709
:108AC00008E006216846FAF7CBF86420FCF76EFF51
:108AD000781CC7B2032FF4DB10208DF80100207939
:108AE0008DF8020060798DF803008DF804508DF840
:108AF0000560002708E006216846FAF7B1F864200F
:108B0000FCF754FF781CC7B2032FF4DBBDE8FC81EF
:108B10004C1200202DE9FC410446002000900190F9
:108B2000224903C9CDE9000110208DF80200072C6D
:108B30001DD2DFE804F01C04080C101418000120FA
:108B40008DF8030014E002208DF8030010E00320EC
:108B50008DF803000CE004208DF8030008E00520E8
:108B60008DF8030004E006208DF8030000E000BF4C
:108B700000BF9DF805309DF804209DF803109DF876
:108B800002000B4F3E68B04705468DF806500026A0
:108B900008E008216846FBF715F86420FCF706FF9B
:108BA000701CC6B2032EF4DBBDE8FC81A8130020C4
:108BB0007403002038B5044600200090FD208DF895
:108BC000000000208DF8010001208DF80200012C2A
:108BD00004D0022C06D0032C0CD107E002208DF823
:108BE000030008E002208DF8030004E004208DF863
:108BF000030000E000BF00BF002508E00421684634
:108C0000FAF7E0FF6420FCF7D1FE681CC5B2032D23
:108C1000F4DB38BD2DE9FC410020009001900024D8
:108C2000174903C9CDE9000131208DF80200012068
:108C30008DF803009DF805309DF804209DF8031081
:108C40009DF802000F4F3E68B04705468DF806506C
:108C50000DE008216846FAF7B5FF6420FCF7A6FE90
:108C6000601CC4B2192C02DD0020BDE8FC8106485E
:108C7000C0780128EDD100200349C8700120F4E735
:108C8000A813002074030020462400202DE9FC4195
:108C90000020009001900024174903C9CDE900018C
:108CA00041208DF8020001208DF803009DF8053069
:108CB0009DF804209DF803109DF802000F4F3E68B8
:108CC000B04705468DF806500DE008216846FAF7D2
:108CD00079FF6420FCF76AFE601CC4B2192C02DD27
:108CE0000020BDE8FC810648C0780228EDD10020B4
:108CF0000349C8700120F4E7A81300207403002082
:108D0000462400202DE9FC41002000900190002421
:108D1000164903C9CDE9000143208DF802009DF8F2
:108D200005309DF804209DF803109DF80200104FB7
:108D30003E68B04705468DF806500DE008216846AC
:108D4000FAF740FF6420FCF731FE601CC4B2192C16
:108D500002DD0020BDE8FC810648C0780328EDD183
:108D600000200449C8700120F4E70000A813002087
:108D700074030020462400207CB500200090019060
:108D8000124903C9CDE9000120208DF8020001201D
:108D90008DF803009DF805309DF804209DF8031020
:108DA0009DF802000A4E3468A04705468DF806502B
:108DB000002408E008216846FAF704FF6420FCF765
:108DC000F5FD601CC4B2032CF4DB7CBDA8130020AD
:108DD000740300202DE9FC4104460D461646002090
:108DE00000900190154903C9CDE9000130208DF8AC
:108DF00002008DF803408DF804508DF805609DF851
:108E000005309DF804209DF803109DF80200DFF85E
:108E100030C0DCF80070B84780468DF80680002727
:108E200008E008216846FAF7CDFE6420FCF7BEFD95
:108E3000781CC7B2032FF4DBBDE8FC81A813002027
:108E4000740300202DE9FC4104460D46164600201F
:108E500000900190154903C9CDE9000140208DF82B
:108E600002008DF803408DF804508DF805609DF8E0
:108E700005309DF804209DF803109DF80200DFF8EE
:108E800030C0DCF80070B84780468DF806800027B7
:108E900008E008216846FAF795FE6420FCF786FD95
:108EA000781CC7B2032FF4DBBDE8FC81A8130020B7
:108EB000740300207CB505462846F7F7BBF984B259
:108EC000002000900190FD208DF80000A01C000AF9
:108ED0008DF80100A01CC0B28DF8020001208DF8B1
:108EE000030000208DF8040005216846FAF76AFEA9
:108EF000E1B22846FAF766FE6420FCF757FD7CBD18
:108F00002DE9FC4104460E460020009001902549C1
:108F100003C9CDE9000142208DF80200072C1DD2C3
:108F2000DFE804F01C04080C1014180000208DF871
:108F3000030014E001208DF8030010E002208DF8FA
:108F400003000CE003208DF8030008E004208DF8F6
:108F5000030004E005208DF8030000E000BF00BF1F
:108F60008DF804609DF805309DF804209DF80310ED
:108F70009DF80200DFF830C0DCF80070B847054605
:108F80008DF80650002708E008216846FAF71AFE17
:108F90006420FCF70BFD781CC7B2032FF4DBBDE89F
:108FA000FC810000A81300207403002010B54FF4CA
:108FB000FA70FCF7FBFC0A4A1278121DD0B2094A7B
:108FC000516888474FF4FA70FCF7F0FC4FF4FA70E0
:108FD000FCF7ECFC4FF4FA70FCF7E8FC10BD000065
:108FE000701300203417002010B54FF4FA70FCF70E
:108FF000DDFC25484168012088474FF4FA70FCF7F2
:10900000D5FC4FF4FA70FCF7D1FC4FF4FA70FCF782
:10901000CDFC1E4840780A2190FBF1F03030C4B2FC
:1090200019484168204688474FF49670FCF7BEFC0B
:1090300015484168022088474FF49670FCF7B6FC4B
:10904000124840780A2190FBF1F201FB1200303007
:10905000C4B20D484168204688474FF49670FCF72B
:10906000A5FC0948416803208847002409E04FF423
:10907000FA70FCF79BFC4FF4FA70FCF797FC601C4D
:10908000C4B2032CF3DB10BD341700207013002092
:109090002DE9FC410446002000900190164903C9C7
:1090A000CDE9000102208DF8020020788DF8030040
:1090B00060788DF80400A0788DF805009DF80530E3
:1090C0009DF804209DF803109DF802000B4F3D68A9
:1090D000A84706468DF80660002508E00821684686
:1090E000FAF770FD6420FCF761FC681CC5B2032D23
:1090F000F4DBBDE8FC810000D814002074030020DC
:109100002DE9FC410446002000900190164903C956
:10911000CDE9000103208DF8020020788DF80300CE
:1091200060788DF80400A0788DF805009DF8053072
:109130009DF804209DF803109DF802000B4F3D6838
:10914000A84706468DF80660002508E00821684615
:10915000FAF738FD6420FCF729FC681CC5B2032D22
:10916000F4DBBDE8FC810000D8140020740300206B
:109170002DE9FC410446002000900190164903C9E6
:10918000CDE9000101208DF80200012C02D18DF8FB
:10919000030004E0022C02D102208DF803009DF8A8
:1091A00005309DF804209DF803109DF802000B4F38
:1091B0003E68B04705468DF80650002608E00821B5
:1091C0006846FAF7FFFC6420FCF7F0FB701CC6B29F
:1091D000032EF4DBBDE8FC81D814002074030020CA
:1091E00010B53948007801286AD1384800785528E8
:1091F00066D136484078012812D134488078092851
:109200000CD2DFE800F00B050607080B0B090A007B
:1092100005E004E003E002E001E000E000BF4FE011
:109220002A484078022835D12848807808282FD24B
:10923000DFE800F02E040A10161C22280120244921
:10924000087000F047F824E002202149087000F07F
:1092500041F81EE003201E49087000F03BF818E0BA
:1092600004201B49087000F035F812E00520184969
:10927000087000F02FF80CE006201549087000F087
:1092800029F806E007201249087000F023F800E0F2
:1092900000BF15E00D484078032811D10B488078B5
:1092A00007280BD2DFE800F00A04050607080900CA
:1092B00005E004E003E002E001E000E000BF00BFE1
:1092C00000200149087010BD1D1C0020151C002045
:1092D000491700207CB50446002000900190AF2083
:1092E0008DF8000006208DF801008DF80240022064
:1092F0008DF8030000208DF804008DF80500012092
:109300008DF80600BB208DF80700002508E0082135
:109310006846FAF757FC6420FCF748FB681CC5B2A6
:10932000032DF4DB4FF49670FCF740FB7CBD00008E
:10933000010000000200000004000000080000001E
:10934000100000002000000040000000800000002D
:1093500000010000000200000004000000080000FE
:10936000001000000020000000400000008000000D
:1093700000000100000002000000040000000800DE
:1093800000001000000020000000400000008000ED
:1093900000000001000000020000000400000008BE
:1093A00000000010000000200000004000000080CD
:1093B000FEFFFFFFFDFFFFFFFBFFFFFFF7FFFFFFCC
:1093C000EFFFFFFFDFFFFFFFBFFFFFFF7FFFFFFF9D
:1093D000FFFEFFFFFFFDFFFFFFFBFFFFFFF7FFFFAC
:1093E000FFEFFFFFFFDFFFFFFFBFFFFFFF7FFFFF7D
:1093F000FFFFFEFFFFFFFEFFFFFFFBFFFFFFF7FF8B
:10940000FFFFEFFFFFFFDFFFFFFFBFFFFFFF7FFF5C
:10941000FFFFFFFEFFFFFFFDFFFFFFFBFFFFFFF76B
:10942000FFFFFFEFFFFFFFDFFFFFFFBFFFFFFF7F3C
:109430000008040C020A060E0109050D030B070FB4
:10944000303132333435363738394142434445467A
:109450000000000074940008000000205821000063
:109460007C0800083098000858210020C80C000033
:10947000A4500008102200FF0CF300FF18E700FFC3
:109480005EA103051445DE92673478A2FD27FF1420
:1094900001000000FF14020610045503010D130221
:1094A000BB08110F120308422008130403182204FA
:1094B000085200101118200505BB550E3C1201087A
:1094C0003302011830040E02022830040E02032079
:1094D000520F20520F20520F20520F20520D705267
:1094E0000D7030040D01034040040D01042051585B
:1094F000520D585205305205305205305205305247
:109500000530520588130B10B822110811B0500510
:1095100012BB550AE0200702A0A100004108A007E5
:10952000A2000042BB000105FF2805182814085AB4
:10953000004A0100020902123002152C0404FFA1A6
:10954000B2C3300519301006C9710008E5041012C5
:10955000B585000829860008CD67000881740008D9
:1095600065041006F9660008991411E8380402042D
:10957000087A0809FFB8BBC7BFC3F1D6F78C0D2E18
:10958000B4031406DD7D000879641006794F0008E5
:109590000904BC0DD54C0008C14D0008594E000807
:1095A000DC031DF903253A2D010442020843A1A260
:1095B0000843A2A3082107210852A40852A510526B
:1095C0000118257307FF00BB9C0D2950051577D79F
:1095D000357488011F015755FF7146FF71500455BE
:1095E000FF030852040852050852060852070852A1
:1095F0000808520908521048392906FFBBB60D2049
:10960000520305FF22051A221C0C9001EE027C0178
:109610005A5A28002C0A031C0A0D690008416B00E5
:109620000889D80512410412110C1F6968800411C1
:1096300004123508129D0412692412ED1805FF5812
:109640000D1958083C04010302D703100AA16F004A
:109650000819700008C9040FFF550CB2030D1F90C4
:1096600009575504241DE708080BFF71720008A173
:10967000730008FD726C051B34EC09413142324322
:10968000334434720622C8DE510C1C13797600086C
:10969000DD770008317900081D7A0008B97BE803FE
:1096A0001D640812C1041EB9BC094F9975580807FA
:1096B000FF40946C0D1CD8031D070E1F857F1805F5
:1096C0001005800008AD041F9D810C051E7E0C0B4B
:1096D00011041F4D82E4030EFF00E4030522442120
:1096E000F118040009838C06FF84340D23E4031E63
:1096F0000D1D0A1C07296D0008216CC8030406FF14
:109700006E00080D6E380D23B00E1F898AB0081E3A
:1097100088800711041EB9B00E1791893C111412EC
:109720002D10123D0C1006D587000849040EFFFFCE
:10973000A00E0D28A00E1F158B9C0E168D3C11043B
:10974000100A458E0008158C00088D041006018F44
:109750000008051812B51412B52412AD1012E90450
:109760000BFF5506A8091FA81B71919C1690441168
:109770000807FF550A300D23DA0D1F393DD4031DAC
:1097800040065C096159625A8D8D55073A0A0DFFF2
:10979000C4030D1A2C0A1E19AC081E0DAC081AE1E0
:1097A000701006D5920008FA010FFFA1002E160DC9
:1097B00035061205FF350D28851105FF210D21F80D
:1097C00015100A10014000440040004804124C04E7
:1097D00012500405FF380D20DE1391019D92031EE7
:1097E000FD87186DFE0ECE00E70405FF540D24849E
:1097F000181DA80D2204040405FF06070809340DEE
:109800003316060D251B1805FF5C0D2E7207100A76
:10981000C003E0078002E007A0041007E000E007B3
:109820000001081104ADA21906FF30580936B40032
:040000050800018965
:00000001FF
